ISO-10303-21;
HEADER;
FILE_DESCRIPTION(('FreeCAD Model'),'2;1');
FILE_NAME('Open CASCADE Shape Model','2026-07-25T12:43:38',('Author'),(
    ''),'Open CASCADE STEP processor 7.8','FreeCAD','Unknown');
FILE_SCHEMA(('AUTOMOTIVE_DESIGN { 1 0 10303 214 1 1 1 1 }'));
ENDSEC;
DATA;
#1 = APPLICATION_PROTOCOL_DEFINITION('international standard',
  'automotive_design',2000,#2);
#2 = APPLICATION_CONTEXT(
  'core data for automotive mechanical design processes');
#3 = SHAPE_DEFINITION_REPRESENTATION(#4,#10);
#4 = PRODUCT_DEFINITION_SHAPE('','',#5);
#5 = PRODUCT_DEFINITION('design','',#6,#9);
#6 = PRODUCT_DEFINITION_FORMATION('','',#7);
#7 = PRODUCT('Body','Body','',(#8));
#8 = PRODUCT_CONTEXT('',#2,'mechanical');
#9 = PRODUCT_DEFINITION_CONTEXT('part definition',#2,'design');
#10 = ADVANCED_BREP_SHAPE_REPRESENTATION('',(#11,#15),#5475);
#11 = AXIS2_PLACEMENT_3D('',#12,#13,#14);
#12 = CARTESIAN_POINT('',(0.,0.,0.));
#13 = DIRECTION('',(0.,0.,1.));
#14 = DIRECTION('',(1.,0.,-0.));
#15 = MANIFOLD_SOLID_BREP('',#16);
#16 = CLOSED_SHELL('',(#17,#73,#104,#144,#454,#501,#525,#558,#606,#662,
    #711,#763,#798,#833,#869,#935,#1166,#1455,#1496,#1527,#1572,#1617,
    #1634,#1713,#1737,#1761,#1785,#1809,#1833,#1891,#1949,#1973,#1999,
    #2016,#2042,#2073,#2122,#2139,#2151,#2168,#2192,#2216,#2274,#2291,
    #2306,#2355,#2431,#2528,#2542,#2574,#2598,#2622,#2647,#2672,#2748,
    #2772,#2834,#2858,#2913,#2930,#2994,#3018,#3075,#3092,#3156,#3173,
    #3197,#3263,#3287,#3344,#3361,#3378,#3446,#3470,#3529,#3546,#3564,
    #3626,#3650,#3674,#3691,#3760,#3784,#3856,#3887,#3911,#3935,#3952,
    #3986,#4017,#4041,#4065,#4082,#4114,#4144,#4161,#4306,#4324,#4374,
    #4402,#4416,#4455,#4591,#4632,#4665,#4696,#4720,#4744,#4761,#4806,
    #4859,#4873,#4903,#4920,#4932,#4968,#4980,#4998,#5009,#5042,#5066,
    #5090,#5118,#5142,#5167,#5209,#5265,#5291,#5340,#5357,#5369,#5381,
    #5394,#5412,#5429,#5446,#5463));
#17 = ADVANCED_FACE('',(#18),#68,.F.);
#18 = FACE_BOUND('',#19,.F.);
#19 = EDGE_LOOP('',(#20,#30,#38,#46,#54,#62));
#20 = ORIENTED_EDGE('',*,*,#21,.F.);
#21 = EDGE_CURVE('',#22,#24,#26,.T.);
#22 = VERTEX_POINT('',#23);
#23 = CARTESIAN_POINT('',(-6.236742,-4.95,62.697723712475));
#24 = VERTEX_POINT('',#25);
#25 = CARTESIAN_POINT('',(-6.236742,-4.95,38.759285));
#26 = LINE('',#27,#28);
#27 = CARTESIAN_POINT('',(-6.236742,-4.95,62.697723712475));
#28 = VECTOR('',#29,1.);
#29 = DIRECTION('',(0.,0.,-1.));
#30 = ORIENTED_EDGE('',*,*,#31,.T.);
#31 = EDGE_CURVE('',#22,#32,#34,.T.);
#32 = VERTEX_POINT('',#33);
#33 = CARTESIAN_POINT('',(-6.236742,-4.700429,62.697723712475));
#34 = LINE('',#35,#36);
#35 = CARTESIAN_POINT('',(-6.236742,-4.95,62.697723712475));
#36 = VECTOR('',#37,1.);
#37 = DIRECTION('',(0.,1.,-2.2E-16));
#38 = ORIENTED_EDGE('',*,*,#39,.T.);
#39 = EDGE_CURVE('',#32,#40,#42,.T.);
#40 = VERTEX_POINT('',#41);
#41 = CARTESIAN_POINT('',(-6.236742,-4.700429,56.697723712475));
#42 = LINE('',#43,#44);
#43 = CARTESIAN_POINT('',(-6.236742,-4.700429,62.697723712475));
#44 = VECTOR('',#45,1.);
#45 = DIRECTION('',(0.,0.,-1.));
#46 = ORIENTED_EDGE('',*,*,#47,.T.);
#47 = EDGE_CURVE('',#40,#48,#50,.T.);
#48 = VERTEX_POINT('',#49);
#49 = CARTESIAN_POINT('',(-6.236742,-3.75,56.697723712475));
#50 = LINE('',#51,#52);
#51 = CARTESIAN_POINT('',(-6.236742,-4.57481575,56.697723712475));
#52 = VECTOR('',#53,1.);
#53 = DIRECTION('',(0.,1.,0.));
#54 = ORIENTED_EDGE('',*,*,#55,.F.);
#55 = EDGE_CURVE('',#56,#48,#58,.T.);
#56 = VERTEX_POINT('',#57);
#57 = CARTESIAN_POINT('',(-6.236742,-3.75,38.759285));
#58 = LINE('',#59,#60);
#59 = CARTESIAN_POINT('',(-6.236742,-3.75,31.348861856237));
#60 = VECTOR('',#61,1.);
#61 = DIRECTION('',(0.,0.,1.));
#62 = ORIENTED_EDGE('',*,*,#63,.F.);
#63 = EDGE_CURVE('',#24,#56,#64,.T.);
#64 = LINE('',#65,#66);
#65 = CARTESIAN_POINT('',(-6.236742,-4.35,38.759285));
#66 = VECTOR('',#67,1.);
#67 = DIRECTION('',(0.,1.,-2.2E-16));
#68 = PLANE('',#69);
#69 = AXIS2_PLACEMENT_3D('',#70,#71,#72);
#70 = CARTESIAN_POINT('',(-6.236742,-4.95,62.697723712475));
#71 = DIRECTION('',(-1.,0.,0.));
#72 = DIRECTION('',(-0.,-2.2E-16,-1.));
#73 = ADVANCED_FACE('',(#74),#99,.T.);
#74 = FACE_BOUND('',#75,.T.);
#75 = EDGE_LOOP('',(#76,#84,#85,#93));
#76 = ORIENTED_EDGE('',*,*,#77,.F.);
#77 = EDGE_CURVE('',#24,#78,#80,.T.);
#78 = VERTEX_POINT('',#79);
#79 = CARTESIAN_POINT('',(-6.228374,-4.95,38.759285));
#80 = LINE('',#81,#82);
#81 = CARTESIAN_POINT('',(2.3859265,-4.95,38.759285));
#82 = VECTOR('',#83,1.);
#83 = DIRECTION('',(1.,0.,0.));
#84 = ORIENTED_EDGE('',*,*,#21,.F.);
#85 = ORIENTED_EDGE('',*,*,#86,.F.);
#86 = EDGE_CURVE('',#87,#22,#89,.T.);
#87 = VERTEX_POINT('',#88);
#88 = CARTESIAN_POINT('',(-6.228374,-4.95,62.697723712475));
#89 = LINE('',#90,#91);
#90 = CARTESIAN_POINT('',(28.325137,-4.95,62.697723712475));
#91 = VECTOR('',#92,1.);
#92 = DIRECTION('',(-1.,0.,0.));
#93 = ORIENTED_EDGE('',*,*,#94,.F.);
#94 = EDGE_CURVE('',#78,#87,#95,.T.);
#95 = LINE('',#96,#97);
#96 = CARTESIAN_POINT('',(-6.228374,-4.95,38.704821));
#97 = VECTOR('',#98,1.);
#98 = DIRECTION('',(0.,0.,1.));
#99 = PLANE('',#100);
#100 = AXIS2_PLACEMENT_3D('',#101,#102,#103);
#101 = CARTESIAN_POINT('',(11.055212,-4.95,50.50606963334));
#102 = DIRECTION('',(0.,1.,0.));
#103 = DIRECTION('',(0.,0.,1.));
#104 = ADVANCED_FACE('',(#105),#139,.F.);
#105 = FACE_BOUND('',#106,.F.);
#106 = EDGE_LOOP('',(#107,#115,#123,#131,#137,#138));
#107 = ORIENTED_EDGE('',*,*,#108,.F.);
#108 = EDGE_CURVE('',#109,#56,#111,.T.);
#109 = VERTEX_POINT('',#110);
#110 = CARTESIAN_POINT('',(-6.283359,-3.75,38.759285));
#111 = LINE('',#112,#113);
#112 = CARTESIAN_POINT('',(-6.283359,-3.75,38.759285));
#113 = VECTOR('',#114,1.);
#114 = DIRECTION('',(1.,0.,0.));
#115 = ORIENTED_EDGE('',*,*,#116,.T.);
#116 = EDGE_CURVE('',#109,#117,#119,.T.);
#117 = VERTEX_POINT('',#118);
#118 = CARTESIAN_POINT('',(-6.283359,-5.75,38.759285));
#119 = LINE('',#120,#121);
#120 = CARTESIAN_POINT('',(-6.283359,-3.75,38.759285));
#121 = VECTOR('',#122,1.);
#122 = DIRECTION('',(0.,-1.,2.2E-16));
#123 = ORIENTED_EDGE('',*,*,#124,.T.);
#124 = EDGE_CURVE('',#117,#125,#127,.T.);
#125 = VERTEX_POINT('',#126);
#126 = CARTESIAN_POINT('',(-6.228374,-5.75,38.759285));
#127 = LINE('',#128,#129);
#128 = CARTESIAN_POINT('',(-6.283359,-5.75,38.759285));
#129 = VECTOR('',#130,1.);
#130 = DIRECTION('',(1.,0.,0.));
#131 = ORIENTED_EDGE('',*,*,#132,.T.);
#132 = EDGE_CURVE('',#125,#78,#133,.T.);
#133 = LINE('',#134,#135);
#134 = CARTESIAN_POINT('',(-6.228374,-4.35,38.759285));
#135 = VECTOR('',#136,1.);
#136 = DIRECTION('',(0.,1.,-2.2E-16));
#137 = ORIENTED_EDGE('',*,*,#77,.F.);
#138 = ORIENTED_EDGE('',*,*,#63,.T.);
#139 = PLANE('',#140);
#140 = AXIS2_PLACEMENT_3D('',#141,#142,#143);
#141 = CARTESIAN_POINT('',(-6.283359,-3.75,38.759285));
#142 = DIRECTION('',(0.,2.2E-16,1.));
#143 = DIRECTION('',(1.,0.,0.));
#144 = ADVANCED_FACE('',(#145,#215,#287),#449,.T.);
#145 = FACE_BOUND('',#146,.T.);
#146 = EDGE_LOOP('',(#147,#158,#166,#175,#183,#192,#200,#209));
#147 = ORIENTED_EDGE('',*,*,#148,.F.);
#148 = EDGE_CURVE('',#149,#151,#153,.T.);
#149 = VERTEX_POINT('',#150);
#150 = CARTESIAN_POINT('',(-23.45,-3.75,65.5));
#151 = VERTEX_POINT('',#152);
#152 = CARTESIAN_POINT('',(-29.95,-3.75,59.));
#153 = CIRCLE('',#154,6.5);
#154 = AXIS2_PLACEMENT_3D('',#155,#156,#157);
#155 = CARTESIAN_POINT('',(-23.45,-3.75,59.));
#156 = DIRECTION('',(-0.,-1.,0.));
#157 = DIRECTION('',(-6.41E-15,0.,1.));
#158 = ORIENTED_EDGE('',*,*,#159,.F.);
#159 = EDGE_CURVE('',#160,#149,#162,.T.);
#160 = VERTEX_POINT('',#161);
#161 = CARTESIAN_POINT('',(23.45,-3.75,65.5));
#162 = LINE('',#163,#164);
#163 = CARTESIAN_POINT('',(23.45,-3.75,65.5));
#164 = VECTOR('',#165,1.);
#165 = DIRECTION('',(-1.,-0.,-0.));
#166 = ORIENTED_EDGE('',*,*,#167,.F.);
#167 = EDGE_CURVE('',#168,#160,#170,.T.);
#168 = VERTEX_POINT('',#169);
#169 = CARTESIAN_POINT('',(29.95,-3.75,59.));
#170 = CIRCLE('',#171,6.5);
#171 = AXIS2_PLACEMENT_3D('',#172,#173,#174);
#172 = CARTESIAN_POINT('',(23.45,-3.75,59.));
#173 = DIRECTION('',(0.,-1.,0.));
#174 = DIRECTION('',(1.,0.,6.41E-15));
#175 = ORIENTED_EDGE('',*,*,#176,.F.);
#176 = EDGE_CURVE('',#177,#168,#179,.T.);
#177 = VERTEX_POINT('',#178);
#178 = CARTESIAN_POINT('',(29.95,-3.75,-59.));
#179 = LINE('',#180,#181);
#180 = CARTESIAN_POINT('',(29.95,-3.75,-59.));
#181 = VECTOR('',#182,1.);
#182 = DIRECTION('',(0.,0.,1.));
#183 = ORIENTED_EDGE('',*,*,#184,.F.);
#184 = EDGE_CURVE('',#185,#177,#187,.T.);
#185 = VERTEX_POINT('',#186);
#186 = CARTESIAN_POINT('',(23.45,-3.75,-65.5));
#187 = CIRCLE('',#188,6.5);
#188 = AXIS2_PLACEMENT_3D('',#189,#190,#191);
#189 = CARTESIAN_POINT('',(23.45,-3.75,-59.));
#190 = DIRECTION('',(0.,-1.,0.));
#191 = DIRECTION('',(6.41E-15,0.,-1.));
#192 = ORIENTED_EDGE('',*,*,#193,.F.);
#193 = EDGE_CURVE('',#194,#185,#196,.T.);
#194 = VERTEX_POINT('',#195);
#195 = CARTESIAN_POINT('',(-23.45,-3.75,-65.5));
#196 = LINE('',#197,#198);
#197 = CARTESIAN_POINT('',(-23.45,-3.75,-65.5));
#198 = VECTOR('',#199,1.);
#199 = DIRECTION('',(1.,0.,0.));
#200 = ORIENTED_EDGE('',*,*,#201,.F.);
#201 = EDGE_CURVE('',#202,#194,#204,.T.);
#202 = VERTEX_POINT('',#203);
#203 = CARTESIAN_POINT('',(-29.95,-3.75,-59.));
#204 = CIRCLE('',#205,6.5);
#205 = AXIS2_PLACEMENT_3D('',#206,#207,#208);
#206 = CARTESIAN_POINT('',(-23.45,-3.75,-59.));
#207 = DIRECTION('',(0.,-1.,-0.));
#208 = DIRECTION('',(-1.,0.,-2.135E-14));
#209 = ORIENTED_EDGE('',*,*,#210,.F.);
#210 = EDGE_CURVE('',#151,#202,#211,.T.);
#211 = LINE('',#212,#213);
#212 = CARTESIAN_POINT('',(-29.95,-3.75,0.));
#213 = VECTOR('',#214,1.);
#214 = DIRECTION('',(0.,0.,-1.));
#215 = FACE_BOUND('',#216,.T.);
#216 = EDGE_LOOP('',(#217,#227,#236,#245,#254,#262,#271,#280));
#217 = ORIENTED_EDGE('',*,*,#218,.F.);
#218 = EDGE_CURVE('',#219,#221,#223,.T.);
#219 = VERTEX_POINT('',#220);
#220 = CARTESIAN_POINT('',(-18.6603347248,-3.75,61.560834073063));
#221 = VERTEX_POINT('',#222);
#222 = CARTESIAN_POINT('',(-13.9539403132,-3.75,61.532563355549));
#223 = LINE('',#224,#225);
#224 = CARTESIAN_POINT('',(0.36910153405,-3.75,61.446526650038));
#225 = VECTOR('',#226,1.);
#226 = DIRECTION('',(0.999981959221,0.,-6.006765480377E-03));
#227 = ORIENTED_EDGE('',*,*,#228,.F.);
#228 = EDGE_CURVE('',#229,#219,#231,.T.);
#229 = VERTEX_POINT('',#230);
#230 = CARTESIAN_POINT('',(-23.20432495135,-3.75,64.232563355549));
#231 = CIRCLE('',#232,5.2);
#232 = AXIS2_PLACEMENT_3D('',#233,#234,#235);
#233 = CARTESIAN_POINT('',(-23.20432495135,-3.75,59.032563355549));
#234 = DIRECTION('',(0.,1.,0.));
#235 = DIRECTION('',(0.,0.,1.));
#236 = ORIENTED_EDGE('',*,*,#237,.F.);
#237 = EDGE_CURVE('',#238,#229,#240,.T.);
#238 = VERTEX_POINT('',#239);
#239 = CARTESIAN_POINT('',(-23.20432495135,-3.75,53.832563355549));
#240 = CIRCLE('',#241,5.2);
#241 = AXIS2_PLACEMENT_3D('',#242,#243,#244);
#242 = CARTESIAN_POINT('',(-23.20432495135,-3.75,59.032563355549));
#243 = DIRECTION('',(0.,1.,0.));
#244 = DIRECTION('',(0.,0.,1.));
#245 = ORIENTED_EDGE('',*,*,#246,.F.);
#246 = EDGE_CURVE('',#247,#238,#249,.T.);
#247 = VERTEX_POINT('',#248);
#248 = CARTESIAN_POINT('',(-18.64924356346,-3.75,56.524330202566));
#249 = CIRCLE('',#250,5.2);
#250 = AXIS2_PLACEMENT_3D('',#251,#252,#253);
#251 = CARTESIAN_POINT('',(-23.20432495135,-3.75,59.032563355549));
#252 = DIRECTION('',(0.,1.,0.));
#253 = DIRECTION('',(0.,0.,1.));
#254 = ORIENTED_EDGE('',*,*,#255,.F.);
#255 = EDGE_CURVE('',#256,#247,#258,.T.);
#256 = VERTEX_POINT('',#257);
#257 = CARTESIAN_POINT('',(-13.9539403132,-3.75,56.532563355549));
#258 = LINE('',#259,#260);
#259 = CARTESIAN_POINT('',(-9.917171166713E-02,-3.75,56.556857511508));
#260 = VECTOR('',#261,1.);
#261 = DIRECTION('',(-0.999998462645,0.,-1.753484255819E-03));
#262 = ORIENTED_EDGE('',*,*,#263,.F.);
#263 = EDGE_CURVE('',#264,#256,#266,.T.);
#264 = VERTEX_POINT('',#265);
#265 = CARTESIAN_POINT('',(-10.70432495135,-3.75,54.932563355549));
#266 = CIRCLE('',#267,4.1);
#267 = AXIS2_PLACEMENT_3D('',#268,#269,#270);
#268 = CARTESIAN_POINT('',(-10.70432495135,-3.75,59.032563355549));
#269 = DIRECTION('',(0.,1.,0.));
#270 = DIRECTION('',(0.,0.,1.));
#271 = ORIENTED_EDGE('',*,*,#272,.F.);
#272 = EDGE_CURVE('',#273,#264,#275,.T.);
#273 = VERTEX_POINT('',#274);
#274 = CARTESIAN_POINT('',(-10.70432495135,-3.75,63.132563355549));
#275 = CIRCLE('',#276,4.1);
#276 = AXIS2_PLACEMENT_3D('',#277,#278,#279);
#277 = CARTESIAN_POINT('',(-10.70432495135,-3.75,59.032563355549));
#278 = DIRECTION('',(0.,1.,0.));
#279 = DIRECTION('',(0.,0.,1.));
#280 = ORIENTED_EDGE('',*,*,#281,.F.);
#281 = EDGE_CURVE('',#221,#273,#282,.T.);
#282 = CIRCLE('',#283,4.1);
#283 = AXIS2_PLACEMENT_3D('',#284,#285,#286);
#284 = CARTESIAN_POINT('',(-10.70432495135,-3.75,59.032563355549));
#285 = DIRECTION('',(0.,1.,0.));
#286 = DIRECTION('',(0.,0.,1.));
#287 = FACE_BOUND('',#288,.T.);
#288 = EDGE_LOOP('',(#289,#299,#307,#315,#323,#331,#339,#347,#355,#363,
    #371,#379,#385,#386,#387,#395,#403,#411,#419,#427,#435,#443));
#289 = ORIENTED_EDGE('',*,*,#290,.F.);
#290 = EDGE_CURVE('',#291,#293,#295,.T.);
#291 = VERTEX_POINT('',#292);
#292 = CARTESIAN_POINT('',(28.237532,-3.75,30.377457));
#293 = VERTEX_POINT('',#294);
#294 = CARTESIAN_POINT('',(28.237532,-3.75,-4.696434));
#295 = LINE('',#296,#297);
#296 = CARTESIAN_POINT('',(28.237532,-3.75,30.416506));
#297 = VECTOR('',#298,1.);
#298 = DIRECTION('',(0.,0.,-1.));
#299 = ORIENTED_EDGE('',*,*,#300,.F.);
#300 = EDGE_CURVE('',#301,#291,#303,.T.);
#301 = VERTEX_POINT('',#302);
#302 = CARTESIAN_POINT('',(28.360912,-3.75,30.377457));
#303 = LINE('',#304,#305);
#304 = CARTESIAN_POINT('',(28.360912,-3.75,30.377457));
#305 = VECTOR('',#306,1.);
#306 = DIRECTION('',(-1.,0.,0.));
#307 = ORIENTED_EDGE('',*,*,#308,.F.);
#308 = EDGE_CURVE('',#309,#301,#311,.T.);
#309 = VERTEX_POINT('',#310);
#310 = CARTESIAN_POINT('',(28.360912,-3.75,38.759285));
#311 = LINE('',#312,#313);
#312 = CARTESIAN_POINT('',(28.360912,-3.75,38.759285));
#313 = VECTOR('',#314,1.);
#314 = DIRECTION('',(0.,0.,-1.));
#315 = ORIENTED_EDGE('',*,*,#316,.F.);
#316 = EDGE_CURVE('',#317,#309,#319,.T.);
#317 = VERTEX_POINT('',#318);
#318 = CARTESIAN_POINT('',(28.325137,-3.75,38.759285));
#319 = LINE('',#320,#321);
#320 = CARTESIAN_POINT('',(-6.283359,-3.75,38.759285));
#321 = VECTOR('',#322,1.);
#322 = DIRECTION('',(1.,0.,0.));
#323 = ORIENTED_EDGE('',*,*,#324,.F.);
#324 = EDGE_CURVE('',#325,#317,#327,.T.);
#325 = VERTEX_POINT('',#326);
#326 = CARTESIAN_POINT('',(28.325137,-3.75,56.697723712475));
#327 = LINE('',#328,#329);
#328 = CARTESIAN_POINT('',(28.325137,-3.75,19.348861856237));
#329 = VECTOR('',#330,1.);
#330 = DIRECTION('',(0.,0.,-1.));
#331 = ORIENTED_EDGE('',*,*,#332,.T.);
#332 = EDGE_CURVE('',#325,#333,#335,.T.);
#333 = VERTEX_POINT('',#334);
#334 = CARTESIAN_POINT('',(28.353048,-3.75,56.697723712475));
#335 = LINE('',#336,#337);
#336 = CARTESIAN_POINT('',(5.52498725,-3.75,56.697723712475));
#337 = VECTOR('',#338,1.);
#338 = DIRECTION('',(1.,0.,0.));
#339 = ORIENTED_EDGE('',*,*,#340,.T.);
#340 = EDGE_CURVE('',#333,#341,#343,.T.);
#341 = VERTEX_POINT('',#342);
#342 = CARTESIAN_POINT('',(28.353048,-3.75,62.697723712475));
#343 = LINE('',#344,#345);
#344 = CARTESIAN_POINT('',(28.353048,-3.75,31.348861856237));
#345 = VECTOR('',#346,1.);
#346 = DIRECTION('',(0.,0.,1.));
#347 = ORIENTED_EDGE('',*,*,#348,.F.);
#348 = EDGE_CURVE('',#349,#341,#351,.T.);
#349 = VERTEX_POINT('',#350);
#350 = CARTESIAN_POINT('',(28.325137,-3.75,62.697723712475));
#351 = LINE('',#352,#353);
#352 = CARTESIAN_POINT('',(5.52498725,-3.75,62.697723712475));
#353 = VECTOR('',#354,1.);
#354 = DIRECTION('',(1.,0.,0.));
#355 = ORIENTED_EDGE('',*,*,#356,.F.);
#356 = EDGE_CURVE('',#357,#349,#359,.T.);
#357 = VERTEX_POINT('',#358);
#358 = CARTESIAN_POINT('',(-6.236742,-3.75,62.697723712475));
#359 = LINE('',#360,#361);
#360 = CARTESIAN_POINT('',(14.1625685,-3.75,62.697723712475));
#361 = VECTOR('',#362,1.);
#362 = DIRECTION('',(1.,0.,0.));
#363 = ORIENTED_EDGE('',*,*,#364,.F.);
#364 = EDGE_CURVE('',#365,#357,#367,.T.);
#365 = VERTEX_POINT('',#366);
#366 = CARTESIAN_POINT('',(-6.253099,-3.75,62.697723712475));
#367 = LINE('',#368,#369);
#368 = CARTESIAN_POINT('',(5.52498725,-3.75,62.697723712475));
#369 = VECTOR('',#370,1.);
#370 = DIRECTION('',(1.,0.,0.));
#371 = ORIENTED_EDGE('',*,*,#372,.T.);
#372 = EDGE_CURVE('',#365,#373,#375,.T.);
#373 = VERTEX_POINT('',#374);
#374 = CARTESIAN_POINT('',(-6.253099,-3.75,56.697723712475));
#375 = LINE('',#376,#377);
#376 = CARTESIAN_POINT('',(-6.253099,-3.75,31.348861856237));
#377 = VECTOR('',#378,1.);
#378 = DIRECTION('',(0.,0.,-1.));
#379 = ORIENTED_EDGE('',*,*,#380,.T.);
#380 = EDGE_CURVE('',#373,#48,#381,.T.);
#381 = LINE('',#382,#383);
#382 = CARTESIAN_POINT('',(5.52498725,-3.75,56.697723712475));
#383 = VECTOR('',#384,1.);
#384 = DIRECTION('',(1.,0.,0.));
#385 = ORIENTED_EDGE('',*,*,#55,.F.);
#386 = ORIENTED_EDGE('',*,*,#108,.F.);
#387 = ORIENTED_EDGE('',*,*,#388,.F.);
#388 = EDGE_CURVE('',#389,#109,#391,.T.);
#389 = VERTEX_POINT('',#390);
#390 = CARTESIAN_POINT('',(-6.283359,-3.75,30.416506));
#391 = LINE('',#392,#393);
#392 = CARTESIAN_POINT('',(-6.283359,-3.75,30.377457));
#393 = VECTOR('',#394,1.);
#394 = DIRECTION('',(0.,0.,1.));
#395 = ORIENTED_EDGE('',*,*,#396,.F.);
#396 = EDGE_CURVE('',#397,#389,#399,.T.);
#397 = VERTEX_POINT('',#398);
#398 = CARTESIAN_POINT('',(-27.855356,-3.75,30.416506));
#399 = LINE('',#400,#401);
#400 = CARTESIAN_POINT('',(-27.855356,-3.75,30.416506));
#401 = VECTOR('',#402,1.);
#402 = DIRECTION('',(1.,0.,0.));
#403 = ORIENTED_EDGE('',*,*,#404,.F.);
#404 = EDGE_CURVE('',#405,#397,#407,.T.);
#405 = VERTEX_POINT('',#406);
#406 = CARTESIAN_POINT('',(-27.855356,-3.75,-57.136192));
#407 = LINE('',#408,#409);
#408 = CARTESIAN_POINT('',(-27.855356,-3.75,-57.136192));
#409 = VECTOR('',#410,1.);
#410 = DIRECTION('',(0.,0.,1.));
#411 = ORIENTED_EDGE('',*,*,#412,.F.);
#412 = EDGE_CURVE('',#413,#405,#415,.T.);
#413 = VERTEX_POINT('',#414);
#414 = CARTESIAN_POINT('',(28.237532,-3.75,-57.136192));
#415 = LINE('',#416,#417);
#416 = CARTESIAN_POINT('',(28.237532,-3.75,-57.136192));
#417 = VECTOR('',#418,1.);
#418 = DIRECTION('',(-1.,0.,0.));
#419 = ORIENTED_EDGE('',*,*,#420,.F.);
#420 = EDGE_CURVE('',#421,#413,#423,.T.);
#421 = VERTEX_POINT('',#422);
#422 = CARTESIAN_POINT('',(28.237532,-3.75,-23.043766));
#423 = LINE('',#424,#425);
#424 = CARTESIAN_POINT('',(28.237532,-3.75,30.416506));
#425 = VECTOR('',#426,1.);
#426 = DIRECTION('',(0.,0.,-1.));
#427 = ORIENTED_EDGE('',*,*,#428,.T.);
#428 = EDGE_CURVE('',#421,#429,#431,.T.);
#429 = VERTEX_POINT('',#430);
#430 = CARTESIAN_POINT('',(-3.013504,-3.75,-23.043766));
#431 = LINE('',#432,#433);
#432 = CARTESIAN_POINT('',(28.2775,-3.75,-23.043766));
#433 = VECTOR('',#434,1.);
#434 = DIRECTION('',(-1.,0.,0.));
#435 = ORIENTED_EDGE('',*,*,#436,.T.);
#436 = EDGE_CURVE('',#429,#437,#439,.T.);
#437 = VERTEX_POINT('',#438);
#438 = CARTESIAN_POINT('',(-3.013504,-3.75,-4.696434));
#439 = LINE('',#440,#441);
#440 = CARTESIAN_POINT('',(-3.013504,-3.75,-23.043766));
#441 = VECTOR('',#442,1.);
#442 = DIRECTION('',(0.,0.,1.));
#443 = ORIENTED_EDGE('',*,*,#444,.T.);
#444 = EDGE_CURVE('',#437,#293,#445,.T.);
#445 = LINE('',#446,#447);
#446 = CARTESIAN_POINT('',(-3.013504,-3.75,-4.696434));
#447 = VECTOR('',#448,1.);
#448 = DIRECTION('',(1.,0.,0.));
#449 = PLANE('',#450);
#450 = AXIS2_PLACEMENT_3D('',#451,#452,#453);
#451 = CARTESIAN_POINT('',(8.6E-15,-3.75,1.474E-14));
#452 = DIRECTION('',(0.,1.,0.));
#453 = DIRECTION('',(0.,0.,1.));
#454 = ADVANCED_FACE('',(#455),#496,.F.);
#455 = FACE_BOUND('',#456,.F.);
#456 = EDGE_LOOP('',(#457,#465,#466,#467,#475,#481,#482,#490));
#457 = ORIENTED_EDGE('',*,*,#458,.F.);
#458 = EDGE_CURVE('',#373,#459,#461,.T.);
#459 = VERTEX_POINT('',#460);
#460 = CARTESIAN_POINT('',(-6.253099,-3.698834,56.697723712475));
#461 = LINE('',#462,#463);
#462 = CARTESIAN_POINT('',(-6.253099,-4.700429,56.697723712475));
#463 = VECTOR('',#464,1.);
#464 = DIRECTION('',(0.,1.,0.));
#465 = ORIENTED_EDGE('',*,*,#380,.T.);
#466 = ORIENTED_EDGE('',*,*,#47,.F.);
#467 = ORIENTED_EDGE('',*,*,#468,.F.);
#468 = EDGE_CURVE('',#469,#40,#471,.T.);
#469 = VERTEX_POINT('',#470);
#470 = CARTESIAN_POINT('',(28.325137,-4.700429,56.697723712475));
#471 = LINE('',#472,#473);
#472 = CARTESIAN_POINT('',(28.353048,-4.700429,56.697723712475));
#473 = VECTOR('',#474,1.);
#474 = DIRECTION('',(-1.,0.,0.));
#475 = ORIENTED_EDGE('',*,*,#476,.F.);
#476 = EDGE_CURVE('',#325,#469,#477,.T.);
#477 = LINE('',#478,#479);
#478 = CARTESIAN_POINT('',(28.325137,-4.57481575,56.697723712475));
#479 = VECTOR('',#480,1.);
#480 = DIRECTION('',(0.,-1.,0.));
#481 = ORIENTED_EDGE('',*,*,#332,.T.);
#482 = ORIENTED_EDGE('',*,*,#483,.F.);
#483 = EDGE_CURVE('',#484,#333,#486,.T.);
#484 = VERTEX_POINT('',#485);
#485 = CARTESIAN_POINT('',(28.353048,-3.698834,56.697723712475));
#486 = LINE('',#487,#488);
#487 = CARTESIAN_POINT('',(28.353048,-3.698834,56.697723712475));
#488 = VECTOR('',#489,1.);
#489 = DIRECTION('',(0.,-1.,0.));
#490 = ORIENTED_EDGE('',*,*,#491,.F.);
#491 = EDGE_CURVE('',#459,#484,#492,.T.);
#492 = LINE('',#493,#494);
#493 = CARTESIAN_POINT('',(-6.253099,-3.698834,56.697723712475));
#494 = VECTOR('',#495,1.);
#495 = DIRECTION('',(1.,0.,0.));
#496 = PLANE('',#497);
#497 = AXIS2_PLACEMENT_3D('',#498,#499,#500);
#498 = CARTESIAN_POINT('',(11.0499745,-4.1996315,56.697723712475));
#499 = DIRECTION('',(0.,0.,1.));
#500 = DIRECTION('',(1.,0.,0.));
#501 = ADVANCED_FACE('',(#502),#520,.F.);
#502 = FACE_BOUND('',#503,.F.);
#503 = EDGE_LOOP('',(#504,#512,#518,#519));
#504 = ORIENTED_EDGE('',*,*,#505,.F.);
#505 = EDGE_CURVE('',#506,#32,#508,.T.);
#506 = VERTEX_POINT('',#507);
#507 = CARTESIAN_POINT('',(28.325137,-4.700429,62.697723712475));
#508 = LINE('',#509,#510);
#509 = CARTESIAN_POINT('',(28.353048,-4.700429,62.697723712475));
#510 = VECTOR('',#511,1.);
#511 = DIRECTION('',(-1.,0.,0.));
#512 = ORIENTED_EDGE('',*,*,#513,.F.);
#513 = EDGE_CURVE('',#469,#506,#514,.T.);
#514 = LINE('',#515,#516);
#515 = CARTESIAN_POINT('',(28.325137,-4.700429,50.697723712475));
#516 = VECTOR('',#517,1.);
#517 = DIRECTION('',(0.,0.,1.));
#518 = ORIENTED_EDGE('',*,*,#468,.T.);
#519 = ORIENTED_EDGE('',*,*,#39,.F.);
#520 = PLANE('',#521);
#521 = AXIS2_PLACEMENT_3D('',#522,#523,#524);
#522 = CARTESIAN_POINT('',(28.353048,-4.700429,62.697723712475));
#523 = DIRECTION('',(0.,1.,0.));
#524 = DIRECTION('',(-1.,0.,0.));
#525 = ADVANCED_FACE('',(#526),#553,.F.);
#526 = FACE_BOUND('',#527,.F.);
#527 = EDGE_LOOP('',(#528,#538,#544,#545,#546,#547));
#528 = ORIENTED_EDGE('',*,*,#529,.F.);
#529 = EDGE_CURVE('',#530,#532,#534,.T.);
#530 = VERTEX_POINT('',#531);
#531 = CARTESIAN_POINT('',(28.325137,-4.95,62.697723712475));
#532 = VERTEX_POINT('',#533);
#533 = CARTESIAN_POINT('',(28.317553,-4.95,62.697723712475));
#534 = LINE('',#535,#536);
#535 = CARTESIAN_POINT('',(28.325137,-4.95,62.697723712475));
#536 = VECTOR('',#537,1.);
#537 = DIRECTION('',(-1.,0.,0.));
#538 = ORIENTED_EDGE('',*,*,#539,.T.);
#539 = EDGE_CURVE('',#530,#506,#540,.T.);
#540 = LINE('',#541,#542);
#541 = CARTESIAN_POINT('',(28.325137,-4.95,62.697723712475));
#542 = VECTOR('',#543,1.);
#543 = DIRECTION('',(0.,1.,-2.2E-16));
#544 = ORIENTED_EDGE('',*,*,#505,.T.);
#545 = ORIENTED_EDGE('',*,*,#31,.F.);
#546 = ORIENTED_EDGE('',*,*,#86,.F.);
#547 = ORIENTED_EDGE('',*,*,#548,.F.);
#548 = EDGE_CURVE('',#532,#87,#549,.T.);
#549 = LINE('',#550,#551);
#550 = CARTESIAN_POINT('',(28.325137,-4.95,62.697723712475));
#551 = VECTOR('',#552,1.);
#552 = DIRECTION('',(-1.,0.,0.));
#553 = PLANE('',#554);
#554 = AXIS2_PLACEMENT_3D('',#555,#556,#557);
#555 = CARTESIAN_POINT('',(28.325137,-4.95,62.697723712475));
#556 = DIRECTION('',(0.,2.2E-16,1.));
#557 = DIRECTION('',(-1.,0.,0.));
#558 = ADVANCED_FACE('',(#559),#601,.F.);
#559 = FACE_BOUND('',#560,.F.);
#560 = EDGE_LOOP('',(#561,#569,#577,#585,#593,#599,#600));
#561 = ORIENTED_EDGE('',*,*,#562,.T.);
#562 = EDGE_CURVE('',#125,#563,#565,.T.);
#563 = VERTEX_POINT('',#564);
#564 = CARTESIAN_POINT('',(-6.228374,-5.75,38.704821));
#565 = LINE('',#566,#567);
#566 = CARTESIAN_POINT('',(-6.228374,-5.75,36.636596));
#567 = VECTOR('',#568,1.);
#568 = DIRECTION('',(0.,0.,-1.));
#569 = ORIENTED_EDGE('',*,*,#570,.T.);
#570 = EDGE_CURVE('',#563,#571,#573,.T.);
#571 = VERTEX_POINT('',#572);
#572 = CARTESIAN_POINT('',(-6.228374,-6.95,38.704821));
#573 = LINE('',#574,#575);
#574 = CARTESIAN_POINT('',(-6.228374,-4.95,38.704821));
#575 = VECTOR('',#576,1.);
#576 = DIRECTION('',(0.,-1.,2.2E-16));
#577 = ORIENTED_EDGE('',*,*,#578,.T.);
#578 = EDGE_CURVE('',#571,#579,#581,.T.);
#579 = VERTEX_POINT('',#580);
#580 = CARTESIAN_POINT('',(-6.228374,-6.95,62.697998));
#581 = LINE('',#582,#583);
#582 = CARTESIAN_POINT('',(-6.228374,-6.95,38.704821));
#583 = VECTOR('',#584,1.);
#584 = DIRECTION('',(0.,0.,1.));
#585 = ORIENTED_EDGE('',*,*,#586,.F.);
#586 = EDGE_CURVE('',#587,#579,#589,.T.);
#587 = VERTEX_POINT('',#588);
#588 = CARTESIAN_POINT('',(-6.228374,-4.95,62.697998));
#589 = LINE('',#590,#591);
#590 = CARTESIAN_POINT('',(-6.228374,-4.95,62.697998));
#591 = VECTOR('',#592,1.);
#592 = DIRECTION('',(0.,-1.,2.2E-16));
#593 = ORIENTED_EDGE('',*,*,#594,.F.);
#594 = EDGE_CURVE('',#87,#587,#595,.T.);
#595 = LINE('',#596,#597);
#596 = CARTESIAN_POINT('',(-6.228374,-4.95,38.704821));
#597 = VECTOR('',#598,1.);
#598 = DIRECTION('',(0.,0.,1.));
#599 = ORIENTED_EDGE('',*,*,#94,.F.);
#600 = ORIENTED_EDGE('',*,*,#132,.F.);
#601 = PLANE('',#602);
#602 = AXIS2_PLACEMENT_3D('',#603,#604,#605);
#603 = CARTESIAN_POINT('',(-6.228374,-4.95,38.704821));
#604 = DIRECTION('',(-1.,0.,0.));
#605 = DIRECTION('',(0.,2.2E-16,1.));
#606 = ADVANCED_FACE('',(#607),#657,.T.);
#607 = FACE_BOUND('',#608,.T.);
#608 = EDGE_LOOP('',(#609,#619,#627,#635,#641,#642,#643,#651));
#609 = ORIENTED_EDGE('',*,*,#610,.T.);
#610 = EDGE_CURVE('',#611,#613,#615,.T.);
#611 = VERTEX_POINT('',#612);
#612 = CARTESIAN_POINT('',(28.317553,-5.75,38.759285));
#613 = VERTEX_POINT('',#614);
#614 = CARTESIAN_POINT('',(28.360912,-5.75,38.759285));
#615 = LINE('',#616,#617);
#616 = CARTESIAN_POINT('',(-6.283359,-5.75,38.759285));
#617 = VECTOR('',#618,1.);
#618 = DIRECTION('',(1.,0.,0.));
#619 = ORIENTED_EDGE('',*,*,#620,.T.);
#620 = EDGE_CURVE('',#613,#621,#623,.T.);
#621 = VERTEX_POINT('',#622);
#622 = CARTESIAN_POINT('',(28.360912,-5.75,38.00606963334));
#623 = LINE('',#624,#625);
#624 = CARTESIAN_POINT('',(28.360912,-5.75,38.759285));
#625 = VECTOR('',#626,1.);
#626 = DIRECTION('',(0.,0.,-1.));
#627 = ORIENTED_EDGE('',*,*,#628,.T.);
#628 = EDGE_CURVE('',#621,#629,#631,.T.);
#629 = VERTEX_POINT('',#630);
#630 = CARTESIAN_POINT('',(-6.283359,-5.75,38.00606963334));
#631 = LINE('',#632,#633);
#632 = CARTESIAN_POINT('',(2.25608925,-5.75,38.00606963334));
#633 = VECTOR('',#634,1.);
#634 = DIRECTION('',(-1.,0.,0.));
#635 = ORIENTED_EDGE('',*,*,#636,.T.);
#636 = EDGE_CURVE('',#629,#117,#637,.T.);
#637 = LINE('',#638,#639);
#638 = CARTESIAN_POINT('',(-6.283359,-5.75,30.377457));
#639 = VECTOR('',#640,1.);
#640 = DIRECTION('',(0.,0.,1.));
#641 = ORIENTED_EDGE('',*,*,#124,.T.);
#642 = ORIENTED_EDGE('',*,*,#562,.T.);
#643 = ORIENTED_EDGE('',*,*,#644,.T.);
#644 = EDGE_CURVE('',#563,#645,#647,.T.);
#645 = VERTEX_POINT('',#646);
#646 = CARTESIAN_POINT('',(28.317553,-5.75,38.704821));
#647 = LINE('',#648,#649);
#648 = CARTESIAN_POINT('',(19.67816475,-5.75,38.704821));
#649 = VECTOR('',#650,1.);
#650 = DIRECTION('',(1.,0.,0.));
#651 = ORIENTED_EDGE('',*,*,#652,.T.);
#652 = EDGE_CURVE('',#645,#611,#653,.T.);
#653 = LINE('',#654,#655);
#654 = CARTESIAN_POINT('',(28.317553,-5.75,48.6331845));
#655 = VECTOR('',#656,1.);
#656 = DIRECTION('',(0.,0.,1.));
#657 = PLANE('',#658);
#658 = AXIS2_PLACEMENT_3D('',#659,#660,#661);
#659 = CARTESIAN_POINT('',(11.0387765,-5.75,34.568371));
#660 = DIRECTION('',(0.,1.,0.));
#661 = DIRECTION('',(0.,0.,1.));
#662 = ADVANCED_FACE('',(#663),#706,.F.);
#663 = FACE_BOUND('',#664,.F.);
#664 = EDGE_LOOP('',(#665,#666,#674,#682,#690,#698,#704,#705));
#665 = ORIENTED_EDGE('',*,*,#388,.F.);
#666 = ORIENTED_EDGE('',*,*,#667,.T.);
#667 = EDGE_CURVE('',#389,#668,#670,.T.);
#668 = VERTEX_POINT('',#669);
#669 = CARTESIAN_POINT('',(-6.283359,-5.75,30.416506));
#670 = LINE('',#671,#672);
#671 = CARTESIAN_POINT('',(-6.283359,-3.75,30.416506));
#672 = VECTOR('',#673,1.);
#673 = DIRECTION('',(0.,-1.,2.2E-16));
#674 = ORIENTED_EDGE('',*,*,#675,.T.);
#675 = EDGE_CURVE('',#668,#676,#678,.T.);
#676 = VERTEX_POINT('',#677);
#677 = CARTESIAN_POINT('',(-6.283359,-5.75,37.742447));
#678 = LINE('',#679,#680);
#679 = CARTESIAN_POINT('',(-6.283359,-5.75,30.377457));
#680 = VECTOR('',#681,1.);
#681 = DIRECTION('',(0.,0.,1.));
#682 = ORIENTED_EDGE('',*,*,#683,.T.);
#683 = EDGE_CURVE('',#676,#684,#686,.T.);
#684 = VERTEX_POINT('',#685);
#685 = CARTESIAN_POINT('',(-6.283359,-4.95,37.742447));
#686 = LINE('',#687,#688);
#687 = CARTESIAN_POINT('',(-6.283359,-4.35,37.742447));
#688 = VECTOR('',#689,1.);
#689 = DIRECTION('',(0.,1.,-2.2E-16));
#690 = ORIENTED_EDGE('',*,*,#691,.T.);
#691 = EDGE_CURVE('',#684,#692,#694,.T.);
#692 = VERTEX_POINT('',#693);
#693 = CARTESIAN_POINT('',(-6.283359,-4.95,38.00606963334));
#694 = LINE('',#695,#696);
#695 = CARTESIAN_POINT('',(-6.283359,-4.95,15.1887285));
#696 = VECTOR('',#697,1.);
#697 = DIRECTION('',(0.,0.,1.));
#698 = ORIENTED_EDGE('',*,*,#699,.T.);
#699 = EDGE_CURVE('',#692,#629,#700,.T.);
#700 = LINE('',#701,#702);
#701 = CARTESIAN_POINT('',(-6.283359,-4.35,38.00606963334));
#702 = VECTOR('',#703,1.);
#703 = DIRECTION('',(0.,-1.,2.2E-16));
#704 = ORIENTED_EDGE('',*,*,#636,.T.);
#705 = ORIENTED_EDGE('',*,*,#116,.F.);
#706 = PLANE('',#707);
#707 = AXIS2_PLACEMENT_3D('',#708,#709,#710);
#708 = CARTESIAN_POINT('',(-6.283359,-3.75,30.377457));
#709 = DIRECTION('',(-1.,0.,0.));
#710 = DIRECTION('',(0.,2.2E-16,1.));
#711 = ADVANCED_FACE('',(#712),#758,.F.);
#712 = FACE_BOUND('',#713,.F.);
#713 = EDGE_LOOP('',(#714,#725,#732,#733,#742,#751));
#714 = ORIENTED_EDGE('',*,*,#715,.F.);
#715 = EDGE_CURVE('',#716,#718,#720,.T.);
#716 = VERTEX_POINT('',#717);
#717 = CARTESIAN_POINT('',(-33.7,0.,59.));
#718 = VERTEX_POINT('',#719);
#719 = CARTESIAN_POINT('',(-29.95,3.75,59.));
#720 = CIRCLE('',#721,3.75);
#721 = AXIS2_PLACEMENT_3D('',#722,#723,#724);
#722 = CARTESIAN_POINT('',(-29.95,0.,59.));
#723 = DIRECTION('',(0.,0.,-1.));
#724 = DIRECTION('',(-1.,0.,0.));
#725 = ORIENTED_EDGE('',*,*,#726,.F.);
#726 = EDGE_CURVE('',#151,#716,#727,.T.);
#727 = CIRCLE('',#728,3.75);
#728 = AXIS2_PLACEMENT_3D('',#729,#730,#731);
#729 = CARTESIAN_POINT('',(-29.95,0.,59.));
#730 = DIRECTION('',(0.,0.,-1.));
#731 = DIRECTION('',(-1.,0.,0.));
#732 = ORIENTED_EDGE('',*,*,#148,.F.);
#733 = ORIENTED_EDGE('',*,*,#734,.T.);
#734 = EDGE_CURVE('',#149,#735,#737,.T.);
#735 = VERTEX_POINT('',#736);
#736 = CARTESIAN_POINT('',(-23.45,0.,69.25));
#737 = CIRCLE('',#738,3.75);
#738 = AXIS2_PLACEMENT_3D('',#739,#740,#741);
#739 = CARTESIAN_POINT('',(-23.45,0.,65.5));
#740 = DIRECTION('',(-1.,0.,0.));
#741 = DIRECTION('',(0.,0.,1.));
#742 = ORIENTED_EDGE('',*,*,#743,.T.);
#743 = EDGE_CURVE('',#735,#744,#746,.T.);
#744 = VERTEX_POINT('',#745);
#745 = CARTESIAN_POINT('',(-23.45,3.75,65.5));
#746 = CIRCLE('',#747,3.75);
#747 = AXIS2_PLACEMENT_3D('',#748,#749,#750);
#748 = CARTESIAN_POINT('',(-23.45,0.,65.5));
#749 = DIRECTION('',(-1.,0.,0.));
#750 = DIRECTION('',(0.,0.,1.));
#751 = ORIENTED_EDGE('',*,*,#752,.T.);
#752 = EDGE_CURVE('',#744,#718,#753,.T.);
#753 = CIRCLE('',#754,6.5);
#754 = AXIS2_PLACEMENT_3D('',#755,#756,#757);
#755 = CARTESIAN_POINT('',(-23.45,3.75,59.));
#756 = DIRECTION('',(-0.,-1.,0.));
#757 = DIRECTION('',(-6.41E-15,0.,1.));
#758 = TOROIDAL_SURFACE('',#759,6.5,3.75);
#759 = AXIS2_PLACEMENT_3D('',#760,#761,#762);
#760 = CARTESIAN_POINT('',(-23.45,0.,59.));
#761 = DIRECTION('',(0.,-1.,0.));
#762 = DIRECTION('',(0.,0.,-1.));
#763 = ADVANCED_FACE('',(#764),#793,.F.);
#764 = FACE_BOUND('',#765,.F.);
#765 = EDGE_LOOP('',(#766,#777,#783,#784,#785,#786));
#766 = ORIENTED_EDGE('',*,*,#767,.T.);
#767 = EDGE_CURVE('',#768,#770,#772,.T.);
#768 = VERTEX_POINT('',#769);
#769 = CARTESIAN_POINT('',(23.45,0.,69.25));
#770 = VERTEX_POINT('',#771);
#771 = CARTESIAN_POINT('',(23.45,3.75,65.5));
#772 = CIRCLE('',#773,3.75);
#773 = AXIS2_PLACEMENT_3D('',#774,#775,#776);
#774 = CARTESIAN_POINT('',(23.45,0.,65.5));
#775 = DIRECTION('',(-1.,0.,0.));
#776 = DIRECTION('',(0.,0.,1.));
#777 = ORIENTED_EDGE('',*,*,#778,.T.);
#778 = EDGE_CURVE('',#770,#744,#779,.T.);
#779 = LINE('',#780,#781);
#780 = CARTESIAN_POINT('',(23.45,3.75,65.5));
#781 = VECTOR('',#782,1.);
#782 = DIRECTION('',(-1.,-0.,-0.));
#783 = ORIENTED_EDGE('',*,*,#743,.F.);
#784 = ORIENTED_EDGE('',*,*,#734,.F.);
#785 = ORIENTED_EDGE('',*,*,#159,.F.);
#786 = ORIENTED_EDGE('',*,*,#787,.T.);
#787 = EDGE_CURVE('',#160,#768,#788,.T.);
#788 = CIRCLE('',#789,3.75);
#789 = AXIS2_PLACEMENT_3D('',#790,#791,#792);
#790 = CARTESIAN_POINT('',(23.45,0.,65.5));
#791 = DIRECTION('',(-1.,0.,0.));
#792 = DIRECTION('',(0.,0.,1.));
#793 = CYLINDRICAL_SURFACE('',#794,3.75);
#794 = AXIS2_PLACEMENT_3D('',#795,#796,#797);
#795 = CARTESIAN_POINT('',(23.45,0.,65.5));
#796 = DIRECTION('',(-1.,-0.,-0.));
#797 = DIRECTION('',(0.,0.,1.));
#798 = ADVANCED_FACE('',(#799),#828,.F.);
#799 = FACE_BOUND('',#800,.F.);
#800 = EDGE_LOOP('',(#801,#802,#810,#819,#826,#827));
#801 = ORIENTED_EDGE('',*,*,#715,.T.);
#802 = ORIENTED_EDGE('',*,*,#803,.T.);
#803 = EDGE_CURVE('',#718,#804,#806,.T.);
#804 = VERTEX_POINT('',#805);
#805 = CARTESIAN_POINT('',(-29.95,3.75,-59.));
#806 = LINE('',#807,#808);
#807 = CARTESIAN_POINT('',(-29.95,3.75,59.));
#808 = VECTOR('',#809,1.);
#809 = DIRECTION('',(0.,0.,-1.));
#810 = ORIENTED_EDGE('',*,*,#811,.F.);
#811 = EDGE_CURVE('',#812,#804,#814,.T.);
#812 = VERTEX_POINT('',#813);
#813 = CARTESIAN_POINT('',(-33.7,0.,-59.));
#814 = CIRCLE('',#815,3.75);
#815 = AXIS2_PLACEMENT_3D('',#816,#817,#818);
#816 = CARTESIAN_POINT('',(-29.95,0.,-59.));
#817 = DIRECTION('',(0.,0.,-1.));
#818 = DIRECTION('',(-1.,0.,0.));
#819 = ORIENTED_EDGE('',*,*,#820,.F.);
#820 = EDGE_CURVE('',#202,#812,#821,.T.);
#821 = CIRCLE('',#822,3.75);
#822 = AXIS2_PLACEMENT_3D('',#823,#824,#825);
#823 = CARTESIAN_POINT('',(-29.95,0.,-59.));
#824 = DIRECTION('',(0.,0.,-1.));
#825 = DIRECTION('',(-1.,0.,0.));
#826 = ORIENTED_EDGE('',*,*,#210,.F.);
#827 = ORIENTED_EDGE('',*,*,#726,.T.);
#828 = CYLINDRICAL_SURFACE('',#829,3.75);
#829 = AXIS2_PLACEMENT_3D('',#830,#831,#832);
#830 = CARTESIAN_POINT('',(-29.95,0.,59.));
#831 = DIRECTION('',(0.,0.,-1.));
#832 = DIRECTION('',(-1.,0.,0.));
#833 = ADVANCED_FACE('',(#834),#864,.F.);
#834 = FACE_BOUND('',#835,.F.);
#835 = EDGE_LOOP('',(#836,#837,#838,#839,#848,#857));
#836 = ORIENTED_EDGE('',*,*,#767,.F.);
#837 = ORIENTED_EDGE('',*,*,#787,.F.);
#838 = ORIENTED_EDGE('',*,*,#167,.F.);
#839 = ORIENTED_EDGE('',*,*,#840,.T.);
#840 = EDGE_CURVE('',#168,#841,#843,.T.);
#841 = VERTEX_POINT('',#842);
#842 = CARTESIAN_POINT('',(33.7,0.,59.));
#843 = CIRCLE('',#844,3.75);
#844 = AXIS2_PLACEMENT_3D('',#845,#846,#847);
#845 = CARTESIAN_POINT('',(29.95,0.,59.));
#846 = DIRECTION('',(0.,0.,1.));
#847 = DIRECTION('',(1.,0.,0.));
#848 = ORIENTED_EDGE('',*,*,#849,.T.);
#849 = EDGE_CURVE('',#841,#850,#852,.T.);
#850 = VERTEX_POINT('',#851);
#851 = CARTESIAN_POINT('',(29.95,3.75,59.));
#852 = CIRCLE('',#853,3.75);
#853 = AXIS2_PLACEMENT_3D('',#854,#855,#856);
#854 = CARTESIAN_POINT('',(29.95,0.,59.));
#855 = DIRECTION('',(0.,0.,1.));
#856 = DIRECTION('',(1.,0.,0.));
#857 = ORIENTED_EDGE('',*,*,#858,.T.);
#858 = EDGE_CURVE('',#850,#770,#859,.T.);
#859 = CIRCLE('',#860,6.5);
#860 = AXIS2_PLACEMENT_3D('',#861,#862,#863);
#861 = CARTESIAN_POINT('',(23.45,3.75,59.));
#862 = DIRECTION('',(0.,-1.,0.));
#863 = DIRECTION('',(1.,0.,6.41E-15));
#864 = TOROIDAL_SURFACE('',#865,6.5,3.75);
#865 = AXIS2_PLACEMENT_3D('',#866,#867,#868);
#866 = CARTESIAN_POINT('',(23.45,0.,59.));
#867 = DIRECTION('',(-0.,-1.,-0.));
#868 = DIRECTION('',(0.,0.,-1.));
#869 = ADVANCED_FACE('',(#870),#930,.F.);
#870 = FACE_BOUND('',#871,.F.);
#871 = EDGE_LOOP('',(#872,#873,#874,#875,#884,#893,#908,#923));
#872 = ORIENTED_EDGE('',*,*,#201,.F.);
#873 = ORIENTED_EDGE('',*,*,#820,.T.);
#874 = ORIENTED_EDGE('',*,*,#811,.T.);
#875 = ORIENTED_EDGE('',*,*,#876,.T.);
#876 = EDGE_CURVE('',#804,#877,#879,.T.);
#877 = VERTEX_POINT('',#878);
#878 = CARTESIAN_POINT('',(-23.45,3.75,-65.5));
#879 = CIRCLE('',#880,6.5);
#880 = AXIS2_PLACEMENT_3D('',#881,#882,#883);
#881 = CARTESIAN_POINT('',(-23.45,3.75,-59.));
#882 = DIRECTION('',(0.,-1.,-0.));
#883 = DIRECTION('',(-1.,0.,-2.135E-14));
#884 = ORIENTED_EDGE('',*,*,#885,.F.);
#885 = EDGE_CURVE('',#886,#877,#888,.T.);
#886 = VERTEX_POINT('',#887);
#887 = CARTESIAN_POINT('',(-23.45,1.48068997842,-68.9452949348));
#888 = CIRCLE('',#889,3.75);
#889 = AXIS2_PLACEMENT_3D('',#890,#891,#892);
#890 = CARTESIAN_POINT('',(-23.45,0.,-65.5));
#891 = DIRECTION('',(1.,-0.,0.));
#892 = DIRECTION('',(0.,0.,-1.));
#893 = ORIENTED_EDGE('',*,*,#894,.F.);
#894 = EDGE_CURVE('',#895,#886,#897,.T.);
#895 = VERTEX_POINT('',#896);
#896 = CARTESIAN_POINT('',(-24.71008920865,-2.3756E-11,-69.17225025184)
  );
#897 = B_SPLINE_CURVE_WITH_KNOTS('',3,(#898,#899,#900,#901,#902,#903,
    #904,#905,#906,#907),.UNSPECIFIED.,.F.,.F.,(4,2,2,2,4),(
    2.118758876887E-03,2.383381717477E-03,2.648004558066E-03,
    3.177250239245E-03,4.235741601603E-03),.UNSPECIFIED.);
#898 = CARTESIAN_POINT('',(-24.71008920865,-2.375593E-11,-69.17225025184
    ));
#899 = CARTESIAN_POINT('',(-24.71008920865,8.875243059568E-02,
    -69.17225025185));
#900 = CARTESIAN_POINT('',(-24.70227381738,0.176623921899,
    -69.17005600856));
#901 = CARTESIAN_POINT('',(-24.6712081509,0.350631363254,-69.16148177245
    ));
#902 = CARTESIAN_POINT('',(-24.64759824417,0.437430840638,-69.1550051704
    ));
#903 = CARTESIAN_POINT('',(-24.55585104846,0.68559240134,-69.13057037511
    ));
#904 = CARTESIAN_POINT('',(-24.4649430532,0.840200966165,-69.10703230869
    ));
#905 = CARTESIAN_POINT('',(-24.1244517586,1.239485565153,-69.02974021898
    ));
#906 = CARTESIAN_POINT('',(-23.80261377289,1.423557256156,
    -68.96984895729));
#907 = CARTESIAN_POINT('',(-23.45,1.48068997842,-68.9452949348));
#908 = ORIENTED_EDGE('',*,*,#909,.F.);
#909 = EDGE_CURVE('',#910,#895,#912,.T.);
#910 = VERTEX_POINT('',#911);
#911 = CARTESIAN_POINT('',(-23.45,-1.48068997842,-68.9452949348));
#912 = B_SPLINE_CURVE_WITH_KNOTS('',3,(#913,#914,#915,#916,#917,#918,
    #919,#920,#921,#922),.UNSPECIFIED.,.F.,.F.,(4,2,2,2,4),(
    2.0010497988E-07,5.298397979567E-04,1.059479490934E-03,
    1.58911918391E-03,2.118758876887E-03),.UNSPECIFIED.);
#913 = CARTESIAN_POINT('',(-23.45,-1.48068997842,-68.9452949348));
#914 = CARTESIAN_POINT('',(-23.62644966992,-1.452100482603,
    -68.95758188868));
#915 = CARTESIAN_POINT('',(-23.79275257197,-1.393484459282,
    -68.97799599228));
#916 = CARTESIAN_POINT('',(-24.10094385853,-1.219702228413,
    -69.02736528488));
#917 = CARTESIAN_POINT('',(-24.23693058955,-1.107545562217,
    -69.05527559685));
#918 = CARTESIAN_POINT('',(-24.46568031542,-0.839375581319,
    -69.10719717519));
#919 = CARTESIAN_POINT('',(-24.55553021809,-0.686416374261,
    -69.1304853151));
#920 = CARTESIAN_POINT('',(-24.67841225242,-0.354127643476,
    -69.16321140054));
#921 = CARTESIAN_POINT('',(-24.71008920864,-0.177637009737,
    -69.17225025184));
#922 = CARTESIAN_POINT('',(-24.71008920865,-2.375593E-11,-69.17225025184
    ));
#923 = ORIENTED_EDGE('',*,*,#924,.F.);
#924 = EDGE_CURVE('',#194,#910,#925,.T.);
#925 = CIRCLE('',#926,3.75);
#926 = AXIS2_PLACEMENT_3D('',#927,#928,#929);
#927 = CARTESIAN_POINT('',(-23.45,0.,-65.5));
#928 = DIRECTION('',(1.,-0.,0.));
#929 = DIRECTION('',(0.,0.,-1.));
#930 = TOROIDAL_SURFACE('',#931,6.5,3.75);
#931 = AXIS2_PLACEMENT_3D('',#932,#933,#934);
#932 = CARTESIAN_POINT('',(-23.45,0.,-59.));
#933 = DIRECTION('',(0.,-1.,0.));
#934 = DIRECTION('',(0.,0.,-1.));
#935 = ADVANCED_FACE('',(#936,#965,#1063),#1161,.F.);
#936 = FACE_BOUND('',#937,.F.);
#937 = EDGE_LOOP('',(#938,#946,#947,#948,#949,#958));
#938 = ORIENTED_EDGE('',*,*,#939,.T.);
#939 = EDGE_CURVE('',#940,#850,#942,.T.);
#940 = VERTEX_POINT('',#941);
#941 = CARTESIAN_POINT('',(29.95,3.75,-59.));
#942 = LINE('',#943,#944);
#943 = CARTESIAN_POINT('',(29.95,3.75,-59.));
#944 = VECTOR('',#945,1.);
#945 = DIRECTION('',(0.,0.,1.));
#946 = ORIENTED_EDGE('',*,*,#849,.F.);
#947 = ORIENTED_EDGE('',*,*,#840,.F.);
#948 = ORIENTED_EDGE('',*,*,#176,.F.);
#949 = ORIENTED_EDGE('',*,*,#950,.T.);
#950 = EDGE_CURVE('',#177,#951,#953,.T.);
#951 = VERTEX_POINT('',#952);
#952 = CARTESIAN_POINT('',(33.7,0.,-59.));
#953 = CIRCLE('',#954,3.75);
#954 = AXIS2_PLACEMENT_3D('',#955,#956,#957);
#955 = CARTESIAN_POINT('',(29.95,0.,-59.));
#956 = DIRECTION('',(-4.27E-15,0.,1.));
#957 = DIRECTION('',(1.,0.,4.27E-15));
#958 = ORIENTED_EDGE('',*,*,#959,.T.);
#959 = EDGE_CURVE('',#951,#940,#960,.T.);
#960 = CIRCLE('',#961,3.75);
#961 = AXIS2_PLACEMENT_3D('',#962,#963,#964);
#962 = CARTESIAN_POINT('',(29.95,0.,-59.));
#963 = DIRECTION('',(-4.27E-15,0.,1.));
#964 = DIRECTION('',(1.,0.,4.27E-15));
#965 = FACE_BOUND('',#966,.F.);
#966 = EDGE_LOOP('',(#967,#988,#996,#1017,#1038,#1046));
#967 = ORIENTED_EDGE('',*,*,#968,.F.);
#968 = EDGE_CURVE('',#969,#971,#973,.T.);
#969 = VERTEX_POINT('',#970);
#970 = CARTESIAN_POINT('',(33.386931771217,-1.5,18.121752815091));
#971 = VERTEX_POINT('',#972);
#972 = CARTESIAN_POINT('',(33.7,0.,16.621752815091));
#973 = B_SPLINE_CURVE_WITH_KNOTS('',3,(#974,#975,#976,#977,#978,#979,
    #980,#981,#982,#983,#984,#985,#986,#987),.UNSPECIFIED.,.F.,.F.,(4,2,
    2,2,2,2,4),(7.108387281696E-03,7.70043069558E-03,7.996452402522E-03,
    8.292474109464E-03,8.588495816406E-03,8.884517523349E-03,
    9.476560937233E-03),.UNSPECIFIED.);
#974 = CARTESIAN_POINT('',(33.386931771217,-1.5,18.121752815091));
#975 = CARTESIAN_POINT('',(33.386931771217,-1.5,17.92406385412));
#976 = CARTESIAN_POINT('',(33.405156793005,-1.459779005678,
    17.72511101503));
#977 = CARTESIAN_POINT('',(33.450021786071,-1.3468438289,17.454233851842
    ));
#978 = CARTESIAN_POINT('',(33.467972362421,-1.29987765736,
    17.366896334908));
#979 = CARTESIAN_POINT('',(33.506200873171,-1.191321458095,
    17.205104892899));
#980 = CARTESIAN_POINT('',(33.526461408272,-1.129852234917,
    17.130338446377));
#981 = CARTESIAN_POINT('',(33.567042317648,-0.992293882855,
    16.992672936035));
#982 = CARTESIAN_POINT('',(33.587291127234,-0.916210112665,
    16.930128764032));
#983 = CARTESIAN_POINT('',(33.624118007843,-0.755105674225,
    16.822051206889));
#984 = CARTESIAN_POINT('',(33.640928714313,-0.669394639976,
    16.775756317577));
#985 = CARTESIAN_POINT('',(33.683674856034,-0.395408525574,
    16.661329890284));
#986 = CARTESIAN_POINT('',(33.7,-0.200334032883,16.621752815091));
#987 = CARTESIAN_POINT('',(33.7,0.,16.621752815091));
#988 = ORIENTED_EDGE('',*,*,#989,.F.);
#989 = EDGE_CURVE('',#990,#969,#992,.T.);
#990 = VERTEX_POINT('',#991);
#991 = CARTESIAN_POINT('',(33.386931771217,-1.5,38.598554630823));
#992 = LINE('',#993,#994);
#993 = CARTESIAN_POINT('',(33.386931771217,-1.5,-59.));
#994 = VECTOR('',#995,1.);
#995 = DIRECTION('',(0.,0.,-1.));
#996 = ORIENTED_EDGE('',*,*,#997,.F.);
#997 = EDGE_CURVE('',#998,#990,#1000,.T.);
#998 = VERTEX_POINT('',#999);
#999 = CARTESIAN_POINT('',(33.7,0.,40.098554630823));
#1000 = B_SPLINE_CURVE_WITH_KNOTS('',3,(#1001,#1002,#1003,#1004,#1005,
    #1006,#1007,#1008,#1009,#1010,#1011,#1012,#1013,#1014,#1015,#1016),
  .UNSPECIFIED.,.F.,.F.,(4,2,2,2,2,2,2,4),(4.739835794958E-03,
    5.035904730801E-03,5.331973666643E-03,5.924111538327E-03,
    6.220180474169E-03,6.516249410011E-03,6.812318345853E-03,
    7.108387281696E-03),.UNSPECIFIED.);
#1001 = CARTESIAN_POINT('',(33.7,0.,40.098554630823));
#1002 = CARTESIAN_POINT('',(33.7,-9.867484076011E-02,40.098554630823));
#1003 = CARTESIAN_POINT('',(33.69600049619,-0.198709741143,
    40.08863617458));
#1004 = CARTESIAN_POINT('',(33.680614442276,-0.39309179814,
    40.049522379088));
#1005 = CARTESIAN_POINT('',(33.669378921653,-0.486983558691,
    40.020705566009));
#1006 = CARTESIAN_POINT('',(33.626938080704,-0.759181498559,
    39.907106703835));
#1007 = CARTESIAN_POINT('',(33.587433062013,-0.923234757597,
    39.796858068332));
#1008 = CARTESIAN_POINT('',(33.526223480258,-1.130628605608,
    39.589136451107));
#1009 = CARTESIAN_POINT('',(33.505965479455,-1.192008714919,
    39.514258722737));
#1010 = CARTESIAN_POINT('',(33.46793465734,-1.299965774244,
    39.353198749721));
#1011 = CARTESIAN_POINT('',(33.449984162002,-1.346943954545,
    39.265909306308));
#1012 = CARTESIAN_POINT('',(33.420012633101,-1.422378106223,
    39.084826985079));
#1013 = CARTESIAN_POINT('',(33.40795799822,-1.451025170853,
    38.991296611194));
#1014 = CARTESIAN_POINT('',(33.391366435229,-1.489947858948,
    38.79799306045));
#1015 = CARTESIAN_POINT('',(33.386931771217,-1.5,38.69741488149));
#1016 = CARTESIAN_POINT('',(33.386931771217,-1.5,38.598554630823));
#1017 = ORIENTED_EDGE('',*,*,#1018,.F.);
#1018 = EDGE_CURVE('',#1019,#998,#1021,.T.);
#1019 = VERTEX_POINT('',#1020);
#1020 = CARTESIAN_POINT('',(33.386931771217,1.5,38.598554630823));
#1021 = B_SPLINE_CURVE_WITH_KNOTS('',3,(#1022,#1023,#1024,#1025,#1026,
    #1027,#1028,#1029,#1030,#1031,#1032,#1033,#1034,#1035,#1036,#1037),
  .UNSPECIFIED.,.F.,.F.,(4,2,2,2,2,2,2,4),(2.370829303551E-03,
    2.666955114977E-03,2.963080926403E-03,3.259206737829E-03,
    3.555332549255E-03,3.851458360681E-03,4.147584172107E-03,
    4.739835794958E-03),.UNSPECIFIED.);
#1022 = CARTESIAN_POINT('',(33.386931771217,1.5,38.598554630823));
#1023 = CARTESIAN_POINT('',(33.386931771217,1.5,38.69755963145));
#1024 = CARTESIAN_POINT('',(33.391370297141,1.489938908954,
    38.798049349319));
#1025 = CARTESIAN_POINT('',(33.407960122953,1.451020076542,
    38.991310066935));
#1026 = CARTESIAN_POINT('',(33.420080638393,1.422225178633,
    39.085448824751));
#1027 = CARTESIAN_POINT('',(33.450373817909,1.345944735338,
    39.268049353906));
#1028 = CARTESIAN_POINT('',(33.468061716272,1.299629606589,
    39.35380507636));
#1029 = CARTESIAN_POINT('',(33.506193541237,1.19133658178,
    39.515155688383));
#1030 = CARTESIAN_POINT('',(33.526850012207,1.128612895059,
    39.591352689096));
#1031 = CARTESIAN_POINT('',(33.567312443887,0.991299026539,
    39.72848440359));
#1032 = CARTESIAN_POINT('',(33.587208060307,0.916584540589,
    39.789937700511));
#1033 = CARTESIAN_POINT('',(33.624250568494,0.754514714192,
    39.898642468184));
#1034 = CARTESIAN_POINT('',(33.64131146722,0.667114016314,
    39.945586243793));
#1035 = CARTESIAN_POINT('',(33.683417966193,0.396706597983,
    40.058268638265));
#1036 = CARTESIAN_POINT('',(33.7,0.197387592888,40.098554630823));
#1037 = CARTESIAN_POINT('',(33.7,0.,40.098554630823));
#1038 = ORIENTED_EDGE('',*,*,#1039,.F.);
#1039 = EDGE_CURVE('',#1040,#1019,#1042,.T.);
#1040 = VERTEX_POINT('',#1041);
#1041 = CARTESIAN_POINT('',(33.386931771217,1.5,18.121752815091));
#1042 = LINE('',#1043,#1044);
#1043 = CARTESIAN_POINT('',(33.386931771217,1.5,-59.));
#1044 = VECTOR('',#1045,1.);
#1045 = DIRECTION('',(0.,0.,1.));
#1046 = ORIENTED_EDGE('',*,*,#1047,.F.);
#1047 = EDGE_CURVE('',#971,#1040,#1048,.T.);
#1048 = B_SPLINE_CURVE_WITH_KNOTS('',3,(#1049,#1050,#1051,#1052,#1053,
    #1054,#1055,#1056,#1057,#1058,#1059,#1060,#1061,#1062),
  .UNSPECIFIED.,.F.,.F.,(4,2,2,2,2,2,4),(0.,2.963536629439E-04,
    5.927073258878E-04,1.185414651776E-03,1.778121977664E-03,
    2.074475640607E-03,2.370829303551E-03),.UNSPECIFIED.);
#1049 = CARTESIAN_POINT('',(33.7,0.,16.621752815091));
#1050 = CARTESIAN_POINT('',(33.7,0.100279342806,16.621752815091));
#1051 = CARTESIAN_POINT('',(33.695987385316,0.198684837114,
    16.631705901336));
#1052 = CARTESIAN_POINT('',(33.680718977645,0.391960540464,
    16.670518028983));
#1053 = CARTESIAN_POINT('',(33.669263903652,0.48784908116,
    16.699901916641));
#1054 = CARTESIAN_POINT('',(33.626794225737,0.759846738217,
    16.813601543996));
#1055 = CARTESIAN_POINT('',(33.58695627408,0.924871812364,
    16.925049194782));
#1056 = CARTESIAN_POINT('',(33.506206106708,1.19843103076,
    17.199120445901));
#1057 = CARTESIAN_POINT('',(33.464860061551,1.309497584902,
    17.364588209616));
#1058 = CARTESIAN_POINT('',(33.420122675019,1.42210404493,
    17.634781946808));
#1059 = CARTESIAN_POINT('',(33.407788247298,1.451429078362,
    17.730398073467));
#1060 = CARTESIAN_POINT('',(33.391222808275,1.490279006251,
    17.924589464453));
#1061 = CARTESIAN_POINT('',(33.386931771217,1.5,18.022671635898));
#1062 = CARTESIAN_POINT('',(33.386931771217,1.5,18.121752815091));
#1063 = FACE_BOUND('',#1064,.F.);
#1064 = EDGE_LOOP('',(#1065,#1086,#1094,#1115,#1136,#1144));
#1065 = ORIENTED_EDGE('',*,*,#1066,.F.);
#1066 = EDGE_CURVE('',#1067,#1069,#1071,.T.);
#1067 = VERTEX_POINT('',#1068);
#1068 = CARTESIAN_POINT('',(33.386931771217,-1.5,46.029904847316));
#1069 = VERTEX_POINT('',#1070);
#1070 = CARTESIAN_POINT('',(33.7,0.,44.529904847316));
#1071 = B_SPLINE_CURVE_WITH_KNOTS('',3,(#1072,#1073,#1074,#1075,#1076,
    #1077,#1078,#1079,#1080,#1081,#1082,#1083,#1084,#1085),
  .UNSPECIFIED.,.F.,.F.,(4,2,2,2,2,2,4),(7.108387281696E-03,
    7.70043069558E-03,7.996452402522E-03,8.292474109464E-03,
    8.588495816407E-03,8.884517523349E-03,9.476560937233E-03),
  .UNSPECIFIED.);
#1072 = CARTESIAN_POINT('',(33.386931771217,-1.5,46.029904847316));
#1073 = CARTESIAN_POINT('',(33.386931771217,-1.5,45.832215886345));
#1074 = CARTESIAN_POINT('',(33.405156793005,-1.459779005678,
    45.633263047255));
#1075 = CARTESIAN_POINT('',(33.450021786071,-1.3468438289,
    45.362385884067));
#1076 = CARTESIAN_POINT('',(33.467972362421,-1.29987765736,
    45.275048367133));
#1077 = CARTESIAN_POINT('',(33.506200873171,-1.191321458095,
    45.113256925124));
#1078 = CARTESIAN_POINT('',(33.526461408272,-1.129852234917,
    45.038490478602));
#1079 = CARTESIAN_POINT('',(33.567042317648,-0.992293882855,
    44.90082496826));
#1080 = CARTESIAN_POINT('',(33.587291127234,-0.916210112665,
    44.838280796257));
#1081 = CARTESIAN_POINT('',(33.624118007843,-0.755105674225,
    44.730203239114));
#1082 = CARTESIAN_POINT('',(33.640928714313,-0.669394639976,
    44.683908349802));
#1083 = CARTESIAN_POINT('',(33.683674856034,-0.395408525574,
    44.569481922509));
#1084 = CARTESIAN_POINT('',(33.7,-0.200334032883,44.529904847316));
#1085 = CARTESIAN_POINT('',(33.7,0.,44.529904847316));
#1086 = ORIENTED_EDGE('',*,*,#1087,.F.);
#1087 = EDGE_CURVE('',#1088,#1067,#1090,.T.);
#1088 = VERTEX_POINT('',#1089);
#1089 = CARTESIAN_POINT('',(33.386931771217,-1.5,51.475291422165));
#1090 = LINE('',#1091,#1092);
#1091 = CARTESIAN_POINT('',(33.386931771217,-1.5,-59.));
#1092 = VECTOR('',#1093,1.);
#1093 = DIRECTION('',(0.,0.,-1.));
#1094 = ORIENTED_EDGE('',*,*,#1095,.F.);
#1095 = EDGE_CURVE('',#1096,#1088,#1098,.T.);
#1096 = VERTEX_POINT('',#1097);
#1097 = CARTESIAN_POINT('',(33.7,0.,52.975291422165));
#1098 = B_SPLINE_CURVE_WITH_KNOTS('',3,(#1099,#1100,#1101,#1102,#1103,
    #1104,#1105,#1106,#1107,#1108,#1109,#1110,#1111,#1112,#1113,#1114),
  .UNSPECIFIED.,.F.,.F.,(4,2,2,2,2,2,2,4),(4.739835794958E-03,
    5.035904730801E-03,5.331973666643E-03,5.924111538327E-03,
    6.220180474169E-03,6.516249410011E-03,6.812318345853E-03,
    7.108387281696E-03),.UNSPECIFIED.);
#1099 = CARTESIAN_POINT('',(33.7,0.,52.975291422165));
#1100 = CARTESIAN_POINT('',(33.7,-9.867484076011E-02,52.975291422165));
#1101 = CARTESIAN_POINT('',(33.69600049619,-0.198709741143,
    52.965372965922));
#1102 = CARTESIAN_POINT('',(33.680614442276,-0.39309179814,
    52.926259170429));
#1103 = CARTESIAN_POINT('',(33.669378921653,-0.486983558691,
    52.89744235735));
#1104 = CARTESIAN_POINT('',(33.626938080704,-0.759181498559,
    52.783843495176));
#1105 = CARTESIAN_POINT('',(33.587433062013,-0.923234757597,
    52.673594859673));
#1106 = CARTESIAN_POINT('',(33.526223480258,-1.130628605608,
    52.465873242448));
#1107 = CARTESIAN_POINT('',(33.505965479455,-1.192008714919,
    52.390995514079));
#1108 = CARTESIAN_POINT('',(33.46793465734,-1.299965774244,
    52.229935541062));
#1109 = CARTESIAN_POINT('',(33.449984162002,-1.346943954545,
    52.142646097649));
#1110 = CARTESIAN_POINT('',(33.420012633101,-1.422378106223,
    51.96156377642));
#1111 = CARTESIAN_POINT('',(33.40795799822,-1.451025170853,
    51.868033402535));
#1112 = CARTESIAN_POINT('',(33.391366435229,-1.489947858948,
    51.674729851791));
#1113 = CARTESIAN_POINT('',(33.386931771217,-1.5,51.574151672832));
#1114 = CARTESIAN_POINT('',(33.386931771217,-1.5,51.475291422165));
#1115 = ORIENTED_EDGE('',*,*,#1116,.F.);
#1116 = EDGE_CURVE('',#1117,#1096,#1119,.T.);
#1117 = VERTEX_POINT('',#1118);
#1118 = CARTESIAN_POINT('',(33.386931771217,1.5,51.475291422165));
#1119 = B_SPLINE_CURVE_WITH_KNOTS('',3,(#1120,#1121,#1122,#1123,#1124,
    #1125,#1126,#1127,#1128,#1129,#1130,#1131,#1132,#1133,#1134,#1135),
  .UNSPECIFIED.,.F.,.F.,(4,2,2,2,2,2,2,4),(2.370829303551E-03,
    2.666955114977E-03,2.963080926403E-03,3.259206737829E-03,
    3.555332549255E-03,3.851458360681E-03,4.147584172107E-03,
    4.739835794958E-03),.UNSPECIFIED.);
#1120 = CARTESIAN_POINT('',(33.386931771217,1.5,51.475291422165));
#1121 = CARTESIAN_POINT('',(33.386931771217,1.5,51.574296422791));
#1122 = CARTESIAN_POINT('',(33.391370297141,1.489938908954,
    51.67478614066));
#1123 = CARTESIAN_POINT('',(33.407960122953,1.451020076542,
    51.868046858276));
#1124 = CARTESIAN_POINT('',(33.420080638393,1.422225178633,
    51.962185616092));
#1125 = CARTESIAN_POINT('',(33.450373817909,1.345944735338,
    52.144786145247));
#1126 = CARTESIAN_POINT('',(33.468061716272,1.299629606589,
    52.230541867701));
#1127 = CARTESIAN_POINT('',(33.506193541237,1.19133658178,
    52.391892479724));
#1128 = CARTESIAN_POINT('',(33.526850012207,1.128612895059,
    52.468089480437));
#1129 = CARTESIAN_POINT('',(33.567312443887,0.991299026539,
    52.605221194931));
#1130 = CARTESIAN_POINT('',(33.587208060307,0.916584540589,
    52.666674491852));
#1131 = CARTESIAN_POINT('',(33.624250568494,0.754514714192,
    52.775379259526));
#1132 = CARTESIAN_POINT('',(33.64131146722,0.667114016314,
    52.822323035134));
#1133 = CARTESIAN_POINT('',(33.683417966193,0.396706597983,
    52.935005429607));
#1134 = CARTESIAN_POINT('',(33.7,0.197387592888,52.975291422165));
#1135 = CARTESIAN_POINT('',(33.7,0.,52.975291422165));
#1136 = ORIENTED_EDGE('',*,*,#1137,.F.);
#1137 = EDGE_CURVE('',#1138,#1117,#1140,.T.);
#1138 = VERTEX_POINT('',#1139);
#1139 = CARTESIAN_POINT('',(33.386931771217,1.5,46.029904847316));
#1140 = LINE('',#1141,#1142);
#1141 = CARTESIAN_POINT('',(33.386931771217,1.5,-59.));
#1142 = VECTOR('',#1143,1.);
#1143 = DIRECTION('',(0.,0.,1.));
#1144 = ORIENTED_EDGE('',*,*,#1145,.F.);
#1145 = EDGE_CURVE('',#1069,#1138,#1146,.T.);
#1146 = B_SPLINE_CURVE_WITH_KNOTS('',3,(#1147,#1148,#1149,#1150,#1151,
    #1152,#1153,#1154,#1155,#1156,#1157,#1158,#1159,#1160),
  .UNSPECIFIED.,.F.,.F.,(4,2,2,2,2,2,4),(0.,2.963536629439E-04,
    5.927073258878E-04,1.185414651776E-03,1.778121977663E-03,
    2.074475640607E-03,2.370829303551E-03),.UNSPECIFIED.);
#1147 = CARTESIAN_POINT('',(33.7,0.,44.529904847316));
#1148 = CARTESIAN_POINT('',(33.7,0.100279342806,44.529904847316));
#1149 = CARTESIAN_POINT('',(33.695987385316,0.198684837114,
    44.539857933561));
#1150 = CARTESIAN_POINT('',(33.680718977645,0.391960540464,
    44.578670061209));
#1151 = CARTESIAN_POINT('',(33.669263903652,0.48784908116,
    44.608053948866));
#1152 = CARTESIAN_POINT('',(33.626794225737,0.759846738217,
    44.721753576221));
#1153 = CARTESIAN_POINT('',(33.58695627408,0.924871812364,
    44.833201227008));
#1154 = CARTESIAN_POINT('',(33.506206106708,1.19843103076,
    45.107272478126));
#1155 = CARTESIAN_POINT('',(33.464860061551,1.309497584902,
    45.272740241841));
#1156 = CARTESIAN_POINT('',(33.420122675019,1.42210404493,
    45.542933979033));
#1157 = CARTESIAN_POINT('',(33.407788247298,1.451429078362,
    45.638550105692));
#1158 = CARTESIAN_POINT('',(33.391222808275,1.490279006251,
    45.832741496678));
#1159 = CARTESIAN_POINT('',(33.386931771217,1.5,45.930823668123));
#1160 = CARTESIAN_POINT('',(33.386931771217,1.5,46.029904847316));
#1161 = CYLINDRICAL_SURFACE('',#1162,3.75);
#1162 = AXIS2_PLACEMENT_3D('',#1163,#1164,#1165);
#1163 = CARTESIAN_POINT('',(29.95,0.,-59.));
#1164 = DIRECTION('',(0.,0.,1.));
#1165 = DIRECTION('',(1.,0.,0.));
#1166 = ADVANCED_FACE('',(#1167,#1344),#1450,.F.);
#1167 = FACE_BOUND('',#1168,.F.);
#1168 = EDGE_LOOP('',(#1169,#1192,#1200,#1208,#1209,#1217,#1226,#1235,
    #1243,#1262,#1281,#1289,#1298,#1305,#1306,#1307,#1317,#1325));
#1169 = ORIENTED_EDGE('',*,*,#1170,.F.);
#1170 = EDGE_CURVE('',#1171,#1173,#1175,.T.);
#1171 = VERTEX_POINT('',#1172);
#1172 = CARTESIAN_POINT('',(-10.44454011044,1.5,-68.93693177121));
#1173 = VERTEX_POINT('',#1174);
#1174 = CARTESIAN_POINT('',(-8.944540110447,0.,-69.25));
#1175 = B_SPLINE_CURVE_WITH_KNOTS('',3,(#1176,#1177,#1178,#1179,#1180,
    #1181,#1182,#1183,#1184,#1185,#1186,#1187,#1188,#1189,#1190,#1191),
  .UNSPECIFIED.,.F.,.F.,(4,2,2,2,2,2,2,4),(2.370829303551E-03,
    2.666955114977E-03,2.963080926403E-03,3.259206737829E-03,
    3.555332549255E-03,3.851458360681E-03,4.147584172107E-03,
    4.739835794958E-03),.UNSPECIFIED.);
#1176 = CARTESIAN_POINT('',(-10.44454011044,1.5,-68.93693177121));
#1177 = CARTESIAN_POINT('',(-10.34553510982,1.5,-68.93693177121));
#1178 = CARTESIAN_POINT('',(-10.24504539195,1.489938908954,
    -68.94137029714));
#1179 = CARTESIAN_POINT('',(-10.05178467433,1.451020076542,
    -68.95796012295));
#1180 = CARTESIAN_POINT('',(-9.957645916519,1.422225178633,
    -68.97008063839));
#1181 = CARTESIAN_POINT('',(-9.775045387364,1.345944735338,
    -69.0003738179));
#1182 = CARTESIAN_POINT('',(-9.68928966491,1.299629606589,
    -69.01806171627));
#1183 = CARTESIAN_POINT('',(-9.527939052887,1.19133658178,
    -69.05619354123));
#1184 = CARTESIAN_POINT('',(-9.451742052174,1.128612895059,
    -69.0768500122));
#1185 = CARTESIAN_POINT('',(-9.31461033768,0.991299026539,
    -69.11731244388));
#1186 = CARTESIAN_POINT('',(-9.253157040759,0.916584540589,
    -69.1372080603));
#1187 = CARTESIAN_POINT('',(-9.144452273086,0.754514714192,
    -69.17425056849));
#1188 = CARTESIAN_POINT('',(-9.097508497478,0.667114016314,
    -69.19131146722));
#1189 = CARTESIAN_POINT('',(-8.984826103005,0.396706597983,
    -69.23341796619));
#1190 = CARTESIAN_POINT('',(-8.944540110447,0.197387592888,-69.25));
#1191 = CARTESIAN_POINT('',(-8.944540110447,0.,-69.25));
#1192 = ORIENTED_EDGE('',*,*,#1193,.F.);
#1193 = EDGE_CURVE('',#1194,#1171,#1196,.T.);
#1194 = VERTEX_POINT('',#1195);
#1195 = CARTESIAN_POINT('',(-23.21008920865,1.5,-68.93693177121));
#1196 = LINE('',#1197,#1198);
#1197 = CARTESIAN_POINT('',(-23.45,1.5,-68.93693177121));
#1198 = VECTOR('',#1199,1.);
#1199 = DIRECTION('',(1.,0.,0.));
#1200 = ORIENTED_EDGE('',*,*,#1201,.F.);
#1201 = EDGE_CURVE('',#886,#1194,#1202,.T.);
#1202 = B_SPLINE_CURVE_WITH_KNOTS('',3,(#1203,#1204,#1205,#1206,#1207),
  .UNSPECIFIED.,.F.,.F.,(4,1,4),(2.129664151842E-03,2.250246727697E-03,
    2.370829303551E-03),.QUASI_UNIFORM_KNOTS.);
#1203 = CARTESIAN_POINT('',(-23.45,1.48068997842,-68.9452949348));
#1204 = CARTESIAN_POINT('',(-23.41034268915,1.487115507712,
    -68.94253342468));
#1205 = CARTESIAN_POINT('',(-23.33070085747,1.496754785086,
    -68.93835077606));
#1206 = CARTESIAN_POINT('',(-23.25040409353,1.5,-68.93693177121));
#1207 = CARTESIAN_POINT('',(-23.21008920865,1.5,-68.93693177121));
#1208 = ORIENTED_EDGE('',*,*,#885,.T.);
#1209 = ORIENTED_EDGE('',*,*,#1210,.T.);
#1210 = EDGE_CURVE('',#877,#1211,#1213,.T.);
#1211 = VERTEX_POINT('',#1212);
#1212 = CARTESIAN_POINT('',(23.45,3.75,-65.5));
#1213 = LINE('',#1214,#1215);
#1214 = CARTESIAN_POINT('',(-23.45,3.75,-65.5));
#1215 = VECTOR('',#1216,1.);
#1216 = DIRECTION('',(1.,0.,0.));
#1217 = ORIENTED_EDGE('',*,*,#1218,.F.);
#1218 = EDGE_CURVE('',#1219,#1211,#1221,.T.);
#1219 = VERTEX_POINT('',#1220);
#1220 = CARTESIAN_POINT('',(23.45,1.48068997842,-68.9452949348));
#1221 = CIRCLE('',#1222,3.75);
#1222 = AXIS2_PLACEMENT_3D('',#1223,#1224,#1225);
#1223 = CARTESIAN_POINT('',(23.45,0.,-65.5));
#1224 = DIRECTION('',(1.,-0.,0.));
#1225 = DIRECTION('',(0.,0.,-1.));
#1226 = ORIENTED_EDGE('',*,*,#1227,.T.);
#1227 = EDGE_CURVE('',#1219,#1228,#1230,.T.);
#1228 = VERTEX_POINT('',#1229);
#1229 = CARTESIAN_POINT('',(23.21008920865,1.5,-68.93693177121));
#1230 = B_SPLINE_CURVE_WITH_KNOTS('',3,(#1231,#1232,#1233,#1234),
  .UNSPECIFIED.,.F.,.F.,(4,4),(0.,2.399895140113E-04),
  .PIECEWISE_BEZIER_KNOTS.);
#1231 = CARTESIAN_POINT('',(23.45,1.48068997842,-68.9452949348));
#1232 = CARTESIAN_POINT('',(23.370056828535,1.493642878628,
    -68.93972814592));
#1233 = CARTESIAN_POINT('',(23.290086298335,1.5,-68.93693177121));
#1234 = CARTESIAN_POINT('',(23.21008920865,1.5,-68.93693177121));
#1235 = ORIENTED_EDGE('',*,*,#1236,.T.);
#1236 = EDGE_CURVE('',#1228,#1237,#1239,.T.);
#1237 = VERTEX_POINT('',#1238);
#1238 = CARTESIAN_POINT('',(10.444540110447,1.5,-68.93693177121));
#1239 = LINE('',#1240,#1241);
#1240 = CARTESIAN_POINT('',(-23.45,1.5,-68.93693177121));
#1241 = VECTOR('',#1242,1.);
#1242 = DIRECTION('',(-1.,-0.,-0.));
#1243 = ORIENTED_EDGE('',*,*,#1244,.T.);
#1244 = EDGE_CURVE('',#1237,#1245,#1247,.T.);
#1245 = VERTEX_POINT('',#1246);
#1246 = CARTESIAN_POINT('',(8.944540110447,0.,-69.25));
#1247 = B_SPLINE_CURVE_WITH_KNOTS('',3,(#1248,#1249,#1250,#1251,#1252,
    #1253,#1254,#1255,#1256,#1257,#1258,#1259,#1260,#1261),
  .UNSPECIFIED.,.F.,.F.,(4,2,2,2,2,2,4),(7.108387281696E-03,
    7.70043069558E-03,7.996452402522E-03,8.292474109464E-03,
    8.588495816407E-03,8.884517523349E-03,9.476560937233E-03),
  .UNSPECIFIED.);
#1248 = CARTESIAN_POINT('',(10.444540110447,1.5,-68.93693177121));
#1249 = CARTESIAN_POINT('',(10.246851149476,1.5,-68.93693177121));
#1250 = CARTESIAN_POINT('',(10.047898310386,1.459779005678,-68.955156793
    ));
#1251 = CARTESIAN_POINT('',(9.777021147197,1.3468438289,-69.00002178607)
  );
#1252 = CARTESIAN_POINT('',(9.689683630264,1.29987765736,-69.01797236242
    ));
#1253 = CARTESIAN_POINT('',(9.527892188254,1.191321458095,
    -69.05620087317));
#1254 = CARTESIAN_POINT('',(9.453125741733,1.129852234917,
    -69.07646140827));
#1255 = CARTESIAN_POINT('',(9.315460231391,0.992293882855,
    -69.11704231764));
#1256 = CARTESIAN_POINT('',(9.252916059388,0.916210112665,
    -69.13729112723));
#1257 = CARTESIAN_POINT('',(9.144838502244,0.755105674225,
    -69.17411800784));
#1258 = CARTESIAN_POINT('',(9.098543612932,0.669394639976,
    -69.19092871431));
#1259 = CARTESIAN_POINT('',(8.984117185639,0.395408525574,
    -69.23367485603));
#1260 = CARTESIAN_POINT('',(8.944540110447,0.200334032883,-69.25));
#1261 = CARTESIAN_POINT('',(8.944540110447,0.,-69.25));
#1262 = ORIENTED_EDGE('',*,*,#1263,.T.);
#1263 = EDGE_CURVE('',#1245,#1264,#1266,.T.);
#1264 = VERTEX_POINT('',#1265);
#1265 = CARTESIAN_POINT('',(10.444540110447,-1.5,-68.93693177121));
#1266 = B_SPLINE_CURVE_WITH_KNOTS('',3,(#1267,#1268,#1269,#1270,#1271,
    #1272,#1273,#1274,#1275,#1276,#1277,#1278,#1279,#1280),
  .UNSPECIFIED.,.F.,.F.,(4,2,2,2,2,2,4),(0.,2.963536629439E-04,
    5.927073258878E-04,1.185414651776E-03,1.778121977664E-03,
    2.074475640607E-03,2.370829303551E-03),.UNSPECIFIED.);
#1267 = CARTESIAN_POINT('',(8.944540110447,0.,-69.25));
#1268 = CARTESIAN_POINT('',(8.944540110447,-0.100279342806,-69.25));
#1269 = CARTESIAN_POINT('',(8.954493196692,-0.198684837114,
    -69.24598738531));
#1270 = CARTESIAN_POINT('',(8.993305324339,-0.391960540464,
    -69.23071897764));
#1271 = CARTESIAN_POINT('',(9.022689211997,-0.48784908116,
    -69.21926390365));
#1272 = CARTESIAN_POINT('',(9.136388839351,-0.759846738217,
    -69.17679422573));
#1273 = CARTESIAN_POINT('',(9.247836490138,-0.924871812364,
    -69.13695627408));
#1274 = CARTESIAN_POINT('',(9.521907741257,-1.19843103076,-69.0562061067
    ));
#1275 = CARTESIAN_POINT('',(9.687375504972,-1.309497584902,
    -69.01486006155));
#1276 = CARTESIAN_POINT('',(9.957569242164,-1.42210404493,
    -68.97012267501));
#1277 = CARTESIAN_POINT('',(10.053185368823,-1.451429078362,
    -68.95778824729));
#1278 = CARTESIAN_POINT('',(10.247376759809,-1.490279006251,
    -68.94122280827));
#1279 = CARTESIAN_POINT('',(10.345458931254,-1.5,-68.93693177121));
#1280 = CARTESIAN_POINT('',(10.444540110447,-1.5,-68.93693177121));
#1281 = ORIENTED_EDGE('',*,*,#1282,.T.);
#1282 = EDGE_CURVE('',#1264,#1283,#1285,.T.);
#1283 = VERTEX_POINT('',#1284);
#1284 = CARTESIAN_POINT('',(23.21008920865,-1.5,-68.93693177121));
#1285 = LINE('',#1286,#1287);
#1286 = CARTESIAN_POINT('',(-23.45,-1.5,-68.93693177121));
#1287 = VECTOR('',#1288,1.);
#1288 = DIRECTION('',(1.,0.,0.));
#1289 = ORIENTED_EDGE('',*,*,#1290,.T.);
#1290 = EDGE_CURVE('',#1283,#1291,#1293,.T.);
#1291 = VERTEX_POINT('',#1292);
#1292 = CARTESIAN_POINT('',(23.45,-1.48068997842,-68.9452949348));
#1293 = B_SPLINE_CURVE_WITH_KNOTS('',3,(#1294,#1295,#1296,#1297),
  .UNSPECIFIED.,.F.,.F.,(4,4),(4.980640540542E-03,5.219087820161E-03),
  .PIECEWISE_BEZIER_KNOTS.);
#1294 = CARTESIAN_POINT('',(23.21008920865,-1.5,-68.93693177121));
#1295 = CARTESIAN_POINT('',(23.290559408738,-1.5,-68.93693177121));
#1296 = CARTESIAN_POINT('',(23.370528699492,-1.4935664231,
    -68.93976100434));
#1297 = CARTESIAN_POINT('',(23.45,-1.48068997842,-68.9452949348));
#1298 = ORIENTED_EDGE('',*,*,#1299,.F.);
#1299 = EDGE_CURVE('',#185,#1291,#1300,.T.);
#1300 = CIRCLE('',#1301,3.75);
#1301 = AXIS2_PLACEMENT_3D('',#1302,#1303,#1304);
#1302 = CARTESIAN_POINT('',(23.45,0.,-65.5));
#1303 = DIRECTION('',(1.,-0.,0.));
#1304 = DIRECTION('',(0.,0.,-1.));
#1305 = ORIENTED_EDGE('',*,*,#193,.F.);
#1306 = ORIENTED_EDGE('',*,*,#924,.T.);
#1307 = ORIENTED_EDGE('',*,*,#1308,.F.);
#1308 = EDGE_CURVE('',#1309,#910,#1311,.T.);
#1309 = VERTEX_POINT('',#1310);
#1310 = CARTESIAN_POINT('',(-23.21008920865,-1.5,-68.93693177121));
#1311 = B_SPLINE_CURVE_WITH_KNOTS('',3,(#1312,#1313,#1314,#1315,#1316),
  .UNSPECIFIED.,.F.,.F.,(4,1,4),(7.108387281696E-03,7.228723105421E-03,
    7.349058929146E-03),.UNSPECIFIED.);
#1312 = CARTESIAN_POINT('',(-23.21008920865,-1.5,-68.93693177121));
#1313 = CARTESIAN_POINT('',(-23.25027049164,-1.5,-68.93693177121));
#1314 = CARTESIAN_POINT('',(-23.33043627123,-1.496776087549,
    -68.93834144661));
#1315 = CARTESIAN_POINT('',(-23.41021116567,-1.48713681798,
    -68.94252426613));
#1316 = CARTESIAN_POINT('',(-23.45,-1.48068997842,-68.9452949348));
#1317 = ORIENTED_EDGE('',*,*,#1318,.F.);
#1318 = EDGE_CURVE('',#1319,#1309,#1321,.T.);
#1319 = VERTEX_POINT('',#1320);
#1320 = CARTESIAN_POINT('',(-10.44454011044,-1.5,-68.93693177121));
#1321 = LINE('',#1322,#1323);
#1322 = CARTESIAN_POINT('',(-23.45,-1.5,-68.93693177121));
#1323 = VECTOR('',#1324,1.);
#1324 = DIRECTION('',(-1.,-0.,-0.));
#1325 = ORIENTED_EDGE('',*,*,#1326,.F.);
#1326 = EDGE_CURVE('',#1173,#1319,#1327,.T.);
#1327 = B_SPLINE_CURVE_WITH_KNOTS('',3,(#1328,#1329,#1330,#1331,#1332,
    #1333,#1334,#1335,#1336,#1337,#1338,#1339,#1340,#1341,#1342,#1343),
  .UNSPECIFIED.,.F.,.F.,(4,2,2,2,2,2,2,4),(4.739835794958E-03,
    5.035904730801E-03,5.331973666643E-03,5.924111538327E-03,
    6.220180474169E-03,6.516249410011E-03,6.812318345853E-03,
    7.108387281696E-03),.UNSPECIFIED.);
#1328 = CARTESIAN_POINT('',(-8.944540110447,0.,-69.25));
#1329 = CARTESIAN_POINT('',(-8.944540110447,-9.867484076011E-02,-69.25)
  );
#1330 = CARTESIAN_POINT('',(-8.95445856669,-0.198709741143,
    -69.24600049619));
#1331 = CARTESIAN_POINT('',(-8.993572362182,-0.39309179814,
    -69.23061444227));
#1332 = CARTESIAN_POINT('',(-9.022389175261,-0.486983558691,
    -69.21937892165));
#1333 = CARTESIAN_POINT('',(-9.135988037435,-0.759181498559,
    -69.1769380807));
#1334 = CARTESIAN_POINT('',(-9.246236672938,-0.923234757597,
    -69.13743306201));
#1335 = CARTESIAN_POINT('',(-9.453958290163,-1.130628605608,
    -69.07622348025));
#1336 = CARTESIAN_POINT('',(-9.528836018533,-1.192008714919,
    -69.05596547945));
#1337 = CARTESIAN_POINT('',(-9.689895991549,-1.299965774244,
    -69.01793465734));
#1338 = CARTESIAN_POINT('',(-9.777185434962,-1.346943954545,
    -68.999984162));
#1339 = CARTESIAN_POINT('',(-9.958267756191,-1.422378106223,
    -68.9700126331));
#1340 = CARTESIAN_POINT('',(-10.05179813007,-1.451025170853,
    -68.95795799822));
#1341 = CARTESIAN_POINT('',(-10.24510168082,-1.489947858948,
    -68.94136643522));
#1342 = CARTESIAN_POINT('',(-10.34567985978,-1.5,-68.93693177121));
#1343 = CARTESIAN_POINT('',(-10.44454011044,-1.5,-68.93693177121));
#1344 = FACE_BOUND('',#1345,.F.);
#1345 = EDGE_LOOP('',(#1346,#1371,#1379,#1400,#1421,#1429));
#1346 = ORIENTED_EDGE('',*,*,#1347,.T.);
#1347 = EDGE_CURVE('',#1348,#1350,#1352,.T.);
#1348 = VERTEX_POINT('',#1349);
#1349 = CARTESIAN_POINT('',(5.875,0.,-69.25));
#1350 = VERTEX_POINT('',#1351);
#1351 = CARTESIAN_POINT('',(3.375,2.5,-68.29508497187));
#1352 = B_SPLINE_CURVE_WITH_KNOTS('',3,(#1353,#1354,#1355,#1356,#1357,
    #1358,#1359,#1360,#1361,#1362,#1363,#1364,#1365,#1366,#1367,#1368,
    #1369,#1370),.UNSPECIFIED.,.F.,.F.,(4,2,2,2,2,2,2,2,4),(
    8.079931812297E-03,8.584050297911E-03,9.088168783525E-03,
    9.592287269139E-03,1.009640575475E-02,1.060052424037E-02,
    1.110464272598E-02,1.160876121159E-02,1.211287969721E-02),
  .UNSPECIFIED.);
#1353 = CARTESIAN_POINT('',(5.875,0.,-69.25));
#1354 = CARTESIAN_POINT('',(5.875,0.168256571034,-69.25));
#1355 = CARTESIAN_POINT('',(5.857575530608,0.339150056787,
    -69.23831962919));
#1356 = CARTESIAN_POINT('',(5.789909288264,0.668144561942,
    -69.19372972149));
#1357 = CARTESIAN_POINT('',(5.740293917519,0.826295869642,-69.161231276)
  );
#1358 = CARTESIAN_POINT('',(5.610756043542,1.13082938333,-69.07891103918
    ));
#1359 = CARTESIAN_POINT('',(5.532355195467,1.27339813115,-69.03007389385
    ));
#1360 = CARTESIAN_POINT('',(5.351948903658,1.538634872916,-68.9228010787
    ));
#1361 = CARTESIAN_POINT('',(5.248712294104,1.662592667169,-68.8636710923
    ));
#1362 = CARTESIAN_POINT('',(5.024259332722,1.885459039977,
    -68.74400089437));
#1363 = CARTESIAN_POINT('',(4.902657721597,1.985341085824,
    -68.68312564027));
#1364 = CARTESIAN_POINT('',(4.638633997295,2.162994790168,
    -68.56517888655));
#1365 = CARTESIAN_POINT('',(4.496720691742,2.240041585882,
    -68.50849596359));
#1366 = CARTESIAN_POINT('',(4.199412244511,2.36566863019,-68.41074667423
    ));
#1367 = CARTESIAN_POINT('',(4.040978910217,2.415474076048,
    -68.36879000972));
#1368 = CARTESIAN_POINT('',(3.712878106015,2.482716517525,-68.3107987878
    ));
#1369 = CARTESIAN_POINT('',(3.545683690442,2.5,-68.29508497187));
#1370 = CARTESIAN_POINT('',(3.375,2.5,-68.29508497187));
#1371 = ORIENTED_EDGE('',*,*,#1372,.T.);
#1372 = EDGE_CURVE('',#1350,#1373,#1375,.T.);
#1373 = VERTEX_POINT('',#1374);
#1374 = CARTESIAN_POINT('',(-3.375,2.5,-68.29508497187));
#1375 = LINE('',#1376,#1377);
#1376 = CARTESIAN_POINT('',(-23.45,2.5,-68.29508497187));
#1377 = VECTOR('',#1378,1.);
#1378 = DIRECTION('',(-1.,-0.,-0.));
#1379 = ORIENTED_EDGE('',*,*,#1380,.T.);
#1380 = EDGE_CURVE('',#1373,#1381,#1383,.T.);
#1381 = VERTEX_POINT('',#1382);
#1382 = CARTESIAN_POINT('',(-5.875,0.,-69.25));
#1383 = B_SPLINE_CURVE_WITH_KNOTS('',3,(#1384,#1385,#1386,#1387,#1388,
    #1389,#1390,#1391,#1392,#1393,#1394,#1395,#1396,#1397,#1398,#1399),
  .UNSPECIFIED.,.F.,.F.,(4,2,2,2,2,2,2,4),(1.211287969721E-02,
    1.261741831409E-02,1.312195693098E-02,1.413103416475E-02,
    1.463557278164E-02,1.514011139853E-02,1.564465001541E-02,
    1.61491886323E-02),.UNSPECIFIED.);
#1384 = CARTESIAN_POINT('',(-3.375,2.5,-68.29508497187));
#1385 = CARTESIAN_POINT('',(-3.545825937866,2.5,-68.29508497187));
#1386 = CARTESIAN_POINT('',(-3.71456622358,2.482452982963,-68.3110310797
    ));
#1387 = CARTESIAN_POINT('',(-4.041668430059,2.415249725635,
    -68.36897844301));
#1388 = CARTESIAN_POINT('',(-4.20119666477,2.36505458241,-68.41125101277
    ));
#1389 = CARTESIAN_POINT('',(-4.647354247771,2.176109164266,
    -68.55818760932));
#1390 = CARTESIAN_POINT('',(-4.914217435934,1.995194349936,
    -68.68523952146));
#1391 = CARTESIAN_POINT('',(-5.250444586943,1.66063400651,
    -68.86464077164));
#1392 = CARTESIAN_POINT('',(-5.353669827791,1.536413840366,
    -68.92379888176));
#1393 = CARTESIAN_POINT('',(-5.533707267321,1.271095869829,
    -69.03090378817));
#1394 = CARTESIAN_POINT('',(-5.610997741027,1.130055082245,
    -69.07906973375));
#1395 = CARTESIAN_POINT('',(-5.739089272506,0.829332441429,
    -69.1604606745));
#1396 = CARTESIAN_POINT('',(-5.790083949946,0.667430148155,
    -69.19384439901));
#1397 = CARTESIAN_POINT('',(-5.857564199231,0.339070029122,
    -69.23831258218));
#1398 = CARTESIAN_POINT('',(-5.875,0.170903585279,-69.25));
#1399 = CARTESIAN_POINT('',(-5.875,0.,-69.25));
#1400 = ORIENTED_EDGE('',*,*,#1401,.T.);
#1401 = EDGE_CURVE('',#1381,#1402,#1404,.T.);
#1402 = VERTEX_POINT('',#1403);
#1403 = CARTESIAN_POINT('',(-3.375,-2.5,-68.29508497187));
#1404 = B_SPLINE_CURVE_WITH_KNOTS('',3,(#1405,#1406,#1407,#1408,#1409,
    #1410,#1411,#1412,#1413,#1414,#1415,#1416,#1417,#1418,#1419,#1420),
  .UNSPECIFIED.,.F.,.F.,(4,2,2,2,2,2,2,4),(0.,5.052653150843E-04,
    1.010530630169E-03,2.021061260337E-03,2.526326575421E-03,
    3.031591890506E-03,3.53685720559E-03,4.042122520674E-03),
  .UNSPECIFIED.);
#1405 = CARTESIAN_POINT('',(-5.875,0.,-69.25));
#1406 = CARTESIAN_POINT('',(-5.875,-0.171149741516,-69.25));
#1407 = CARTESIAN_POINT('',(-5.857617651165,-0.338518029267,
    -69.23834870986));
#1408 = CARTESIAN_POINT('',(-5.790382809785,-0.666266268249,
    -69.19404044272));
#1409 = CARTESIAN_POINT('',(-5.739651276108,-0.827846431661,
    -69.16082190067));
#1410 = CARTESIAN_POINT('',(-5.546993605271,-1.280650329606,
    -69.03839250859));
#1411 = CARTESIAN_POINT('',(-5.361712611955,-1.550167115151,
    -68.92396208059));
#1412 = CARTESIAN_POINT('',(-5.025206704059,-1.884629699895,
    -68.74448447335));
#1413 = CARTESIAN_POINT('',(-4.901304551683,-1.986322311354,
    -68.68249525893));
#1414 = CARTESIAN_POINT('',(-4.63844562327,-2.163050407667,
    -68.56512076949));
#1415 = CARTESIAN_POINT('',(-4.499088151841,-2.238874833252,
    -68.50937222175));
#1416 = CARTESIAN_POINT('',(-4.201378890671,-2.365001611232,
    -68.41129680158));
#1417 = CARTESIAN_POINT('',(-4.0416393948,-2.415225880787,
    -68.36899718641));
#1418 = CARTESIAN_POINT('',(-3.715453030213,-2.48230052011,
    -68.3111643564));
#1419 = CARTESIAN_POINT('',(-3.544675670691,-2.5,-68.29508497187));
#1420 = CARTESIAN_POINT('',(-3.375,-2.5,-68.29508497187));
#1421 = ORIENTED_EDGE('',*,*,#1422,.T.);
#1422 = EDGE_CURVE('',#1402,#1423,#1425,.T.);
#1423 = VERTEX_POINT('',#1424);
#1424 = CARTESIAN_POINT('',(3.375,-2.5,-68.29508497187));
#1425 = LINE('',#1426,#1427);
#1426 = CARTESIAN_POINT('',(-23.45,-2.5,-68.29508497187));
#1427 = VECTOR('',#1428,1.);
#1428 = DIRECTION('',(1.,0.,0.));
#1429 = ORIENTED_EDGE('',*,*,#1430,.T.);
#1430 = EDGE_CURVE('',#1423,#1348,#1431,.T.);
#1431 = B_SPLINE_CURVE_WITH_KNOTS('',3,(#1432,#1433,#1434,#1435,#1436,
    #1437,#1438,#1439,#1440,#1441,#1442,#1443,#1444,#1445,#1446,#1447,
    #1448,#1449),.UNSPECIFIED.,.F.,.F.,(4,2,2,2,2,2,2,2,4),(
    4.042122520674E-03,4.546848682127E-03,5.05157484358E-03,
    5.556301005033E-03,6.061027166486E-03,6.565753327939E-03,
    7.070479489391E-03,7.575205650844E-03,8.079931812297E-03),
  .UNSPECIFIED.);
#1432 = CARTESIAN_POINT('',(3.375,-2.5,-68.29508497187));
#1433 = CARTESIAN_POINT('',(3.544494614816,-2.5,-68.29508497187));
#1434 = CARTESIAN_POINT('',(3.711538129319,-2.482946799132,
    -68.31059750545));
#1435 = CARTESIAN_POINT('',(4.041056162277,-2.415502413267,
    -68.36876824377));
#1436 = CARTESIAN_POINT('',(4.198423235303,-2.366084364375,
    -68.41042278459));
#1437 = CARTESIAN_POINT('',(4.497653037609,-2.239649794259,
    -68.50880122366));
#1438 = CARTESIAN_POINT('',(4.639854160503,-2.162243631498,
    -68.56569842882));
#1439 = CARTESIAN_POINT('',(4.902957632231,-1.985069027365,
    -68.68328530532));
#1440 = CARTESIAN_POINT('',(5.026026219476,-1.883979993904,
    -68.74488977472));
#1441 = CARTESIAN_POINT('',(5.251346919688,-1.659695885337,
    -68.86512998794));
#1442 = CARTESIAN_POINT('',(5.352404799575,-1.537976570503,
    -68.9230711733));
#1443 = CARTESIAN_POINT('',(5.532017823667,-1.273882169268,
    -69.02987427647));
#1444 = CARTESIAN_POINT('',(5.611305002208,-1.129609117864,
    -69.07925816336));
#1445 = CARTESIAN_POINT('',(5.740072565732,-0.826745777665,
    -69.16109234768));
#1446 = CARTESIAN_POINT('',(5.789777163825,-0.668797784866,
    -69.19364262197));
#1447 = CARTESIAN_POINT('',(5.857720689729,-0.338433456924,
    -69.23841531816));
#1448 = CARTESIAN_POINT('',(5.875,-0.168459391315,-69.25));
#1449 = CARTESIAN_POINT('',(5.875,0.,-69.25));
#1450 = CYLINDRICAL_SURFACE('',#1451,3.75);
#1451 = AXIS2_PLACEMENT_3D('',#1452,#1453,#1454);
#1452 = CARTESIAN_POINT('',(-23.45,0.,-65.5));
#1453 = DIRECTION('',(1.,0.,0.));
#1454 = DIRECTION('',(0.,0.,-1.));
#1455 = ADVANCED_FACE('',(#1456),#1491,.F.);
#1456 = FACE_BOUND('',#1457,.F.);
#1457 = EDGE_LOOP('',(#1458,#1459,#1466,#1467,#1468,#1469,#1470));
#1458 = ORIENTED_EDGE('',*,*,#1218,.T.);
#1459 = ORIENTED_EDGE('',*,*,#1460,.T.);
#1460 = EDGE_CURVE('',#1211,#940,#1461,.T.);
#1461 = CIRCLE('',#1462,6.5);
#1462 = AXIS2_PLACEMENT_3D('',#1463,#1464,#1465);
#1463 = CARTESIAN_POINT('',(23.45,3.75,-59.));
#1464 = DIRECTION('',(0.,-1.,0.));
#1465 = DIRECTION('',(6.41E-15,0.,-1.));
#1466 = ORIENTED_EDGE('',*,*,#959,.F.);
#1467 = ORIENTED_EDGE('',*,*,#950,.F.);
#1468 = ORIENTED_EDGE('',*,*,#184,.F.);
#1469 = ORIENTED_EDGE('',*,*,#1299,.T.);
#1470 = ORIENTED_EDGE('',*,*,#1471,.T.);
#1471 = EDGE_CURVE('',#1291,#1219,#1472,.T.);
#1472 = B_SPLINE_CURVE_WITH_KNOTS('',3,(#1473,#1474,#1475,#1476,#1477,
    #1478,#1479,#1480,#1481,#1482,#1483,#1484,#1485,#1486,#1487,#1488,
    #1489,#1490),.UNSPECIFIED.,.F.,.F.,(4,2,2,2,2,2,2,2,4),(
    2.0010497988E-07,5.296427920578E-04,1.059085479136E-03,
    1.588528166214E-03,2.117970853291E-03,2.38269219683E-03,
    2.647413540369E-03,3.176856227447E-03,4.235741601603E-03),
  .UNSPECIFIED.);
#1473 = CARTESIAN_POINT('',(23.45,-1.48068997842,-68.9452949348));
#1474 = CARTESIAN_POINT('',(23.626384037329,-1.452111116813,
    -68.95757731839));
#1475 = CARTESIAN_POINT('',(23.792623145734,-1.393530706307,
    -68.97797987645));
#1476 = CARTESIAN_POINT('',(24.10072936183,-1.219849882083,
    -69.0273263127));
#1477 = CARTESIAN_POINT('',(24.236678947284,-1.107769303733,
    -69.05522301753));
#1478 = CARTESIAN_POINT('',(24.465421353507,-0.839750277078,
    -69.10713386776));
#1479 = CARTESIAN_POINT('',(24.555278926583,-0.68689371655,
    -69.1304201749));
#1480 = CARTESIAN_POINT('',(24.678251947897,-0.354762633538,
    -69.16316692996));
#1481 = CARTESIAN_POINT('',(24.709995127764,-0.178374426731,
    -69.17222398614));
#1482 = CARTESIAN_POINT('',(24.710135934737,8.79978416383E-02,
    -69.17226329693));
#1483 = CARTESIAN_POINT('',(24.702360312469,0.175906850471,
    -69.1700801396));
#1484 = CARTESIAN_POINT('',(24.671364179885,0.349988179483,
    -69.16152458093));
#1485 = CARTESIAN_POINT('',(24.64778303459,0.436830441631,
    -69.15505526905));
#1486 = CARTESIAN_POINT('',(24.556095886156,0.685130288073,
    -69.13063382318));
#1487 = CARTESIAN_POINT('',(24.465205898691,0.839822419753,
    -69.10709644591));
#1488 = CARTESIAN_POINT('',(24.124686422503,1.239350775917,
    -69.02978456132));
#1489 = CARTESIAN_POINT('',(23.802745029506,1.423535989127,
    -68.96985809725));
#1490 = CARTESIAN_POINT('',(23.45,1.48068997842,-68.9452949348));
#1491 = TOROIDAL_SURFACE('',#1492,6.5,3.75);
#1492 = AXIS2_PLACEMENT_3D('',#1493,#1494,#1495);
#1493 = CARTESIAN_POINT('',(23.45,0.,-59.));
#1494 = DIRECTION('',(0.,-1.,0.));
#1495 = DIRECTION('',(0.,0.,-1.));
#1496 = ADVANCED_FACE('',(#1497),#1522,.F.);
#1497 = FACE_BOUND('',#1498,.T.);
#1498 = EDGE_LOOP('',(#1499,#1500,#1508,#1516));
#1499 = ORIENTED_EDGE('',*,*,#218,.T.);
#1500 = ORIENTED_EDGE('',*,*,#1501,.T.);
#1501 = EDGE_CURVE('',#221,#1502,#1504,.T.);
#1502 = VERTEX_POINT('',#1503);
#1503 = CARTESIAN_POINT('',(-13.9539403132,-4.95,61.532563355549));
#1504 = LINE('',#1505,#1506);
#1505 = CARTESIAN_POINT('',(-13.9539403132,6.05,61.532563355549));
#1506 = VECTOR('',#1507,1.);
#1507 = DIRECTION('',(-0.,-1.,-0.));
#1508 = ORIENTED_EDGE('',*,*,#1509,.T.);
#1509 = EDGE_CURVE('',#1502,#1510,#1512,.T.);
#1510 = VERTEX_POINT('',#1511);
#1511 = CARTESIAN_POINT('',(-18.6603347248,-4.95,61.560834073063));
#1512 = LINE('',#1513,#1514);
#1513 = CARTESIAN_POINT('',(-19.83851460069,-4.95,61.567911250949));
#1514 = VECTOR('',#1515,1.);
#1515 = DIRECTION('',(-0.999981959221,0.,6.006765480377E-03));
#1516 = ORIENTED_EDGE('',*,*,#1517,.F.);
#1517 = EDGE_CURVE('',#219,#1510,#1518,.T.);
#1518 = LINE('',#1519,#1520);
#1519 = CARTESIAN_POINT('',(-18.6603347248,6.05,61.560834073063));
#1520 = VECTOR('',#1521,1.);
#1521 = DIRECTION('',(-0.,-1.,-0.));
#1522 = PLANE('',#1523);
#1523 = AXIS2_PLACEMENT_3D('',#1524,#1525,#1526);
#1524 = CARTESIAN_POINT('',(-19.83851460069,6.05,61.567911250949));
#1525 = DIRECTION('',(6.006765480377E-03,0.,0.999981959221));
#1526 = DIRECTION('',(0.999981959221,0.,-6.006765480377E-03));
#1527 = ADVANCED_FACE('',(#1528),#1567,.F.);
#1528 = FACE_BOUND('',#1529,.F.);
#1529 = EDGE_LOOP('',(#1530,#1538,#1547,#1556,#1563,#1564,#1565,#1566));
#1530 = ORIENTED_EDGE('',*,*,#1531,.F.);
#1531 = EDGE_CURVE('',#1532,#247,#1534,.T.);
#1532 = VERTEX_POINT('',#1533);
#1533 = CARTESIAN_POINT('',(-18.64924356346,-4.95,56.524330202566));
#1534 = LINE('',#1535,#1536);
#1535 = CARTESIAN_POINT('',(-18.64924356346,6.05,56.524330202566));
#1536 = VECTOR('',#1537,1.);
#1537 = DIRECTION('',(0.,1.,0.));
#1538 = ORIENTED_EDGE('',*,*,#1539,.F.);
#1539 = EDGE_CURVE('',#1540,#1532,#1542,.T.);
#1540 = VERTEX_POINT('',#1541);
#1541 = CARTESIAN_POINT('',(-23.20432495135,-4.95,53.832563355549));
#1542 = CIRCLE('',#1543,5.2);
#1543 = AXIS2_PLACEMENT_3D('',#1544,#1545,#1546);
#1544 = CARTESIAN_POINT('',(-23.20432495135,-4.95,59.032563355549));
#1545 = DIRECTION('',(0.,-1.,0.));
#1546 = DIRECTION('',(0.,0.,-1.));
#1547 = ORIENTED_EDGE('',*,*,#1548,.F.);
#1548 = EDGE_CURVE('',#1549,#1540,#1551,.T.);
#1549 = VERTEX_POINT('',#1550);
#1550 = CARTESIAN_POINT('',(-23.20432495135,-4.95,64.232563355549));
#1551 = CIRCLE('',#1552,5.2);
#1552 = AXIS2_PLACEMENT_3D('',#1553,#1554,#1555);
#1553 = CARTESIAN_POINT('',(-23.20432495135,-4.95,59.032563355549));
#1554 = DIRECTION('',(0.,-1.,0.));
#1555 = DIRECTION('',(0.,0.,-1.));
#1556 = ORIENTED_EDGE('',*,*,#1557,.F.);
#1557 = EDGE_CURVE('',#1510,#1549,#1558,.T.);
#1558 = CIRCLE('',#1559,5.2);
#1559 = AXIS2_PLACEMENT_3D('',#1560,#1561,#1562);
#1560 = CARTESIAN_POINT('',(-23.20432495135,-4.95,59.032563355549));
#1561 = DIRECTION('',(0.,-1.,0.));
#1562 = DIRECTION('',(0.,0.,-1.));
#1563 = ORIENTED_EDGE('',*,*,#1517,.F.);
#1564 = ORIENTED_EDGE('',*,*,#228,.F.);
#1565 = ORIENTED_EDGE('',*,*,#237,.F.);
#1566 = ORIENTED_EDGE('',*,*,#246,.F.);
#1567 = CYLINDRICAL_SURFACE('',#1568,5.2);
#1568 = AXIS2_PLACEMENT_3D('',#1569,#1570,#1571);
#1569 = CARTESIAN_POINT('',(-23.20432495135,6.05,59.032563355549));
#1570 = DIRECTION('',(-0.,-1.,-0.));
#1571 = DIRECTION('',(0.,0.,-1.));
#1572 = ADVANCED_FACE('',(#1573),#1612,.F.);
#1573 = FACE_BOUND('',#1574,.F.);
#1574 = EDGE_LOOP('',(#1575,#1576,#1577,#1578,#1587,#1596,#1605,#1611));
#1575 = ORIENTED_EDGE('',*,*,#272,.F.);
#1576 = ORIENTED_EDGE('',*,*,#281,.F.);
#1577 = ORIENTED_EDGE('',*,*,#1501,.T.);
#1578 = ORIENTED_EDGE('',*,*,#1579,.F.);
#1579 = EDGE_CURVE('',#1580,#1502,#1582,.T.);
#1580 = VERTEX_POINT('',#1581);
#1581 = CARTESIAN_POINT('',(-10.70432495135,-4.95,63.132563355549));
#1582 = CIRCLE('',#1583,4.1);
#1583 = AXIS2_PLACEMENT_3D('',#1584,#1585,#1586);
#1584 = CARTESIAN_POINT('',(-10.70432495135,-4.95,59.032563355549));
#1585 = DIRECTION('',(0.,-1.,0.));
#1586 = DIRECTION('',(0.,0.,-1.));
#1587 = ORIENTED_EDGE('',*,*,#1588,.F.);
#1588 = EDGE_CURVE('',#1589,#1580,#1591,.T.);
#1589 = VERTEX_POINT('',#1590);
#1590 = CARTESIAN_POINT('',(-10.70432495135,-4.95,54.932563355549));
#1591 = CIRCLE('',#1592,4.1);
#1592 = AXIS2_PLACEMENT_3D('',#1593,#1594,#1595);
#1593 = CARTESIAN_POINT('',(-10.70432495135,-4.95,59.032563355549));
#1594 = DIRECTION('',(0.,-1.,0.));
#1595 = DIRECTION('',(0.,0.,-1.));
#1596 = ORIENTED_EDGE('',*,*,#1597,.F.);
#1597 = EDGE_CURVE('',#1598,#1589,#1600,.T.);
#1598 = VERTEX_POINT('',#1599);
#1599 = CARTESIAN_POINT('',(-13.9539403132,-4.95,56.532563355549));
#1600 = CIRCLE('',#1601,4.1);
#1601 = AXIS2_PLACEMENT_3D('',#1602,#1603,#1604);
#1602 = CARTESIAN_POINT('',(-10.70432495135,-4.95,59.032563355549));
#1603 = DIRECTION('',(0.,-1.,0.));
#1604 = DIRECTION('',(0.,0.,-1.));
#1605 = ORIENTED_EDGE('',*,*,#1606,.F.);
#1606 = EDGE_CURVE('',#256,#1598,#1607,.T.);
#1607 = LINE('',#1608,#1609);
#1608 = CARTESIAN_POINT('',(-13.9539403132,6.05,56.532563355549));
#1609 = VECTOR('',#1610,1.);
#1610 = DIRECTION('',(-0.,-1.,-0.));
#1611 = ORIENTED_EDGE('',*,*,#263,.F.);
#1612 = CYLINDRICAL_SURFACE('',#1613,4.1);
#1613 = AXIS2_PLACEMENT_3D('',#1614,#1615,#1616);
#1614 = CARTESIAN_POINT('',(-10.70432495135,6.05,59.032563355549));
#1615 = DIRECTION('',(-0.,-1.,-0.));
#1616 = DIRECTION('',(0.,0.,-1.));
#1617 = ADVANCED_FACE('',(#1618),#1629,.F.);
#1618 = FACE_BOUND('',#1619,.T.);
#1619 = EDGE_LOOP('',(#1620,#1621,#1622,#1628));
#1620 = ORIENTED_EDGE('',*,*,#255,.T.);
#1621 = ORIENTED_EDGE('',*,*,#1531,.F.);
#1622 = ORIENTED_EDGE('',*,*,#1623,.T.);
#1623 = EDGE_CURVE('',#1532,#1598,#1624,.T.);
#1624 = LINE('',#1625,#1626);
#1625 = CARTESIAN_POINT('',(-19.87254387401,-4.95,56.522185161433));
#1626 = VECTOR('',#1627,1.);
#1627 = DIRECTION('',(0.999998462645,0.,1.753484255819E-03));
#1628 = ORIENTED_EDGE('',*,*,#1606,.F.);
#1629 = PLANE('',#1630);
#1630 = AXIS2_PLACEMENT_3D('',#1631,#1632,#1633);
#1631 = CARTESIAN_POINT('',(-19.87254387401,6.05,56.522185161433));
#1632 = DIRECTION('',(1.753484255819E-03,0.,-0.999998462645));
#1633 = DIRECTION('',(-0.999998462645,0.,-1.753484255819E-03));
#1634 = ADVANCED_FACE('',(#1635),#1708,.F.);
#1635 = FACE_BOUND('',#1636,.F.);
#1636 = EDGE_LOOP('',(#1637,#1638,#1646,#1654,#1662,#1670,#1678,#1686,
    #1694,#1702));
#1637 = ORIENTED_EDGE('',*,*,#290,.F.);
#1638 = ORIENTED_EDGE('',*,*,#1639,.F.);
#1639 = EDGE_CURVE('',#1640,#291,#1642,.T.);
#1640 = VERTEX_POINT('',#1641);
#1641 = CARTESIAN_POINT('',(28.237532,-5.75,30.377457));
#1642 = LINE('',#1643,#1644);
#1643 = CARTESIAN_POINT('',(28.237532,-3.75,30.377457));
#1644 = VECTOR('',#1645,1.);
#1645 = DIRECTION('',(0.,1.,-2.2E-16));
#1646 = ORIENTED_EDGE('',*,*,#1647,.T.);
#1647 = EDGE_CURVE('',#1640,#1648,#1650,.T.);
#1648 = VERTEX_POINT('',#1649);
#1649 = CARTESIAN_POINT('',(28.237532,-5.75,30.416506));
#1650 = LINE('',#1651,#1652);
#1651 = CARTESIAN_POINT('',(28.237532,-5.75,32.4924385));
#1652 = VECTOR('',#1653,1.);
#1653 = DIRECTION('',(0.,0.,1.));
#1654 = ORIENTED_EDGE('',*,*,#1655,.T.);
#1655 = EDGE_CURVE('',#1648,#1656,#1658,.T.);
#1656 = VERTEX_POINT('',#1657);
#1657 = CARTESIAN_POINT('',(28.237532,-8.25,30.416506));
#1658 = LINE('',#1659,#1660);
#1659 = CARTESIAN_POINT('',(28.237532,-3.75,30.416506));
#1660 = VECTOR('',#1661,1.);
#1661 = DIRECTION('',(0.,-1.,2.2E-16));
#1662 = ORIENTED_EDGE('',*,*,#1663,.T.);
#1663 = EDGE_CURVE('',#1656,#1664,#1666,.T.);
#1664 = VERTEX_POINT('',#1665);
#1665 = CARTESIAN_POINT('',(28.237532,-8.25,30.414324));
#1666 = LINE('',#1667,#1668);
#1667 = CARTESIAN_POINT('',(28.237532,-8.25,30.416506));
#1668 = VECTOR('',#1669,1.);
#1669 = DIRECTION('',(0.,0.,-1.));
#1670 = ORIENTED_EDGE('',*,*,#1671,.T.);
#1671 = EDGE_CURVE('',#1664,#1672,#1674,.T.);
#1672 = VERTEX_POINT('',#1673);
#1673 = CARTESIAN_POINT('',(28.237532,-5.95,30.414324));
#1674 = LINE('',#1675,#1676);
#1675 = CARTESIAN_POINT('',(28.237532,-6.,30.414324));
#1676 = VECTOR('',#1677,1.);
#1677 = DIRECTION('',(0.,1.,-2.2E-16));
#1678 = ORIENTED_EDGE('',*,*,#1679,.F.);
#1679 = EDGE_CURVE('',#1680,#1672,#1682,.T.);
#1680 = VERTEX_POINT('',#1681);
#1681 = CARTESIAN_POINT('',(28.237532,-5.95,17.885489));
#1682 = LINE('',#1683,#1684);
#1683 = CARTESIAN_POINT('',(28.237532,-5.95,27.28320625));
#1684 = VECTOR('',#1685,1.);
#1685 = DIRECTION('',(0.,2.8E-16,1.));
#1686 = ORIENTED_EDGE('',*,*,#1687,.T.);
#1687 = EDGE_CURVE('',#1680,#1688,#1690,.T.);
#1688 = VERTEX_POINT('',#1689);
#1689 = CARTESIAN_POINT('',(28.237532,-8.25,17.885489));
#1690 = LINE('',#1691,#1692);
#1691 = CARTESIAN_POINT('',(28.237532,-6.,17.885489));
#1692 = VECTOR('',#1693,1.);
#1693 = DIRECTION('',(0.,-1.,2.2E-16));
#1694 = ORIENTED_EDGE('',*,*,#1695,.T.);
#1695 = EDGE_CURVE('',#1688,#1696,#1698,.T.);
#1696 = VERTEX_POINT('',#1697);
#1697 = CARTESIAN_POINT('',(28.237532,-8.25,-4.696434));
#1698 = LINE('',#1699,#1700);
#1699 = CARTESIAN_POINT('',(28.237532,-8.25,30.416506));
#1700 = VECTOR('',#1701,1.);
#1701 = DIRECTION('',(0.,0.,-1.));
#1702 = ORIENTED_EDGE('',*,*,#1703,.T.);
#1703 = EDGE_CURVE('',#1696,#293,#1704,.T.);
#1704 = LINE('',#1705,#1706);
#1705 = CARTESIAN_POINT('',(28.237532,-6.,-4.696434));
#1706 = VECTOR('',#1707,1.);
#1707 = DIRECTION('',(0.,1.,-2.2E-16));
#1708 = PLANE('',#1709);
#1709 = AXIS2_PLACEMENT_3D('',#1710,#1711,#1712);
#1710 = CARTESIAN_POINT('',(28.237532,-3.75,30.416506));
#1711 = DIRECTION('',(1.,0.,0.));
#1712 = DIRECTION('',(0.,-2.2E-16,-1.));
#1713 = ADVANCED_FACE('',(#1714),#1732,.F.);
#1714 = FACE_BOUND('',#1715,.F.);
#1715 = EDGE_LOOP('',(#1716,#1724,#1730,#1731));
#1716 = ORIENTED_EDGE('',*,*,#1717,.F.);
#1717 = EDGE_CURVE('',#1718,#1696,#1720,.T.);
#1718 = VERTEX_POINT('',#1719);
#1719 = CARTESIAN_POINT('',(-3.013504,-8.25,-4.696434));
#1720 = LINE('',#1721,#1722);
#1721 = CARTESIAN_POINT('',(-3.013504,-8.25,-4.696434));
#1722 = VECTOR('',#1723,1.);
#1723 = DIRECTION('',(1.,0.,0.));
#1724 = ORIENTED_EDGE('',*,*,#1725,.T.);
#1725 = EDGE_CURVE('',#1718,#437,#1726,.T.);
#1726 = LINE('',#1727,#1728);
#1727 = CARTESIAN_POINT('',(-3.013504,-8.25,-4.696434));
#1728 = VECTOR('',#1729,1.);
#1729 = DIRECTION('',(0.,1.,-2.2E-16));
#1730 = ORIENTED_EDGE('',*,*,#444,.T.);
#1731 = ORIENTED_EDGE('',*,*,#1703,.F.);
#1732 = PLANE('',#1733);
#1733 = AXIS2_PLACEMENT_3D('',#1734,#1735,#1736);
#1734 = CARTESIAN_POINT('',(-3.013504,-8.25,-4.696434));
#1735 = DIRECTION('',(0.,-2.2E-16,-1.));
#1736 = DIRECTION('',(1.,0.,0.));
#1737 = ADVANCED_FACE('',(#1738),#1756,.F.);
#1738 = FACE_BOUND('',#1739,.F.);
#1739 = EDGE_LOOP('',(#1740,#1748,#1749,#1750));
#1740 = ORIENTED_EDGE('',*,*,#1741,.T.);
#1741 = EDGE_CURVE('',#1742,#429,#1744,.T.);
#1742 = VERTEX_POINT('',#1743);
#1743 = CARTESIAN_POINT('',(-3.013504,-8.25,-23.043766));
#1744 = LINE('',#1745,#1746);
#1745 = CARTESIAN_POINT('',(-3.013504,-8.25,-23.043766));
#1746 = VECTOR('',#1747,1.);
#1747 = DIRECTION('',(0.,1.,-2.2E-16));
#1748 = ORIENTED_EDGE('',*,*,#436,.T.);
#1749 = ORIENTED_EDGE('',*,*,#1725,.F.);
#1750 = ORIENTED_EDGE('',*,*,#1751,.F.);
#1751 = EDGE_CURVE('',#1742,#1718,#1752,.T.);
#1752 = LINE('',#1753,#1754);
#1753 = CARTESIAN_POINT('',(-3.013504,-8.25,-23.043766));
#1754 = VECTOR('',#1755,1.);
#1755 = DIRECTION('',(0.,0.,1.));
#1756 = PLANE('',#1757);
#1757 = AXIS2_PLACEMENT_3D('',#1758,#1759,#1760);
#1758 = CARTESIAN_POINT('',(-3.013504,-8.25,-23.043766));
#1759 = DIRECTION('',(1.,0.,0.));
#1760 = DIRECTION('',(0.,2.2E-16,1.));
#1761 = ADVANCED_FACE('',(#1762),#1780,.F.);
#1762 = FACE_BOUND('',#1763,.F.);
#1763 = EDGE_LOOP('',(#1764,#1772,#1778,#1779));
#1764 = ORIENTED_EDGE('',*,*,#1765,.F.);
#1765 = EDGE_CURVE('',#1766,#1742,#1768,.T.);
#1766 = VERTEX_POINT('',#1767);
#1767 = CARTESIAN_POINT('',(28.237532,-8.25,-23.043766));
#1768 = LINE('',#1769,#1770);
#1769 = CARTESIAN_POINT('',(28.2775,-8.25,-23.043766));
#1770 = VECTOR('',#1771,1.);
#1771 = DIRECTION('',(-1.,0.,0.));
#1772 = ORIENTED_EDGE('',*,*,#1773,.F.);
#1773 = EDGE_CURVE('',#421,#1766,#1774,.T.);
#1774 = LINE('',#1775,#1776);
#1775 = CARTESIAN_POINT('',(28.237532,-6.,-23.043766));
#1776 = VECTOR('',#1777,1.);
#1777 = DIRECTION('',(0.,-1.,2.2E-16));
#1778 = ORIENTED_EDGE('',*,*,#428,.T.);
#1779 = ORIENTED_EDGE('',*,*,#1741,.F.);
#1780 = PLANE('',#1781);
#1781 = AXIS2_PLACEMENT_3D('',#1782,#1783,#1784);
#1782 = CARTESIAN_POINT('',(28.2775,-8.25,-23.043766));
#1783 = DIRECTION('',(0.,2.2E-16,1.));
#1784 = DIRECTION('',(-1.,0.,0.));
#1785 = ADVANCED_FACE('',(#1786),#1804,.F.);
#1786 = FACE_BOUND('',#1787,.F.);
#1787 = EDGE_LOOP('',(#1788,#1789,#1790,#1798));
#1788 = ORIENTED_EDGE('',*,*,#420,.F.);
#1789 = ORIENTED_EDGE('',*,*,#1773,.T.);
#1790 = ORIENTED_EDGE('',*,*,#1791,.T.);
#1791 = EDGE_CURVE('',#1766,#1792,#1794,.T.);
#1792 = VERTEX_POINT('',#1793);
#1793 = CARTESIAN_POINT('',(28.237532,-8.25,-57.136192));
#1794 = LINE('',#1795,#1796);
#1795 = CARTESIAN_POINT('',(28.237532,-8.25,30.416506));
#1796 = VECTOR('',#1797,1.);
#1797 = DIRECTION('',(0.,0.,-1.));
#1798 = ORIENTED_EDGE('',*,*,#1799,.F.);
#1799 = EDGE_CURVE('',#413,#1792,#1800,.T.);
#1800 = LINE('',#1801,#1802);
#1801 = CARTESIAN_POINT('',(28.237532,-3.75,-57.136192));
#1802 = VECTOR('',#1803,1.);
#1803 = DIRECTION('',(0.,-1.,2.2E-16));
#1804 = PLANE('',#1805);
#1805 = AXIS2_PLACEMENT_3D('',#1806,#1807,#1808);
#1806 = CARTESIAN_POINT('',(28.237532,-3.75,30.416506));
#1807 = DIRECTION('',(1.,0.,0.));
#1808 = DIRECTION('',(0.,-2.2E-16,-1.));
#1809 = ADVANCED_FACE('',(#1810),#1828,.F.);
#1810 = FACE_BOUND('',#1811,.F.);
#1811 = EDGE_LOOP('',(#1812,#1813,#1821,#1827));
#1812 = ORIENTED_EDGE('',*,*,#1799,.T.);
#1813 = ORIENTED_EDGE('',*,*,#1814,.T.);
#1814 = EDGE_CURVE('',#1792,#1815,#1817,.T.);
#1815 = VERTEX_POINT('',#1816);
#1816 = CARTESIAN_POINT('',(-27.855356,-8.25,-57.136192));
#1817 = LINE('',#1818,#1819);
#1818 = CARTESIAN_POINT('',(28.237532,-8.25,-57.136192));
#1819 = VECTOR('',#1820,1.);
#1820 = DIRECTION('',(-1.,0.,0.));
#1821 = ORIENTED_EDGE('',*,*,#1822,.F.);
#1822 = EDGE_CURVE('',#405,#1815,#1823,.T.);
#1823 = LINE('',#1824,#1825);
#1824 = CARTESIAN_POINT('',(-27.855356,-3.75,-57.136192));
#1825 = VECTOR('',#1826,1.);
#1826 = DIRECTION('',(0.,-1.,2.2E-16));
#1827 = ORIENTED_EDGE('',*,*,#412,.F.);
#1828 = PLANE('',#1829);
#1829 = AXIS2_PLACEMENT_3D('',#1830,#1831,#1832);
#1830 = CARTESIAN_POINT('',(28.237532,-3.75,-57.136192));
#1831 = DIRECTION('',(-0.,-2.2E-16,-1.));
#1832 = DIRECTION('',(-1.,0.,0.));
#1833 = ADVANCED_FACE('',(#1834),#1886,.F.);
#1834 = FACE_BOUND('',#1835,.F.);
#1835 = EDGE_LOOP('',(#1836,#1837,#1838,#1846,#1855,#1863,#1872,#1880));
#1836 = ORIENTED_EDGE('',*,*,#404,.F.);
#1837 = ORIENTED_EDGE('',*,*,#1822,.T.);
#1838 = ORIENTED_EDGE('',*,*,#1839,.T.);
#1839 = EDGE_CURVE('',#1815,#1840,#1842,.T.);
#1840 = VERTEX_POINT('',#1841);
#1841 = CARTESIAN_POINT('',(-27.855356,-8.25,-13.67732777786));
#1842 = LINE('',#1843,#1844);
#1843 = CARTESIAN_POINT('',(-27.855356,-8.25,-57.136192));
#1844 = VECTOR('',#1845,1.);
#1845 = DIRECTION('',(0.,0.,1.));
#1846 = ORIENTED_EDGE('',*,*,#1847,.F.);
#1847 = EDGE_CURVE('',#1848,#1840,#1850,.T.);
#1848 = VERTEX_POINT('',#1849);
#1849 = CARTESIAN_POINT('',(-27.855356,-5.266018648767,-12.67901961991)
  );
#1850 = CIRCLE('',#1851,1.659514101117);
#1851 = AXIS2_PLACEMENT_3D('',#1852,#1853,#1854);
#1852 = CARTESIAN_POINT('',(-27.855356,-6.925532,-12.677442));
#1853 = DIRECTION('',(-1.,0.,0.));
#1854 = DIRECTION('',(0.,-1.,0.));
#1855 = ORIENTED_EDGE('',*,*,#1856,.F.);
#1856 = EDGE_CURVE('',#1857,#1848,#1859,.T.);
#1857 = VERTEX_POINT('',#1858);
#1858 = CARTESIAN_POINT('',(-27.855356,-5.260529771799,-6.905217872859)
  );
#1859 = LINE('',#1860,#1861);
#1860 = CARTESIAN_POINT('',(-27.855356,-5.284405159098,-32.01996424506)
  );
#1861 = VECTOR('',#1862,1.);
#1862 = DIRECTION('',(-0.,-9.506517070336E-04,-0.999999548131));
#1863 = ORIENTED_EDGE('',*,*,#1864,.F.);
#1864 = EDGE_CURVE('',#1865,#1857,#1867,.T.);
#1865 = VERTEX_POINT('',#1866);
#1866 = CARTESIAN_POINT('',(-27.855356,-8.25,-5.91106695227));
#1867 = CIRCLE('',#1868,1.659514101117);
#1868 = AXIS2_PLACEMENT_3D('',#1869,#1870,#1871);
#1869 = CARTESIAN_POINT('',(-27.855356,-6.920043123033,-6.903640252946)
  );
#1870 = DIRECTION('',(-1.,0.,0.));
#1871 = DIRECTION('',(0.,-1.,0.));
#1872 = ORIENTED_EDGE('',*,*,#1873,.T.);
#1873 = EDGE_CURVE('',#1865,#1874,#1876,.T.);
#1874 = VERTEX_POINT('',#1875);
#1875 = CARTESIAN_POINT('',(-27.855356,-8.25,30.416506));
#1876 = LINE('',#1877,#1878);
#1877 = CARTESIAN_POINT('',(-27.855356,-8.25,-57.136192));
#1878 = VECTOR('',#1879,1.);
#1879 = DIRECTION('',(0.,0.,1.));
#1880 = ORIENTED_EDGE('',*,*,#1881,.F.);
#1881 = EDGE_CURVE('',#397,#1874,#1882,.T.);
#1882 = LINE('',#1883,#1884);
#1883 = CARTESIAN_POINT('',(-27.855356,-3.75,30.416506));
#1884 = VECTOR('',#1885,1.);
#1885 = DIRECTION('',(0.,-1.,2.2E-16));
#1886 = PLANE('',#1887);
#1887 = AXIS2_PLACEMENT_3D('',#1888,#1889,#1890);
#1888 = CARTESIAN_POINT('',(-27.855356,-3.75,-57.136192));
#1889 = DIRECTION('',(-1.,0.,0.));
#1890 = DIRECTION('',(0.,2.2E-16,1.));
#1891 = ADVANCED_FACE('',(#1892,#1910),#1944,.F.);
#1892 = FACE_BOUND('',#1893,.F.);
#1893 = EDGE_LOOP('',(#1894,#1895,#1896,#1902,#1903,#1909));
#1894 = ORIENTED_EDGE('',*,*,#396,.F.);
#1895 = ORIENTED_EDGE('',*,*,#1881,.T.);
#1896 = ORIENTED_EDGE('',*,*,#1897,.T.);
#1897 = EDGE_CURVE('',#1874,#1656,#1898,.T.);
#1898 = LINE('',#1899,#1900);
#1899 = CARTESIAN_POINT('',(-27.855356,-8.25,30.416506));
#1900 = VECTOR('',#1901,1.);
#1901 = DIRECTION('',(1.,0.,0.));
#1902 = ORIENTED_EDGE('',*,*,#1655,.F.);
#1903 = ORIENTED_EDGE('',*,*,#1904,.T.);
#1904 = EDGE_CURVE('',#1648,#668,#1905,.T.);
#1905 = LINE('',#1906,#1907);
#1906 = CARTESIAN_POINT('',(-8.40828975,-5.75,30.416506));
#1907 = VECTOR('',#1908,1.);
#1908 = DIRECTION('',(-1.,0.,0.));
#1909 = ORIENTED_EDGE('',*,*,#667,.F.);
#1910 = FACE_BOUND('',#1911,.F.);
#1911 = EDGE_LOOP('',(#1912,#1922,#1930,#1938));
#1912 = ORIENTED_EDGE('',*,*,#1913,.T.);
#1913 = EDGE_CURVE('',#1914,#1916,#1918,.T.);
#1914 = VERTEX_POINT('',#1915);
#1915 = CARTESIAN_POINT('',(-12.394314,-7.955286,30.416506));
#1916 = VERTEX_POINT('',#1917);
#1917 = CARTESIAN_POINT('',(-21.015804,-7.955286,30.416506));
#1918 = LINE('',#1919,#1920);
#1919 = CARTESIAN_POINT('',(-12.394314,-7.955286,30.416506));
#1920 = VECTOR('',#1921,1.);
#1921 = DIRECTION('',(-1.,0.,0.));
#1922 = ORIENTED_EDGE('',*,*,#1923,.T.);
#1923 = EDGE_CURVE('',#1916,#1924,#1926,.T.);
#1924 = VERTEX_POINT('',#1925);
#1925 = CARTESIAN_POINT('',(-21.015804,-4.258298,30.416506));
#1926 = LINE('',#1927,#1928);
#1927 = CARTESIAN_POINT('',(-21.015804,-7.955286,30.416506));
#1928 = VECTOR('',#1929,1.);
#1929 = DIRECTION('',(0.,1.,0.));
#1930 = ORIENTED_EDGE('',*,*,#1931,.T.);
#1931 = EDGE_CURVE('',#1924,#1932,#1934,.T.);
#1932 = VERTEX_POINT('',#1933);
#1933 = CARTESIAN_POINT('',(-12.394314,-4.258298,30.416506));
#1934 = LINE('',#1935,#1936);
#1935 = CARTESIAN_POINT('',(-21.015804,-4.258298,30.416506));
#1936 = VECTOR('',#1937,1.);
#1937 = DIRECTION('',(1.,0.,0.));
#1938 = ORIENTED_EDGE('',*,*,#1939,.T.);
#1939 = EDGE_CURVE('',#1932,#1914,#1940,.T.);
#1940 = LINE('',#1941,#1942);
#1941 = CARTESIAN_POINT('',(-12.394314,-4.258298,30.416506));
#1942 = VECTOR('',#1943,1.);
#1943 = DIRECTION('',(0.,-1.,0.));
#1944 = PLANE('',#1945);
#1945 = AXIS2_PLACEMENT_3D('',#1946,#1947,#1948);
#1946 = CARTESIAN_POINT('',(-27.855356,-3.75,30.416506));
#1947 = DIRECTION('',(0.,2.2E-16,1.));
#1948 = DIRECTION('',(1.,0.,0.));
#1949 = ADVANCED_FACE('',(#1950),#1968,.F.);
#1950 = FACE_BOUND('',#1951,.F.);
#1951 = EDGE_LOOP('',(#1952,#1960,#1961,#1962));
#1952 = ORIENTED_EDGE('',*,*,#1953,.F.);
#1953 = EDGE_CURVE('',#365,#1954,#1956,.T.);
#1954 = VERTEX_POINT('',#1955);
#1955 = CARTESIAN_POINT('',(-6.253099,-3.698834,62.697723712475));
#1956 = LINE('',#1957,#1958);
#1957 = CARTESIAN_POINT('',(-6.253099,-4.700429,62.697723712475));
#1958 = VECTOR('',#1959,1.);
#1959 = DIRECTION('',(0.,1.,0.));
#1960 = ORIENTED_EDGE('',*,*,#372,.T.);
#1961 = ORIENTED_EDGE('',*,*,#458,.T.);
#1962 = ORIENTED_EDGE('',*,*,#1963,.F.);
#1963 = EDGE_CURVE('',#1954,#459,#1964,.T.);
#1964 = LINE('',#1965,#1966);
#1965 = CARTESIAN_POINT('',(-6.253099,-3.698834,62.697723712475));
#1966 = VECTOR('',#1967,1.);
#1967 = DIRECTION('',(0.,0.,-1.));
#1968 = PLANE('',#1969);
#1969 = AXIS2_PLACEMENT_3D('',#1970,#1971,#1972);
#1970 = CARTESIAN_POINT('',(-6.253099,-4.700429,62.697723712475));
#1971 = DIRECTION('',(1.,0.,0.));
#1972 = DIRECTION('',(-0.,1.,0.));
#1973 = ADVANCED_FACE('',(#1974),#1994,.T.);
#1974 = FACE_BOUND('',#1975,.T.);
#1975 = EDGE_LOOP('',(#1976,#1977,#1978,#1979,#1980,#1988));
#1976 = ORIENTED_EDGE('',*,*,#1953,.F.);
#1977 = ORIENTED_EDGE('',*,*,#364,.T.);
#1978 = ORIENTED_EDGE('',*,*,#356,.T.);
#1979 = ORIENTED_EDGE('',*,*,#348,.T.);
#1980 = ORIENTED_EDGE('',*,*,#1981,.F.);
#1981 = EDGE_CURVE('',#1982,#341,#1984,.T.);
#1982 = VERTEX_POINT('',#1983);
#1983 = CARTESIAN_POINT('',(28.353048,-3.698834,62.697723712475));
#1984 = LINE('',#1985,#1986);
#1985 = CARTESIAN_POINT('',(28.353048,-3.698834,62.697723712475));
#1986 = VECTOR('',#1987,1.);
#1987 = DIRECTION('',(0.,-1.,0.));
#1988 = ORIENTED_EDGE('',*,*,#1989,.F.);
#1989 = EDGE_CURVE('',#1954,#1982,#1990,.T.);
#1990 = LINE('',#1991,#1992);
#1991 = CARTESIAN_POINT('',(-6.253099,-3.698834,62.697723712475));
#1992 = VECTOR('',#1993,1.);
#1993 = DIRECTION('',(1.,0.,0.));
#1994 = PLANE('',#1995);
#1995 = AXIS2_PLACEMENT_3D('',#1996,#1997,#1998);
#1996 = CARTESIAN_POINT('',(11.0499745,-4.1996315,62.697723712475));
#1997 = DIRECTION('',(0.,0.,1.));
#1998 = DIRECTION('',(1.,0.,0.));
#1999 = ADVANCED_FACE('',(#2000),#2011,.F.);
#2000 = FACE_BOUND('',#2001,.F.);
#2001 = EDGE_LOOP('',(#2002,#2003,#2009,#2010));
#2002 = ORIENTED_EDGE('',*,*,#1981,.F.);
#2003 = ORIENTED_EDGE('',*,*,#2004,.T.);
#2004 = EDGE_CURVE('',#1982,#484,#2005,.T.);
#2005 = LINE('',#2006,#2007);
#2006 = CARTESIAN_POINT('',(28.353048,-3.698834,62.697723712475));
#2007 = VECTOR('',#2008,1.);
#2008 = DIRECTION('',(0.,0.,-1.));
#2009 = ORIENTED_EDGE('',*,*,#483,.T.);
#2010 = ORIENTED_EDGE('',*,*,#340,.T.);
#2011 = PLANE('',#2012);
#2012 = AXIS2_PLACEMENT_3D('',#2013,#2014,#2015);
#2013 = CARTESIAN_POINT('',(28.353048,-3.698834,62.697723712475));
#2014 = DIRECTION('',(-1.,-0.,-0.));
#2015 = DIRECTION('',(0.,-1.,0.));
#2016 = ADVANCED_FACE('',(#2017),#2037,.F.);
#2017 = FACE_BOUND('',#2018,.F.);
#2018 = EDGE_LOOP('',(#2019,#2027,#2033,#2034,#2035,#2036));
#2019 = ORIENTED_EDGE('',*,*,#2020,.F.);
#2020 = EDGE_CURVE('',#2021,#530,#2023,.T.);
#2021 = VERTEX_POINT('',#2022);
#2022 = CARTESIAN_POINT('',(28.325137,-4.95,38.759285));
#2023 = LINE('',#2024,#2025);
#2024 = CARTESIAN_POINT('',(28.325137,-4.95,38.697723712475));
#2025 = VECTOR('',#2026,1.);
#2026 = DIRECTION('',(0.,0.,1.));
#2027 = ORIENTED_EDGE('',*,*,#2028,.F.);
#2028 = EDGE_CURVE('',#317,#2021,#2029,.T.);
#2029 = LINE('',#2030,#2031);
#2030 = CARTESIAN_POINT('',(28.325137,-4.35,38.759285));
#2031 = VECTOR('',#2032,1.);
#2032 = DIRECTION('',(0.,-1.,2.2E-16));
#2033 = ORIENTED_EDGE('',*,*,#324,.F.);
#2034 = ORIENTED_EDGE('',*,*,#476,.T.);
#2035 = ORIENTED_EDGE('',*,*,#513,.T.);
#2036 = ORIENTED_EDGE('',*,*,#539,.F.);
#2037 = PLANE('',#2038);
#2038 = AXIS2_PLACEMENT_3D('',#2039,#2040,#2041);
#2039 = CARTESIAN_POINT('',(28.325137,-4.95,38.697723712475));
#2040 = DIRECTION('',(1.,0.,0.));
#2041 = DIRECTION('',(0.,2.2E-16,1.));
#2042 = ADVANCED_FACE('',(#2043),#2068,.F.);
#2043 = FACE_BOUND('',#2044,.F.);
#2044 = EDGE_LOOP('',(#2045,#2046,#2047,#2055,#2061,#2062));
#2045 = ORIENTED_EDGE('',*,*,#316,.F.);
#2046 = ORIENTED_EDGE('',*,*,#2028,.T.);
#2047 = ORIENTED_EDGE('',*,*,#2048,.F.);
#2048 = EDGE_CURVE('',#2049,#2021,#2051,.T.);
#2049 = VERTEX_POINT('',#2050);
#2050 = CARTESIAN_POINT('',(28.317553,-4.95,38.759285));
#2051 = LINE('',#2052,#2053);
#2052 = CARTESIAN_POINT('',(2.3859265,-4.95,38.759285));
#2053 = VECTOR('',#2054,1.);
#2054 = DIRECTION('',(1.,0.,0.));
#2055 = ORIENTED_EDGE('',*,*,#2056,.T.);
#2056 = EDGE_CURVE('',#2049,#611,#2057,.T.);
#2057 = LINE('',#2058,#2059);
#2058 = CARTESIAN_POINT('',(28.317553,-4.35,38.759285));
#2059 = VECTOR('',#2060,1.);
#2060 = DIRECTION('',(0.,-1.,2.2E-16));
#2061 = ORIENTED_EDGE('',*,*,#610,.T.);
#2062 = ORIENTED_EDGE('',*,*,#2063,.F.);
#2063 = EDGE_CURVE('',#309,#613,#2064,.T.);
#2064 = LINE('',#2065,#2066);
#2065 = CARTESIAN_POINT('',(28.360912,-3.75,38.759285));
#2066 = VECTOR('',#2067,1.);
#2067 = DIRECTION('',(0.,-1.,2.2E-16));
#2068 = PLANE('',#2069);
#2069 = AXIS2_PLACEMENT_3D('',#2070,#2071,#2072);
#2070 = CARTESIAN_POINT('',(-6.283359,-3.75,38.759285));
#2071 = DIRECTION('',(0.,2.2E-16,1.));
#2072 = DIRECTION('',(1.,0.,0.));
#2073 = ADVANCED_FACE('',(#2074),#2117,.F.);
#2074 = FACE_BOUND('',#2075,.F.);
#2075 = EDGE_LOOP('',(#2076,#2077,#2078,#2079,#2087,#2095,#2103,#2111));
#2076 = ORIENTED_EDGE('',*,*,#308,.F.);
#2077 = ORIENTED_EDGE('',*,*,#2063,.T.);
#2078 = ORIENTED_EDGE('',*,*,#620,.T.);
#2079 = ORIENTED_EDGE('',*,*,#2080,.T.);
#2080 = EDGE_CURVE('',#621,#2081,#2083,.T.);
#2081 = VERTEX_POINT('',#2082);
#2082 = CARTESIAN_POINT('',(28.360912,-4.95,38.00606963334));
#2083 = LINE('',#2084,#2085);
#2084 = CARTESIAN_POINT('',(28.360912,-4.35,38.00606963334));
#2085 = VECTOR('',#2086,1.);
#2086 = DIRECTION('',(0.,1.,-2.2E-16));
#2087 = ORIENTED_EDGE('',*,*,#2088,.T.);
#2088 = EDGE_CURVE('',#2081,#2089,#2091,.T.);
#2089 = VERTEX_POINT('',#2090);
#2090 = CARTESIAN_POINT('',(28.360912,-4.95,37.742447));
#2091 = LINE('',#2092,#2093);
#2092 = CARTESIAN_POINT('',(28.360912,-4.95,19.3796425));
#2093 = VECTOR('',#2094,1.);
#2094 = DIRECTION('',(0.,0.,-1.));
#2095 = ORIENTED_EDGE('',*,*,#2096,.T.);
#2096 = EDGE_CURVE('',#2089,#2097,#2099,.T.);
#2097 = VERTEX_POINT('',#2098);
#2098 = CARTESIAN_POINT('',(28.360912,-5.75,37.742447));
#2099 = LINE('',#2100,#2101);
#2100 = CARTESIAN_POINT('',(28.360912,-4.35,37.742447));
#2101 = VECTOR('',#2102,1.);
#2102 = DIRECTION('',(0.,-1.,2.2E-16));
#2103 = ORIENTED_EDGE('',*,*,#2104,.T.);
#2104 = EDGE_CURVE('',#2097,#2105,#2107,.T.);
#2105 = VERTEX_POINT('',#2106);
#2106 = CARTESIAN_POINT('',(28.360912,-5.75,30.377457));
#2107 = LINE('',#2108,#2109);
#2108 = CARTESIAN_POINT('',(28.360912,-5.75,38.759285));
#2109 = VECTOR('',#2110,1.);
#2110 = DIRECTION('',(0.,0.,-1.));
#2111 = ORIENTED_EDGE('',*,*,#2112,.F.);
#2112 = EDGE_CURVE('',#301,#2105,#2113,.T.);
#2113 = LINE('',#2114,#2115);
#2114 = CARTESIAN_POINT('',(28.360912,-3.75,30.377457));
#2115 = VECTOR('',#2116,1.);
#2116 = DIRECTION('',(0.,-1.,2.2E-16));
#2117 = PLANE('',#2118);
#2118 = AXIS2_PLACEMENT_3D('',#2119,#2120,#2121);
#2119 = CARTESIAN_POINT('',(28.360912,-3.75,38.759285));
#2120 = DIRECTION('',(1.,0.,0.));
#2121 = DIRECTION('',(0.,-2.2E-16,-1.));
#2122 = ADVANCED_FACE('',(#2123),#2134,.F.);
#2123 = FACE_BOUND('',#2124,.F.);
#2124 = EDGE_LOOP('',(#2125,#2126,#2127,#2133));
#2125 = ORIENTED_EDGE('',*,*,#300,.F.);
#2126 = ORIENTED_EDGE('',*,*,#2112,.T.);
#2127 = ORIENTED_EDGE('',*,*,#2128,.T.);
#2128 = EDGE_CURVE('',#2105,#1640,#2129,.T.);
#2129 = LINE('',#2130,#2131);
#2130 = CARTESIAN_POINT('',(28.360912,-5.75,30.377457));
#2131 = VECTOR('',#2132,1.);
#2132 = DIRECTION('',(-1.,0.,0.));
#2133 = ORIENTED_EDGE('',*,*,#1639,.T.);
#2134 = PLANE('',#2135);
#2135 = AXIS2_PLACEMENT_3D('',#2136,#2137,#2138);
#2136 = CARTESIAN_POINT('',(28.360912,-3.75,30.377457));
#2137 = DIRECTION('',(-0.,-2.2E-16,-1.));
#2138 = DIRECTION('',(-1.,0.,0.));
#2139 = ADVANCED_FACE('',(#2140),#2146,.F.);
#2140 = FACE_BOUND('',#2141,.F.);
#2141 = EDGE_LOOP('',(#2142,#2143,#2144,#2145));
#2142 = ORIENTED_EDGE('',*,*,#1963,.T.);
#2143 = ORIENTED_EDGE('',*,*,#491,.T.);
#2144 = ORIENTED_EDGE('',*,*,#2004,.F.);
#2145 = ORIENTED_EDGE('',*,*,#1989,.F.);
#2146 = PLANE('',#2147);
#2147 = AXIS2_PLACEMENT_3D('',#2148,#2149,#2150);
#2148 = CARTESIAN_POINT('',(-6.253099,-3.698834,62.697723712475));
#2149 = DIRECTION('',(0.,-1.,0.));
#2150 = DIRECTION('',(1.,0.,0.));
#2151 = ADVANCED_FACE('',(#2152),#2163,.T.);
#2152 = FACE_BOUND('',#2153,.T.);
#2153 = EDGE_LOOP('',(#2154,#2155,#2156,#2157));
#2154 = ORIENTED_EDGE('',*,*,#529,.F.);
#2155 = ORIENTED_EDGE('',*,*,#2020,.F.);
#2156 = ORIENTED_EDGE('',*,*,#2048,.F.);
#2157 = ORIENTED_EDGE('',*,*,#2158,.F.);
#2158 = EDGE_CURVE('',#532,#2049,#2159,.T.);
#2159 = LINE('',#2160,#2161);
#2160 = CARTESIAN_POINT('',(28.317553,-4.95,62.697998));
#2161 = VECTOR('',#2162,1.);
#2162 = DIRECTION('',(0.,0.,-1.));
#2163 = PLANE('',#2164);
#2164 = AXIS2_PLACEMENT_3D('',#2165,#2166,#2167);
#2165 = CARTESIAN_POINT('',(11.055212,-4.95,50.50606963334));
#2166 = DIRECTION('',(0.,1.,0.));
#2167 = DIRECTION('',(0.,0.,1.));
#2168 = ADVANCED_FACE('',(#2169),#2187,.F.);
#2169 = FACE_BOUND('',#2170,.F.);
#2170 = EDGE_LOOP('',(#2171,#2179,#2185,#2186));
#2171 = ORIENTED_EDGE('',*,*,#2172,.T.);
#2172 = EDGE_CURVE('',#587,#2173,#2175,.T.);
#2173 = VERTEX_POINT('',#2174);
#2174 = CARTESIAN_POINT('',(28.317553,-4.95,62.697998));
#2175 = LINE('',#2176,#2177);
#2176 = CARTESIAN_POINT('',(-6.228374,-4.95,62.697998));
#2177 = VECTOR('',#2178,1.);
#2178 = DIRECTION('',(1.,0.,0.));
#2179 = ORIENTED_EDGE('',*,*,#2180,.T.);
#2180 = EDGE_CURVE('',#2173,#532,#2181,.T.);
#2181 = LINE('',#2182,#2183);
#2182 = CARTESIAN_POINT('',(28.317553,-4.95,62.697998));
#2183 = VECTOR('',#2184,1.);
#2184 = DIRECTION('',(0.,0.,-1.));
#2185 = ORIENTED_EDGE('',*,*,#548,.T.);
#2186 = ORIENTED_EDGE('',*,*,#594,.T.);
#2187 = PLANE('',#2188);
#2188 = AXIS2_PLACEMENT_3D('',#2189,#2190,#2191);
#2189 = CARTESIAN_POINT('',(11.0445895,-4.95,50.7014095));
#2190 = DIRECTION('',(0.,1.,-2.2E-16));
#2191 = DIRECTION('',(0.,2.2E-16,1.));
#2192 = ADVANCED_FACE('',(#2193),#2211,.F.);
#2193 = FACE_BOUND('',#2194,.F.);
#2194 = EDGE_LOOP('',(#2195,#2196,#2204,#2210));
#2195 = ORIENTED_EDGE('',*,*,#586,.T.);
#2196 = ORIENTED_EDGE('',*,*,#2197,.T.);
#2197 = EDGE_CURVE('',#579,#2198,#2200,.T.);
#2198 = VERTEX_POINT('',#2199);
#2199 = CARTESIAN_POINT('',(28.317553,-6.95,62.697998));
#2200 = LINE('',#2201,#2202);
#2201 = CARTESIAN_POINT('',(-6.228374,-6.95,62.697998));
#2202 = VECTOR('',#2203,1.);
#2203 = DIRECTION('',(1.,0.,0.));
#2204 = ORIENTED_EDGE('',*,*,#2205,.F.);
#2205 = EDGE_CURVE('',#2173,#2198,#2206,.T.);
#2206 = LINE('',#2207,#2208);
#2207 = CARTESIAN_POINT('',(28.317553,-4.95,62.697998));
#2208 = VECTOR('',#2209,1.);
#2209 = DIRECTION('',(0.,-1.,2.2E-16));
#2210 = ORIENTED_EDGE('',*,*,#2172,.F.);
#2211 = PLANE('',#2212);
#2212 = AXIS2_PLACEMENT_3D('',#2213,#2214,#2215);
#2213 = CARTESIAN_POINT('',(-6.228374,-4.95,62.697998));
#2214 = DIRECTION('',(0.,2.2E-16,1.));
#2215 = DIRECTION('',(1.,0.,0.));
#2216 = ADVANCED_FACE('',(#2217,#2235),#2269,.T.);
#2217 = FACE_BOUND('',#2218,.T.);
#2218 = EDGE_LOOP('',(#2219,#2227,#2233,#2234));
#2219 = ORIENTED_EDGE('',*,*,#2220,.T.);
#2220 = EDGE_CURVE('',#2198,#2221,#2223,.T.);
#2221 = VERTEX_POINT('',#2222);
#2222 = CARTESIAN_POINT('',(28.317553,-6.95,38.704821));
#2223 = LINE('',#2224,#2225);
#2224 = CARTESIAN_POINT('',(28.317553,-6.95,62.697998));
#2225 = VECTOR('',#2226,1.);
#2226 = DIRECTION('',(0.,0.,-1.));
#2227 = ORIENTED_EDGE('',*,*,#2228,.T.);
#2228 = EDGE_CURVE('',#2221,#571,#2229,.T.);
#2229 = LINE('',#2230,#2231);
#2230 = CARTESIAN_POINT('',(28.317553,-6.95,38.704821));
#2231 = VECTOR('',#2232,1.);
#2232 = DIRECTION('',(-1.,0.,0.));
#2233 = ORIENTED_EDGE('',*,*,#578,.T.);
#2234 = ORIENTED_EDGE('',*,*,#2197,.T.);
#2235 = FACE_BOUND('',#2236,.T.);
#2236 = EDGE_LOOP('',(#2237,#2247,#2255,#2263));
#2237 = ORIENTED_EDGE('',*,*,#2238,.T.);
#2238 = EDGE_CURVE('',#2239,#2241,#2243,.T.);
#2239 = VERTEX_POINT('',#2240);
#2240 = CARTESIAN_POINT('',(27.868525,-6.95,44.251274));
#2241 = VERTEX_POINT('',#2242);
#2242 = CARTESIAN_POINT('',(27.868525,-6.95,62.437389));
#2243 = LINE('',#2244,#2245);
#2244 = CARTESIAN_POINT('',(27.868525,-6.95,47.47634175));
#2245 = VECTOR('',#2246,1.);
#2246 = DIRECTION('',(0.,2.2E-16,1.));
#2247 = ORIENTED_EDGE('',*,*,#2248,.T.);
#2248 = EDGE_CURVE('',#2241,#2249,#2251,.T.);
#2249 = VERTEX_POINT('',#2250);
#2250 = CARTESIAN_POINT('',(-5.694647,-6.95,62.437389));
#2251 = LINE('',#2252,#2253);
#2252 = CARTESIAN_POINT('',(19.45655725,-6.95,62.437389));
#2253 = VECTOR('',#2254,1.);
#2254 = DIRECTION('',(-1.,0.,0.));
#2255 = ORIENTED_EDGE('',*,*,#2256,.T.);
#2256 = EDGE_CURVE('',#2249,#2257,#2259,.T.);
#2257 = VERTEX_POINT('',#2258);
#2258 = CARTESIAN_POINT('',(-5.694647,-6.95,44.251274));
#2259 = LINE('',#2260,#2261);
#2260 = CARTESIAN_POINT('',(-5.694647,-6.95,56.56939925));
#2261 = VECTOR('',#2262,1.);
#2262 = DIRECTION('',(-0.,-2.2E-16,-1.));
#2263 = ORIENTED_EDGE('',*,*,#2264,.T.);
#2264 = EDGE_CURVE('',#2257,#2239,#2265,.T.);
#2265 = LINE('',#2266,#2267);
#2266 = CARTESIAN_POINT('',(2.67497125,-6.95,44.251274));
#2267 = VECTOR('',#2268,1.);
#2268 = DIRECTION('',(1.,0.,0.));
#2269 = PLANE('',#2270);
#2270 = AXIS2_PLACEMENT_3D('',#2271,#2272,#2273);
#2271 = CARTESIAN_POINT('',(11.0445895,-6.95,50.7014095));
#2272 = DIRECTION('',(0.,1.,-2.2E-16));
#2273 = DIRECTION('',(0.,2.2E-16,1.));
#2274 = ADVANCED_FACE('',(#2275),#2286,.F.);
#2275 = FACE_BOUND('',#2276,.F.);
#2276 = EDGE_LOOP('',(#2277,#2278,#2284,#2285));
#2277 = ORIENTED_EDGE('',*,*,#644,.T.);
#2278 = ORIENTED_EDGE('',*,*,#2279,.T.);
#2279 = EDGE_CURVE('',#645,#2221,#2280,.T.);
#2280 = LINE('',#2281,#2282);
#2281 = CARTESIAN_POINT('',(28.317553,-4.95,38.704821));
#2282 = VECTOR('',#2283,1.);
#2283 = DIRECTION('',(0.,-1.,2.2E-16));
#2284 = ORIENTED_EDGE('',*,*,#2228,.T.);
#2285 = ORIENTED_EDGE('',*,*,#570,.F.);
#2286 = PLANE('',#2287);
#2287 = AXIS2_PLACEMENT_3D('',#2288,#2289,#2290);
#2288 = CARTESIAN_POINT('',(28.317553,-4.95,38.704821));
#2289 = DIRECTION('',(-0.,-2.2E-16,-1.));
#2290 = DIRECTION('',(-1.,0.,0.));
#2291 = ADVANCED_FACE('',(#2292),#2301,.F.);
#2292 = FACE_BOUND('',#2293,.F.);
#2293 = EDGE_LOOP('',(#2294,#2295,#2296,#2297,#2298,#2299,#2300));
#2294 = ORIENTED_EDGE('',*,*,#2180,.F.);
#2295 = ORIENTED_EDGE('',*,*,#2205,.T.);
#2296 = ORIENTED_EDGE('',*,*,#2220,.T.);
#2297 = ORIENTED_EDGE('',*,*,#2279,.F.);
#2298 = ORIENTED_EDGE('',*,*,#652,.T.);
#2299 = ORIENTED_EDGE('',*,*,#2056,.F.);
#2300 = ORIENTED_EDGE('',*,*,#2158,.F.);
#2301 = PLANE('',#2302);
#2302 = AXIS2_PLACEMENT_3D('',#2303,#2304,#2305);
#2303 = CARTESIAN_POINT('',(28.317553,-4.95,62.697998));
#2304 = DIRECTION('',(1.,0.,0.));
#2305 = DIRECTION('',(0.,-2.2E-16,-1.));
#2306 = ADVANCED_FACE('',(#2307),#2350,.F.);
#2307 = FACE_BOUND('',#2308,.F.);
#2308 = EDGE_LOOP('',(#2309,#2317,#2325,#2333,#2341,#2347,#2348,#2349));
#2309 = ORIENTED_EDGE('',*,*,#2310,.F.);
#2310 = EDGE_CURVE('',#2311,#692,#2313,.T.);
#2311 = VERTEX_POINT('',#2312);
#2312 = CARTESIAN_POINT('',(-6.526598,-4.95,38.00606963334));
#2313 = LINE('',#2314,#2315);
#2314 = CARTESIAN_POINT('',(-6.526598,-4.95,38.00606963334));
#2315 = VECTOR('',#2316,1.);
#2316 = DIRECTION('',(1.,0.,0.));
#2317 = ORIENTED_EDGE('',*,*,#2318,.T.);
#2318 = EDGE_CURVE('',#2311,#2319,#2321,.T.);
#2319 = VERTEX_POINT('',#2320);
#2320 = CARTESIAN_POINT('',(-6.526598,-7.95,38.00606963334));
#2321 = LINE('',#2322,#2323);
#2322 = CARTESIAN_POINT('',(-6.526598,-4.95,38.00606963334));
#2323 = VECTOR('',#2324,1.);
#2324 = DIRECTION('',(0.,-1.,2.2E-16));
#2325 = ORIENTED_EDGE('',*,*,#2326,.T.);
#2326 = EDGE_CURVE('',#2319,#2327,#2329,.T.);
#2327 = VERTEX_POINT('',#2328);
#2328 = CARTESIAN_POINT('',(28.637022,-7.95,38.00606963334));
#2329 = LINE('',#2330,#2331);
#2330 = CARTESIAN_POINT('',(-6.526598,-7.95,38.00606963334));
#2331 = VECTOR('',#2332,1.);
#2332 = DIRECTION('',(1.,0.,0.));
#2333 = ORIENTED_EDGE('',*,*,#2334,.F.);
#2334 = EDGE_CURVE('',#2335,#2327,#2337,.T.);
#2335 = VERTEX_POINT('',#2336);
#2336 = CARTESIAN_POINT('',(28.637022,-4.95,38.00606963334));
#2337 = LINE('',#2338,#2339);
#2338 = CARTESIAN_POINT('',(28.637022,-4.95,38.00606963334));
#2339 = VECTOR('',#2340,1.);
#2340 = DIRECTION('',(0.,-1.,2.2E-16));
#2341 = ORIENTED_EDGE('',*,*,#2342,.F.);
#2342 = EDGE_CURVE('',#2081,#2335,#2343,.T.);
#2343 = LINE('',#2344,#2345);
#2344 = CARTESIAN_POINT('',(-6.526598,-4.95,38.00606963334));
#2345 = VECTOR('',#2346,1.);
#2346 = DIRECTION('',(1.,0.,0.));
#2347 = ORIENTED_EDGE('',*,*,#2080,.F.);
#2348 = ORIENTED_EDGE('',*,*,#628,.T.);
#2349 = ORIENTED_EDGE('',*,*,#699,.F.);
#2350 = PLANE('',#2351);
#2351 = AXIS2_PLACEMENT_3D('',#2352,#2353,#2354);
#2352 = CARTESIAN_POINT('',(-6.526598,-4.95,38.00606963334));
#2353 = DIRECTION('',(0.,2.2E-16,1.));
#2354 = DIRECTION('',(1.,0.,0.));
#2355 = ADVANCED_FACE('',(#2356,#2416),#2426,.F.);
#2356 = FACE_BOUND('',#2357,.F.);
#2357 = EDGE_LOOP('',(#2358,#2368,#2377,#2385,#2394,#2402,#2408,#2409,
    #2410));
#2358 = ORIENTED_EDGE('',*,*,#2359,.F.);
#2359 = EDGE_CURVE('',#2360,#2362,#2364,.T.);
#2360 = VERTEX_POINT('',#2361);
#2361 = CARTESIAN_POINT('',(-29.95,-4.95,59.));
#2362 = VERTEX_POINT('',#2363);
#2363 = CARTESIAN_POINT('',(-29.95,-4.95,37.742447));
#2364 = LINE('',#2365,#2366);
#2365 = CARTESIAN_POINT('',(-29.95,-4.95,59.));
#2366 = VECTOR('',#2367,1.);
#2367 = DIRECTION('',(0.,0.,-1.));
#2368 = ORIENTED_EDGE('',*,*,#2369,.F.);
#2369 = EDGE_CURVE('',#2370,#2360,#2372,.T.);
#2370 = VERTEX_POINT('',#2371);
#2371 = CARTESIAN_POINT('',(-23.45,-4.95,65.5));
#2372 = CIRCLE('',#2373,6.5);
#2373 = AXIS2_PLACEMENT_3D('',#2374,#2375,#2376);
#2374 = CARTESIAN_POINT('',(-23.45,-4.95,59.));
#2375 = DIRECTION('',(-0.,-1.,0.));
#2376 = DIRECTION('',(-6.41E-15,0.,1.));
#2377 = ORIENTED_EDGE('',*,*,#2378,.F.);
#2378 = EDGE_CURVE('',#2379,#2370,#2381,.T.);
#2379 = VERTEX_POINT('',#2380);
#2380 = CARTESIAN_POINT('',(23.45,-4.95,65.5));
#2381 = LINE('',#2382,#2383);
#2382 = CARTESIAN_POINT('',(23.45,-4.95,65.5));
#2383 = VECTOR('',#2384,1.);
#2384 = DIRECTION('',(-1.,-0.,-0.));
#2385 = ORIENTED_EDGE('',*,*,#2386,.F.);
#2386 = EDGE_CURVE('',#2387,#2379,#2389,.T.);
#2387 = VERTEX_POINT('',#2388);
#2388 = CARTESIAN_POINT('',(28.568730906469,-4.95,63.006069633339));
#2389 = CIRCLE('',#2390,6.5);
#2390 = AXIS2_PLACEMENT_3D('',#2391,#2392,#2393);
#2391 = CARTESIAN_POINT('',(23.45,-4.95,59.));
#2392 = DIRECTION('',(0.,-1.,0.));
#2393 = DIRECTION('',(1.,0.,6.41E-15));
#2394 = ORIENTED_EDGE('',*,*,#2395,.T.);
#2395 = EDGE_CURVE('',#2387,#2396,#2398,.T.);
#2396 = VERTEX_POINT('',#2397);
#2397 = CARTESIAN_POINT('',(-6.526598,-4.95,63.00606963334));
#2398 = LINE('',#2399,#2400);
#2399 = CARTESIAN_POINT('',(28.637022,-4.95,63.00606963334));
#2400 = VECTOR('',#2401,1.);
#2401 = DIRECTION('',(-1.,0.,0.));
#2402 = ORIENTED_EDGE('',*,*,#2403,.T.);
#2403 = EDGE_CURVE('',#2396,#2311,#2404,.T.);
#2404 = LINE('',#2405,#2406);
#2405 = CARTESIAN_POINT('',(-6.526598,-4.95,63.00606963334));
#2406 = VECTOR('',#2407,1.);
#2407 = DIRECTION('',(0.,0.,-1.));
#2408 = ORIENTED_EDGE('',*,*,#2310,.T.);
#2409 = ORIENTED_EDGE('',*,*,#691,.F.);
#2410 = ORIENTED_EDGE('',*,*,#2411,.T.);
#2411 = EDGE_CURVE('',#684,#2362,#2412,.T.);
#2412 = LINE('',#2413,#2414);
#2413 = CARTESIAN_POINT('',(29.966141,-4.95,37.742447));
#2414 = VECTOR('',#2415,1.);
#2415 = DIRECTION('',(-1.,0.,0.));
#2416 = FACE_BOUND('',#2417,.F.);
#2417 = EDGE_LOOP('',(#2418,#2419,#2420,#2421,#2422,#2423,#2424,#2425));
#2418 = ORIENTED_EDGE('',*,*,#1557,.T.);
#2419 = ORIENTED_EDGE('',*,*,#1548,.T.);
#2420 = ORIENTED_EDGE('',*,*,#1539,.T.);
#2421 = ORIENTED_EDGE('',*,*,#1623,.T.);
#2422 = ORIENTED_EDGE('',*,*,#1597,.T.);
#2423 = ORIENTED_EDGE('',*,*,#1588,.T.);
#2424 = ORIENTED_EDGE('',*,*,#1579,.T.);
#2425 = ORIENTED_EDGE('',*,*,#1509,.T.);
#2426 = PLANE('',#2427);
#2427 = AXIS2_PLACEMENT_3D('',#2428,#2429,#2430);
#2428 = CARTESIAN_POINT('',(0.,-4.95,0.));
#2429 = DIRECTION('',(0.,1.,0.));
#2430 = DIRECTION('',(0.,0.,1.));
#2431 = ADVANCED_FACE('',(#2432,#2489),#2523,.F.);
#2432 = FACE_BOUND('',#2433,.F.);
#2433 = EDGE_LOOP('',(#2434,#2444,#2452,#2460,#2466,#2467,#2468,#2474,
    #2475,#2483));
#2434 = ORIENTED_EDGE('',*,*,#2435,.T.);
#2435 = EDGE_CURVE('',#2436,#2438,#2440,.T.);
#2436 = VERTEX_POINT('',#2437);
#2437 = CARTESIAN_POINT('',(29.966141,-4.95,37.742447));
#2438 = VERTEX_POINT('',#2439);
#2439 = CARTESIAN_POINT('',(29.966141,-7.95,37.742447));
#2440 = LINE('',#2441,#2442);
#2441 = CARTESIAN_POINT('',(29.966141,-4.95,37.742447));
#2442 = VECTOR('',#2443,1.);
#2443 = DIRECTION('',(0.,-1.,2.2E-16));
#2444 = ORIENTED_EDGE('',*,*,#2445,.T.);
#2445 = EDGE_CURVE('',#2438,#2446,#2448,.T.);
#2446 = VERTEX_POINT('',#2447);
#2447 = CARTESIAN_POINT('',(-29.957122,-7.95,37.742447));
#2448 = LINE('',#2449,#2450);
#2449 = CARTESIAN_POINT('',(29.966141,-7.95,37.742447));
#2450 = VECTOR('',#2451,1.);
#2451 = DIRECTION('',(-1.,0.,0.));
#2452 = ORIENTED_EDGE('',*,*,#2453,.F.);
#2453 = EDGE_CURVE('',#2454,#2446,#2456,.T.);
#2454 = VERTEX_POINT('',#2455);
#2455 = CARTESIAN_POINT('',(-29.957122,-4.95,37.742447));
#2456 = LINE('',#2457,#2458);
#2457 = CARTESIAN_POINT('',(-29.957122,-4.95,37.742447));
#2458 = VECTOR('',#2459,1.);
#2459 = DIRECTION('',(0.,-1.,2.2E-16));
#2460 = ORIENTED_EDGE('',*,*,#2461,.F.);
#2461 = EDGE_CURVE('',#2362,#2454,#2462,.T.);
#2462 = LINE('',#2463,#2464);
#2463 = CARTESIAN_POINT('',(29.966141,-4.95,37.742447));
#2464 = VECTOR('',#2465,1.);
#2465 = DIRECTION('',(-1.,0.,0.));
#2466 = ORIENTED_EDGE('',*,*,#2411,.F.);
#2467 = ORIENTED_EDGE('',*,*,#683,.F.);
#2468 = ORIENTED_EDGE('',*,*,#2469,.T.);
#2469 = EDGE_CURVE('',#676,#2097,#2470,.T.);
#2470 = LINE('',#2471,#2472);
#2471 = CARTESIAN_POINT('',(20.50245875,-5.75,37.742447));
#2472 = VECTOR('',#2473,1.);
#2473 = DIRECTION('',(1.,0.,0.));
#2474 = ORIENTED_EDGE('',*,*,#2096,.F.);
#2475 = ORIENTED_EDGE('',*,*,#2476,.F.);
#2476 = EDGE_CURVE('',#2477,#2089,#2479,.T.);
#2477 = VERTEX_POINT('',#2478);
#2478 = CARTESIAN_POINT('',(29.95,-4.95,37.742447));
#2479 = LINE('',#2480,#2481);
#2480 = CARTESIAN_POINT('',(29.966141,-4.95,37.742447));
#2481 = VECTOR('',#2482,1.);
#2482 = DIRECTION('',(-1.,0.,0.));
#2483 = ORIENTED_EDGE('',*,*,#2484,.F.);
#2484 = EDGE_CURVE('',#2436,#2477,#2485,.T.);
#2485 = LINE('',#2486,#2487);
#2486 = CARTESIAN_POINT('',(29.966141,-4.95,37.742447));
#2487 = VECTOR('',#2488,1.);
#2488 = DIRECTION('',(-1.,0.,0.));
#2489 = FACE_BOUND('',#2490,.F.);
#2490 = EDGE_LOOP('',(#2491,#2501,#2509,#2517));
#2491 = ORIENTED_EDGE('',*,*,#2492,.F.);
#2492 = EDGE_CURVE('',#2493,#2495,#2497,.T.);
#2493 = VERTEX_POINT('',#2494);
#2494 = CARTESIAN_POINT('',(-18.489908,-6.938768,37.742447));
#2495 = VERTEX_POINT('',#2496);
#2496 = CARTESIAN_POINT('',(-18.489908,-5.261497,37.742447));
#2497 = LINE('',#2498,#2499);
#2498 = CARTESIAN_POINT('',(-18.489908,-5.944384,37.742447));
#2499 = VECTOR('',#2500,1.);
#2500 = DIRECTION('',(0.,1.,-2.2E-16));
#2501 = ORIENTED_EDGE('',*,*,#2502,.F.);
#2502 = EDGE_CURVE('',#2503,#2493,#2505,.T.);
#2503 = VERTEX_POINT('',#2504);
#2504 = CARTESIAN_POINT('',(-14.91048,-6.938768,37.742447));
#2505 = LINE('',#2506,#2507);
#2506 = CARTESIAN_POINT('',(7.5278305,-6.938768,37.742447));
#2507 = VECTOR('',#2508,1.);
#2508 = DIRECTION('',(-1.,0.,0.));
#2509 = ORIENTED_EDGE('',*,*,#2510,.F.);
#2510 = EDGE_CURVE('',#2511,#2503,#2513,.T.);
#2511 = VERTEX_POINT('',#2512);
#2512 = CARTESIAN_POINT('',(-14.91048,-5.261497,37.742447));
#2513 = LINE('',#2514,#2515);
#2514 = CARTESIAN_POINT('',(-14.91048,-5.1057485,37.742447));
#2515 = VECTOR('',#2516,1.);
#2516 = DIRECTION('',(0.,-1.,2.2E-16));
#2517 = ORIENTED_EDGE('',*,*,#2518,.F.);
#2518 = EDGE_CURVE('',#2495,#2511,#2519,.T.);
#2519 = LINE('',#2520,#2521);
#2520 = CARTESIAN_POINT('',(5.7381165,-5.261497,37.742447));
#2521 = VECTOR('',#2522,1.);
#2522 = DIRECTION('',(1.,0.,0.));
#2523 = PLANE('',#2524);
#2524 = AXIS2_PLACEMENT_3D('',#2525,#2526,#2527);
#2525 = CARTESIAN_POINT('',(29.966141,-4.95,37.742447));
#2526 = DIRECTION('',(-0.,-2.2E-16,-1.));
#2527 = DIRECTION('',(-1.,0.,0.));
#2528 = ADVANCED_FACE('',(#2529),#2537,.T.);
#2529 = FACE_BOUND('',#2530,.T.);
#2530 = EDGE_LOOP('',(#2531,#2532,#2533,#2534,#2535,#2536));
#2531 = ORIENTED_EDGE('',*,*,#2469,.T.);
#2532 = ORIENTED_EDGE('',*,*,#2104,.T.);
#2533 = ORIENTED_EDGE('',*,*,#2128,.T.);
#2534 = ORIENTED_EDGE('',*,*,#1647,.T.);
#2535 = ORIENTED_EDGE('',*,*,#1904,.T.);
#2536 = ORIENTED_EDGE('',*,*,#675,.T.);
#2537 = PLANE('',#2538);
#2538 = AXIS2_PLACEMENT_3D('',#2539,#2540,#2541);
#2539 = CARTESIAN_POINT('',(11.0387765,-5.75,34.568371));
#2540 = DIRECTION('',(0.,1.,0.));
#2541 = DIRECTION('',(0.,0.,1.));
#2542 = ADVANCED_FACE('',(#2543),#2569,.F.);
#2543 = FACE_BOUND('',#2544,.F.);
#2544 = EDGE_LOOP('',(#2545,#2553,#2554,#2562));
#2545 = ORIENTED_EDGE('',*,*,#2546,.F.);
#2546 = EDGE_CURVE('',#718,#2547,#2549,.T.);
#2547 = VERTEX_POINT('',#2548);
#2548 = CARTESIAN_POINT('',(-29.95,4.95,59.));
#2549 = LINE('',#2550,#2551);
#2550 = CARTESIAN_POINT('',(-29.95,3.75,59.));
#2551 = VECTOR('',#2552,1.);
#2552 = DIRECTION('',(0.,1.,0.));
#2553 = ORIENTED_EDGE('',*,*,#752,.F.);
#2554 = ORIENTED_EDGE('',*,*,#2555,.T.);
#2555 = EDGE_CURVE('',#744,#2556,#2558,.T.);
#2556 = VERTEX_POINT('',#2557);
#2557 = CARTESIAN_POINT('',(-23.45,4.95,65.5));
#2558 = LINE('',#2559,#2560);
#2559 = CARTESIAN_POINT('',(-23.45,3.75,65.5));
#2560 = VECTOR('',#2561,1.);
#2561 = DIRECTION('',(0.,1.,0.));
#2562 = ORIENTED_EDGE('',*,*,#2563,.T.);
#2563 = EDGE_CURVE('',#2556,#2547,#2564,.T.);
#2564 = CIRCLE('',#2565,6.5);
#2565 = AXIS2_PLACEMENT_3D('',#2566,#2567,#2568);
#2566 = CARTESIAN_POINT('',(-23.45,4.95,59.));
#2567 = DIRECTION('',(-0.,-1.,0.));
#2568 = DIRECTION('',(-6.41E-15,0.,1.));
#2569 = CYLINDRICAL_SURFACE('',#2570,6.5);
#2570 = AXIS2_PLACEMENT_3D('',#2571,#2572,#2573);
#2571 = CARTESIAN_POINT('',(-23.45,0.,59.));
#2572 = DIRECTION('',(0.,-1.,0.));
#2573 = DIRECTION('',(0.,0.,-1.));
#2574 = ADVANCED_FACE('',(#2575),#2593,.F.);
#2575 = FACE_BOUND('',#2576,.T.);
#2576 = EDGE_LOOP('',(#2577,#2585,#2591,#2592));
#2577 = ORIENTED_EDGE('',*,*,#2578,.F.);
#2578 = EDGE_CURVE('',#2579,#2556,#2581,.T.);
#2579 = VERTEX_POINT('',#2580);
#2580 = CARTESIAN_POINT('',(23.45,4.95,65.5));
#2581 = LINE('',#2582,#2583);
#2582 = CARTESIAN_POINT('',(23.45,4.95,65.5));
#2583 = VECTOR('',#2584,1.);
#2584 = DIRECTION('',(-1.,-0.,-0.));
#2585 = ORIENTED_EDGE('',*,*,#2586,.F.);
#2586 = EDGE_CURVE('',#770,#2579,#2587,.T.);
#2587 = LINE('',#2588,#2589);
#2588 = CARTESIAN_POINT('',(23.45,3.75,65.5));
#2589 = VECTOR('',#2590,1.);
#2590 = DIRECTION('',(0.,1.,0.));
#2591 = ORIENTED_EDGE('',*,*,#778,.T.);
#2592 = ORIENTED_EDGE('',*,*,#2555,.T.);
#2593 = PLANE('',#2594);
#2594 = AXIS2_PLACEMENT_3D('',#2595,#2596,#2597);
#2595 = CARTESIAN_POINT('',(23.45,3.75,65.5));
#2596 = DIRECTION('',(0.,0.,1.));
#2597 = DIRECTION('',(1.,0.,0.));
#2598 = ADVANCED_FACE('',(#2599),#2617,.T.);
#2599 = FACE_BOUND('',#2600,.T.);
#2600 = EDGE_LOOP('',(#2601,#2602,#2610,#2616));
#2601 = ORIENTED_EDGE('',*,*,#803,.T.);
#2602 = ORIENTED_EDGE('',*,*,#2603,.T.);
#2603 = EDGE_CURVE('',#804,#2604,#2606,.T.);
#2604 = VERTEX_POINT('',#2605);
#2605 = CARTESIAN_POINT('',(-29.95,4.95,-59.));
#2606 = LINE('',#2607,#2608);
#2607 = CARTESIAN_POINT('',(-29.95,3.75,-59.));
#2608 = VECTOR('',#2609,1.);
#2609 = DIRECTION('',(0.,1.,0.));
#2610 = ORIENTED_EDGE('',*,*,#2611,.F.);
#2611 = EDGE_CURVE('',#2547,#2604,#2612,.T.);
#2612 = LINE('',#2613,#2614);
#2613 = CARTESIAN_POINT('',(-29.95,4.95,0.));
#2614 = VECTOR('',#2615,1.);
#2615 = DIRECTION('',(0.,0.,-1.));
#2616 = ORIENTED_EDGE('',*,*,#2546,.F.);
#2617 = PLANE('',#2618);
#2618 = AXIS2_PLACEMENT_3D('',#2619,#2620,#2621);
#2619 = CARTESIAN_POINT('',(-29.95,4.35,-6.02E-15));
#2620 = DIRECTION('',(1.,0.,0.));
#2621 = DIRECTION('',(0.,0.,1.));
#2622 = ADVANCED_FACE('',(#2623),#2642,.F.);
#2623 = FACE_BOUND('',#2624,.F.);
#2624 = EDGE_LOOP('',(#2625,#2626,#2627,#2635));
#2625 = ORIENTED_EDGE('',*,*,#2586,.F.);
#2626 = ORIENTED_EDGE('',*,*,#858,.F.);
#2627 = ORIENTED_EDGE('',*,*,#2628,.T.);
#2628 = EDGE_CURVE('',#850,#2629,#2631,.T.);
#2629 = VERTEX_POINT('',#2630);
#2630 = CARTESIAN_POINT('',(29.95,4.95,59.));
#2631 = LINE('',#2632,#2633);
#2632 = CARTESIAN_POINT('',(29.95,3.75,59.));
#2633 = VECTOR('',#2634,1.);
#2634 = DIRECTION('',(0.,1.,0.));
#2635 = ORIENTED_EDGE('',*,*,#2636,.T.);
#2636 = EDGE_CURVE('',#2629,#2579,#2637,.T.);
#2637 = CIRCLE('',#2638,6.5);
#2638 = AXIS2_PLACEMENT_3D('',#2639,#2640,#2641);
#2639 = CARTESIAN_POINT('',(23.45,4.95,59.));
#2640 = DIRECTION('',(0.,-1.,0.));
#2641 = DIRECTION('',(1.,0.,6.41E-15));
#2642 = CYLINDRICAL_SURFACE('',#2643,6.5);
#2643 = AXIS2_PLACEMENT_3D('',#2644,#2645,#2646);
#2644 = CARTESIAN_POINT('',(23.45,0.,59.));
#2645 = DIRECTION('',(-0.,-1.,-0.));
#2646 = DIRECTION('',(0.,0.,-1.));
#2647 = ADVANCED_FACE('',(#2648),#2667,.F.);
#2648 = FACE_BOUND('',#2649,.F.);
#2649 = EDGE_LOOP('',(#2650,#2658,#2659,#2660));
#2650 = ORIENTED_EDGE('',*,*,#2651,.F.);
#2651 = EDGE_CURVE('',#877,#2652,#2654,.T.);
#2652 = VERTEX_POINT('',#2653);
#2653 = CARTESIAN_POINT('',(-23.45,4.95,-65.5));
#2654 = LINE('',#2655,#2656);
#2655 = CARTESIAN_POINT('',(-23.45,3.75,-65.5));
#2656 = VECTOR('',#2657,1.);
#2657 = DIRECTION('',(0.,1.,0.));
#2658 = ORIENTED_EDGE('',*,*,#876,.F.);
#2659 = ORIENTED_EDGE('',*,*,#2603,.T.);
#2660 = ORIENTED_EDGE('',*,*,#2661,.T.);
#2661 = EDGE_CURVE('',#2604,#2652,#2662,.T.);
#2662 = CIRCLE('',#2663,6.5);
#2663 = AXIS2_PLACEMENT_3D('',#2664,#2665,#2666);
#2664 = CARTESIAN_POINT('',(-23.45,4.95,-59.));
#2665 = DIRECTION('',(0.,-1.,-0.));
#2666 = DIRECTION('',(-1.,0.,-2.135E-14));
#2667 = CYLINDRICAL_SURFACE('',#2668,6.5);
#2668 = AXIS2_PLACEMENT_3D('',#2669,#2670,#2671);
#2669 = CARTESIAN_POINT('',(-23.45,0.,-59.));
#2670 = DIRECTION('',(0.,-1.,0.));
#2671 = DIRECTION('',(0.,0.,-1.));
#2672 = ADVANCED_FACE('',(#2673),#2743,.F.);
#2673 = FACE_BOUND('',#2674,.F.);
#2674 = EDGE_LOOP('',(#2675,#2676,#2677,#2685,#2695,#2710,#2725,#2735,
    #2741,#2742));
#2675 = ORIENTED_EDGE('',*,*,#894,.T.);
#2676 = ORIENTED_EDGE('',*,*,#1201,.T.);
#2677 = ORIENTED_EDGE('',*,*,#2678,.T.);
#2678 = EDGE_CURVE('',#1194,#2679,#2681,.T.);
#2679 = VERTEX_POINT('',#2680);
#2680 = CARTESIAN_POINT('',(-23.21008920865,1.5,-70.21725555805));
#2681 = LINE('',#2682,#2683);
#2682 = CARTESIAN_POINT('',(-23.21008920865,1.5,-59.45));
#2683 = VECTOR('',#2684,1.);
#2684 = DIRECTION('',(0.,0.,-1.));
#2685 = ORIENTED_EDGE('',*,*,#2686,.T.);
#2686 = EDGE_CURVE('',#2679,#2687,#2689,.T.);
#2687 = VERTEX_POINT('',#2688);
#2688 = CARTESIAN_POINT('',(-23.45,1.48068997842,-70.22335232518));
#2689 = B_SPLINE_CURVE_WITH_KNOTS('',3,(#2690,#2691,#2692,#2693,#2694),
  .UNSPECIFIED.,.F.,.F.,(4,1,4),(7.075827273035E-03,7.196146301538E-03,
    7.316465330042E-03),.UNSPECIFIED.);
#2690 = CARTESIAN_POINT('',(-23.21008920865,1.5,-70.21725555805));
#2691 = CARTESIAN_POINT('',(-23.25044261434,1.5,-70.21725555805));
#2692 = CARTESIAN_POINT('',(-23.33077708339,1.496748696302,
    -70.21829122079));
#2693 = CARTESIAN_POINT('',(-23.41038069374,1.487109349967,
    -70.22133996225));
#2694 = CARTESIAN_POINT('',(-23.45,1.48068997842,-70.22335232518));
#2695 = ORIENTED_EDGE('',*,*,#2696,.T.);
#2696 = EDGE_CURVE('',#2687,#2697,#2699,.T.);
#2697 = VERTEX_POINT('',#2698);
#2698 = CARTESIAN_POINT('',(-24.71008920865,2.2668E-11,-70.38045144914)
  );
#2699 = B_SPLINE_CURVE_WITH_KNOTS('',3,(#2700,#2701,#2702,#2703,#2704,
    #2705,#2706,#2707,#2708,#2709),.UNSPECIFIED.,.F.,.F.,(4,2,2,2,4),(
    1.9994084414E-07,5.28047577605E-04,1.055895214366E-03,
    1.583742851127E-03,2.111590487888E-03),.UNSPECIFIED.);
#2700 = CARTESIAN_POINT('',(-23.45,1.48068997842,-70.22335232518));
#2701 = CARTESIAN_POINT('',(-23.62599717843,1.452173798146,
    -70.23229165882));
#2702 = CARTESIAN_POINT('',(-23.79229932364,1.393713340061,
    -70.24643917557));
#2703 = CARTESIAN_POINT('',(-24.10105438921,1.219666568896,
    -70.28050464409));
#2704 = CARTESIAN_POINT('',(-24.23732446083,1.107253492071,
    -70.29968720187));
#2705 = CARTESIAN_POINT('',(-24.46650251126,0.838241118089,
    -70.33551082881));
#2706 = CARTESIAN_POINT('',(-24.55621048886,0.685029593768,
    -70.35159544007));
#2707 = CARTESIAN_POINT('',(-24.67865786884,0.353007274252,
    -70.37420559768));
#2708 = CARTESIAN_POINT('',(-24.71008920864,0.177014268246,
    -70.38045144914));
#2709 = CARTESIAN_POINT('',(-24.71008920865,2.266769E-11,-70.38045144914
    ));
#2710 = ORIENTED_EDGE('',*,*,#2711,.T.);
#2711 = EDGE_CURVE('',#2697,#2712,#2714,.T.);
#2712 = VERTEX_POINT('',#2713);
#2713 = CARTESIAN_POINT('',(-23.45,-1.48068997842,-70.22335232518));
#2714 = B_SPLINE_CURVE_WITH_KNOTS('',3,(#2715,#2716,#2717,#2718,#2719,
    #2720,#2721,#2722,#2723,#2724),.UNSPECIFIED.,.F.,.F.,(4,2,2,2,4),(
    2.111590487888E-03,2.639171794164E-03,3.166753100441E-03,
    3.694334406718E-03,4.221915712994E-03),.UNSPECIFIED.);
#2715 = CARTESIAN_POINT('',(-24.71008920865,2.266769E-11,-70.38045144914
    ));
#2716 = CARTESIAN_POINT('',(-24.71008920865,-0.176924953988,
    -70.38045144914));
#2717 = CARTESIAN_POINT('',(-24.67845462318,-0.353503973872,
    -70.37416841844));
#2718 = CARTESIAN_POINT('',(-24.55652455467,-0.684232350237,
    -70.35165308279));
#2719 = CARTESIAN_POINT('',(-24.46585151559,-0.838945365967,
    -70.33541175457));
#2720 = CARTESIAN_POINT('',(-24.23840583036,-1.106043952169,
    -70.29985355444));
#2721 = CARTESIAN_POINT('',(-24.10000079226,-1.220153586043,
    -70.28040078591));
#2722 = CARTESIAN_POINT('',(-23.79473815475,-1.392444975575,
    -70.24669592506));
#2723 = CARTESIAN_POINT('',(-23.62590353583,-1.452188970716,
    -70.23228690248));
#2724 = CARTESIAN_POINT('',(-23.45,-1.48068997842,-70.22335232518));
#2725 = ORIENTED_EDGE('',*,*,#2726,.T.);
#2726 = EDGE_CURVE('',#2712,#2727,#2729,.T.);
#2727 = VERTEX_POINT('',#2728);
#2728 = CARTESIAN_POINT('',(-23.21008920865,-1.5,-70.21725555805));
#2729 = B_SPLINE_CURVE_WITH_KNOTS('',3,(#2730,#2731,#2732,#2733,#2734),
  .UNSPECIFIED.,.F.,.F.,(4,1,4),(2.118559855349E-03,2.239020801094E-03,
    2.359481746838E-03),.UNSPECIFIED.);
#2730 = CARTESIAN_POINT('',(-23.45,-1.48068997842,-70.22335232518));
#2731 = CARTESIAN_POINT('',(-23.41027093637,-1.487127133552,
    -70.2213343874));
#2732 = CARTESIAN_POINT('',(-23.33055590679,-1.496766511781,
    -70.21828555312));
#2733 = CARTESIAN_POINT('',(-23.25033069802,-1.5,-70.21725555805));
#2734 = CARTESIAN_POINT('',(-23.21008920865,-1.5,-70.21725555805));
#2735 = ORIENTED_EDGE('',*,*,#2736,.F.);
#2736 = EDGE_CURVE('',#1309,#2727,#2737,.T.);
#2737 = LINE('',#2738,#2739);
#2738 = CARTESIAN_POINT('',(-23.21008920865,-1.5,-59.45));
#2739 = VECTOR('',#2740,1.);
#2740 = DIRECTION('',(0.,0.,-1.));
#2741 = ORIENTED_EDGE('',*,*,#1308,.T.);
#2742 = ORIENTED_EDGE('',*,*,#909,.T.);
#2743 = CYLINDRICAL_SURFACE('',#2744,1.5);
#2744 = AXIS2_PLACEMENT_3D('',#2745,#2746,#2747);
#2745 = CARTESIAN_POINT('',(-23.21008920865,1.22E-15,-59.45));
#2746 = DIRECTION('',(0.,0.,-1.));
#2747 = DIRECTION('',(-1.,0.,0.));
#2748 = ADVANCED_FACE('',(#2749),#2767,.F.);
#2749 = FACE_BOUND('',#2750,.T.);
#2750 = EDGE_LOOP('',(#2751,#2759,#2765,#2766));
#2751 = ORIENTED_EDGE('',*,*,#2752,.F.);
#2752 = EDGE_CURVE('',#2753,#2629,#2755,.T.);
#2753 = VERTEX_POINT('',#2754);
#2754 = CARTESIAN_POINT('',(29.95,4.95,-59.));
#2755 = LINE('',#2756,#2757);
#2756 = CARTESIAN_POINT('',(29.95,4.95,-59.));
#2757 = VECTOR('',#2758,1.);
#2758 = DIRECTION('',(0.,0.,1.));
#2759 = ORIENTED_EDGE('',*,*,#2760,.F.);
#2760 = EDGE_CURVE('',#940,#2753,#2761,.T.);
#2761 = LINE('',#2762,#2763);
#2762 = CARTESIAN_POINT('',(29.95,3.75,-59.));
#2763 = VECTOR('',#2764,1.);
#2764 = DIRECTION('',(0.,1.,0.));
#2765 = ORIENTED_EDGE('',*,*,#939,.T.);
#2766 = ORIENTED_EDGE('',*,*,#2628,.T.);
#2767 = PLANE('',#2768);
#2768 = AXIS2_PLACEMENT_3D('',#2769,#2770,#2771);
#2769 = CARTESIAN_POINT('',(29.95,3.75,-59.));
#2770 = DIRECTION('',(1.,0.,0.));
#2771 = DIRECTION('',(0.,0.,-1.));
#2772 = ADVANCED_FACE('',(#2773),#2829,.F.);
#2773 = FACE_BOUND('',#2774,.F.);
#2774 = EDGE_LOOP('',(#2775,#2783,#2802,#2821,#2827,#2828));
#2775 = ORIENTED_EDGE('',*,*,#2776,.T.);
#2776 = EDGE_CURVE('',#1040,#2777,#2779,.T.);
#2777 = VERTEX_POINT('',#2778);
#2778 = CARTESIAN_POINT('',(33.819431482789,1.5,18.121752815091));
#2779 = LINE('',#2780,#2781);
#2780 = CARTESIAN_POINT('',(23.9,1.5,18.121752815091));
#2781 = VECTOR('',#2782,1.);
#2782 = DIRECTION('',(1.,0.,0.));
#2783 = ORIENTED_EDGE('',*,*,#2784,.T.);
#2784 = EDGE_CURVE('',#2777,#2785,#2787,.T.);
#2785 = VERTEX_POINT('',#2786);
#2786 = CARTESIAN_POINT('',(34.100000000001,-1.51E-13,16.621752815089));
#2787 = B_SPLINE_CURVE_WITH_KNOTS('',3,(#2788,#2789,#2790,#2791,#2792,
    #2793,#2794,#2795,#2796,#2797,#2798,#2799,#2800,#2801),
  .UNSPECIFIED.,.F.,.F.,(4,2,2,2,2,2,4),(0.,2.957092936716E-04,
    5.914185873432E-04,1.182837174686E-03,1.774255762029E-03,
    2.069965055701E-03,2.365674349373E-03),.UNSPECIFIED.);
#2788 = CARTESIAN_POINT('',(33.819431482789,1.5,18.121752815091));
#2789 = CARTESIAN_POINT('',(33.819431482789,1.5,18.021690145924));
#2790 = CARTESIAN_POINT('',(33.823313843968,1.490089619041,
    17.923486778385));
#2791 = CARTESIAN_POINT('',(33.837964037221,1.451434756344,
    17.730583232734));
#2792 = CARTESIAN_POINT('',(33.848913642801,1.422174507293,
    17.63486452946));
#2793 = CARTESIAN_POINT('',(33.889042681343,1.308768294016,
    17.363011963355));
#2794 = CARTESIAN_POINT('',(33.926015961783,1.197471576032,
    17.197801260861));
#2795 = CARTESIAN_POINT('',(33.998532450145,0.923052600823,
    16.923588157758));
#2796 = CARTESIAN_POINT('',(34.034432606775,0.757017874019,
    16.812138262035));
#2797 = CARTESIAN_POINT('',(34.072391677651,0.486495941656,
    16.699478831802));
#2798 = CARTESIAN_POINT('',(34.082687137465,0.390983829055,
    16.670225442307));
#2799 = CARTESIAN_POINT('',(34.096471858268,0.196831042623,
    16.631431504371));
#2800 = CARTESIAN_POINT('',(34.1,9.886240873893E-02,16.621752815091));
#2801 = CARTESIAN_POINT('',(34.100000000001,-1.5094E-13,16.621752815089)
  );
#2802 = ORIENTED_EDGE('',*,*,#2803,.T.);
#2803 = EDGE_CURVE('',#2785,#2804,#2806,.T.);
#2804 = VERTEX_POINT('',#2805);
#2805 = CARTESIAN_POINT('',(33.819431482789,-1.5,18.121752815091));
#2806 = B_SPLINE_CURVE_WITH_KNOTS('',3,(#2807,#2808,#2809,#2810,#2811,
    #2812,#2813,#2814,#2815,#2816,#2817,#2818,#2819,#2820),
  .UNSPECIFIED.,.F.,.F.,(4,2,2,2,2,2,4),(2.365674349373E-03,
    2.660960686447E-03,2.956247023521E-03,3.546819697669E-03,
    3.842106034743E-03,4.137392371817E-03,4.727965045965E-03),
  .UNSPECIFIED.);
#2807 = CARTESIAN_POINT('',(34.100000000001,-1.5094E-13,16.621752815089)
  );
#2808 = CARTESIAN_POINT('',(34.1,-9.872100463448E-02,16.621752815091));
#2809 = CARTESIAN_POINT('',(34.096357779519,-0.198925130337,
    16.631749146312));
#2810 = CARTESIAN_POINT('',(34.082589287989,-0.391867094891,
    16.670504276627));
#2811 = CARTESIAN_POINT('',(34.072504624322,-0.485752944979,
    16.699139721637));
#2812 = CARTESIAN_POINT('',(34.034044821957,-0.759657223157,
    16.813296987714));
#2813 = CARTESIAN_POINT('',(33.998444141115,-0.923498115358,
    16.923825298027));
#2814 = CARTESIAN_POINT('',(33.943870282471,-1.129850587463,
    17.130335936925));
#2815 = CARTESIAN_POINT('',(33.925737550718,-1.191321243858,
    17.205108836514));
#2816 = CARTESIAN_POINT('',(33.89159344291,-1.299837108664,
    17.366831640088));
#2817 = CARTESIAN_POINT('',(33.875565145884,-1.346857639383,
    17.454299301891));
#2818 = CARTESIAN_POINT('',(33.835694112412,-1.459530789723,
    17.724451108522));
#2819 = CARTESIAN_POINT('',(33.819431482789,-1.5,17.921882765322));
#2820 = CARTESIAN_POINT('',(33.819431482789,-1.5,18.121752815091));
#2821 = ORIENTED_EDGE('',*,*,#2822,.F.);
#2822 = EDGE_CURVE('',#969,#2804,#2823,.T.);
#2823 = LINE('',#2824,#2825);
#2824 = CARTESIAN_POINT('',(23.9,-1.5,18.121752815091));
#2825 = VECTOR('',#2826,1.);
#2826 = DIRECTION('',(1.,0.,0.));
#2827 = ORIENTED_EDGE('',*,*,#968,.T.);
#2828 = ORIENTED_EDGE('',*,*,#1047,.T.);
#2829 = CYLINDRICAL_SURFACE('',#2830,1.5);
#2830 = AXIS2_PLACEMENT_3D('',#2831,#2832,#2833);
#2831 = CARTESIAN_POINT('',(23.9,0.,18.121752815091));
#2832 = DIRECTION('',(1.,0.,0.));
#2833 = DIRECTION('',(0.,0.,-1.));
#2834 = ADVANCED_FACE('',(#2835),#2853,.F.);
#2835 = FACE_BOUND('',#2836,.T.);
#2836 = EDGE_LOOP('',(#2837,#2845,#2846,#2847));
#2837 = ORIENTED_EDGE('',*,*,#2838,.F.);
#2838 = EDGE_CURVE('',#2804,#2839,#2841,.T.);
#2839 = VERTEX_POINT('',#2840);
#2840 = CARTESIAN_POINT('',(33.819431482789,-1.5,38.598554630823));
#2841 = LINE('',#2842,#2843);
#2842 = CARTESIAN_POINT('',(33.819431482789,-1.5,-59.));
#2843 = VECTOR('',#2844,1.);
#2844 = DIRECTION('',(0.,0.,1.));
#2845 = ORIENTED_EDGE('',*,*,#2822,.F.);
#2846 = ORIENTED_EDGE('',*,*,#989,.F.);
#2847 = ORIENTED_EDGE('',*,*,#2848,.T.);
#2848 = EDGE_CURVE('',#990,#2839,#2849,.T.);
#2849 = LINE('',#2850,#2851);
#2850 = CARTESIAN_POINT('',(23.9,-1.5,38.598554630823));
#2851 = VECTOR('',#2852,1.);
#2852 = DIRECTION('',(1.,0.,0.));
#2853 = PLANE('',#2854);
#2854 = AXIS2_PLACEMENT_3D('',#2855,#2856,#2857);
#2855 = CARTESIAN_POINT('',(23.9,-1.5,38.598554630823));
#2856 = DIRECTION('',(0.,-1.,0.));
#2857 = DIRECTION('',(0.,0.,-1.));
#2858 = ADVANCED_FACE('',(#2859),#2908,.F.);
#2859 = FACE_BOUND('',#2860,.F.);
#2860 = EDGE_LOOP('',(#2861,#2882,#2888,#2889,#2890,#2891));
#2861 = ORIENTED_EDGE('',*,*,#2862,.T.);
#2862 = EDGE_CURVE('',#2863,#2865,#2867,.T.);
#2863 = VERTEX_POINT('',#2864);
#2864 = CARTESIAN_POINT('',(34.100000000001,1.51E-13,40.098554630825));
#2865 = VERTEX_POINT('',#2866);
#2866 = CARTESIAN_POINT('',(33.819431482789,1.5,38.598554630823));
#2867 = B_SPLINE_CURVE_WITH_KNOTS('',3,(#2868,#2869,#2870,#2871,#2872,
    #2873,#2874,#2875,#2876,#2877,#2878,#2879,#2880,#2881),
  .UNSPECIFIED.,.F.,.F.,(4,2,2,2,2,2,4),(2.365674349373E-03,
    2.660960686447E-03,2.956247023521E-03,3.546819697669E-03,
    3.842106034743E-03,4.137392371817E-03,4.727965045965E-03),
  .UNSPECIFIED.);
#2868 = CARTESIAN_POINT('',(34.100000000001,1.5094E-13,40.098554630825)
  );
#2869 = CARTESIAN_POINT('',(34.1,9.872100463448E-02,40.098554630823));
#2870 = CARTESIAN_POINT('',(34.096357779519,0.198925130337,
    40.088558299602));
#2871 = CARTESIAN_POINT('',(34.082589287989,0.391867094891,
    40.049803169288));
#2872 = CARTESIAN_POINT('',(34.072504624322,0.485752944979,
    40.021167724277));
#2873 = CARTESIAN_POINT('',(34.034044821957,0.759657223157,39.9070104582
    ));
#2874 = CARTESIAN_POINT('',(33.998444141115,0.923498115358,
    39.796482147888));
#2875 = CARTESIAN_POINT('',(33.943870282471,1.129850587463,
    39.589971508989));
#2876 = CARTESIAN_POINT('',(33.925737550718,1.191321243858,39.5151986094
    ));
#2877 = CARTESIAN_POINT('',(33.89159344291,1.299837108664,
    39.353475805827));
#2878 = CARTESIAN_POINT('',(33.875565145884,1.346857639383,
    39.266008144024));
#2879 = CARTESIAN_POINT('',(33.835694112412,1.459530789723,
    38.995856337392));
#2880 = CARTESIAN_POINT('',(33.819431482789,1.5,38.798424680592));
#2881 = CARTESIAN_POINT('',(33.819431482789,1.5,38.598554630823));
#2882 = ORIENTED_EDGE('',*,*,#2883,.F.);
#2883 = EDGE_CURVE('',#1019,#2865,#2884,.T.);
#2884 = LINE('',#2885,#2886);
#2885 = CARTESIAN_POINT('',(23.9,1.5,38.598554630823));
#2886 = VECTOR('',#2887,1.);
#2887 = DIRECTION('',(1.,0.,0.));
#2888 = ORIENTED_EDGE('',*,*,#1018,.T.);
#2889 = ORIENTED_EDGE('',*,*,#997,.T.);
#2890 = ORIENTED_EDGE('',*,*,#2848,.T.);
#2891 = ORIENTED_EDGE('',*,*,#2892,.T.);
#2892 = EDGE_CURVE('',#2839,#2863,#2893,.T.);
#2893 = B_SPLINE_CURVE_WITH_KNOTS('',3,(#2894,#2895,#2896,#2897,#2898,
    #2899,#2900,#2901,#2902,#2903,#2904,#2905,#2906,#2907),
  .UNSPECIFIED.,.F.,.F.,(4,2,2,2,2,2,4),(0.,2.957092936716E-04,
    5.914185873431E-04,1.182837174686E-03,1.774255762029E-03,
    2.069965055701E-03,2.365674349373E-03),.UNSPECIFIED.);
#2894 = CARTESIAN_POINT('',(33.819431482789,-1.5,38.598554630823));
#2895 = CARTESIAN_POINT('',(33.819431482789,-1.5,38.69861729999));
#2896 = CARTESIAN_POINT('',(33.823313843968,-1.490089619041,
    38.796820667529));
#2897 = CARTESIAN_POINT('',(33.837964037221,-1.451434756344,
    38.989724213181));
#2898 = CARTESIAN_POINT('',(33.848913642801,-1.422174507293,
    39.085442916454));
#2899 = CARTESIAN_POINT('',(33.889042681343,-1.308768294016,
    39.35729548256));
#2900 = CARTESIAN_POINT('',(33.926015961783,-1.197471576032,
    39.522506185053));
#2901 = CARTESIAN_POINT('',(33.998532450145,-0.923052600823,
    39.796719288156));
#2902 = CARTESIAN_POINT('',(34.034432606775,-0.757017874019,
    39.908169183879));
#2903 = CARTESIAN_POINT('',(34.072391677651,-0.486495941656,
    40.020828614113));
#2904 = CARTESIAN_POINT('',(34.082687137465,-0.390983829055,
    40.050082003608));
#2905 = CARTESIAN_POINT('',(34.096471858268,-0.196831042623,
    40.088875941543));
#2906 = CARTESIAN_POINT('',(34.1,-9.886240873893E-02,40.098554630823));
#2907 = CARTESIAN_POINT('',(34.100000000001,1.5094E-13,40.098554630825)
  );
#2908 = CYLINDRICAL_SURFACE('',#2909,1.5);
#2909 = AXIS2_PLACEMENT_3D('',#2910,#2911,#2912);
#2910 = CARTESIAN_POINT('',(23.9,0.,38.598554630823));
#2911 = DIRECTION('',(1.,0.,0.));
#2912 = DIRECTION('',(0.,0.,-1.));
#2913 = ADVANCED_FACE('',(#2914),#2925,.F.);
#2914 = FACE_BOUND('',#2915,.T.);
#2915 = EDGE_LOOP('',(#2916,#2922,#2923,#2924));
#2916 = ORIENTED_EDGE('',*,*,#2917,.F.);
#2917 = EDGE_CURVE('',#2865,#2777,#2918,.T.);
#2918 = LINE('',#2919,#2920);
#2919 = CARTESIAN_POINT('',(33.819431482789,1.5,-59.));
#2920 = VECTOR('',#2921,1.);
#2921 = DIRECTION('',(0.,0.,-1.));
#2922 = ORIENTED_EDGE('',*,*,#2883,.F.);
#2923 = ORIENTED_EDGE('',*,*,#1039,.F.);
#2924 = ORIENTED_EDGE('',*,*,#2776,.T.);
#2925 = PLANE('',#2926);
#2926 = AXIS2_PLACEMENT_3D('',#2927,#2928,#2929);
#2927 = CARTESIAN_POINT('',(23.9,1.5,38.598554630823));
#2928 = DIRECTION('',(0.,1.,0.));
#2929 = DIRECTION('',(0.,0.,1.));
#2930 = ADVANCED_FACE('',(#2931),#2989,.F.);
#2931 = FACE_BOUND('',#2932,.F.);
#2932 = EDGE_LOOP('',(#2933,#2941,#2962,#2981,#2987,#2988));
#2933 = ORIENTED_EDGE('',*,*,#2934,.T.);
#2934 = EDGE_CURVE('',#1138,#2935,#2937,.T.);
#2935 = VERTEX_POINT('',#2936);
#2936 = CARTESIAN_POINT('',(34.667255558055,1.5,46.029904847316));
#2937 = LINE('',#2938,#2939);
#2938 = CARTESIAN_POINT('',(23.9,1.5,46.029904847316));
#2939 = VECTOR('',#2940,1.);
#2940 = DIRECTION('',(1.,0.,0.));
#2941 = ORIENTED_EDGE('',*,*,#2942,.T.);
#2942 = EDGE_CURVE('',#2935,#2943,#2945,.T.);
#2943 = VERTEX_POINT('',#2944);
#2944 = CARTESIAN_POINT('',(34.9,0.,44.529904847316));
#2945 = B_SPLINE_CURVE_WITH_KNOTS('',3,(#2946,#2947,#2948,#2949,#2950,
    #2951,#2952,#2953,#2954,#2955,#2956,#2957,#2958,#2959,#2960,#2961),
  .UNSPECIFIED.,.F.,.F.,(4,2,2,2,2,2,2,4),(7.075827273035E-03,
    7.370585669986E-03,7.665344066937E-03,8.25486086084E-03,
    8.549619257791E-03,8.844377654742E-03,9.139136051693E-03,
    9.433894448644E-03),.UNSPECIFIED.);
#2946 = CARTESIAN_POINT('',(34.667255558055,1.5,46.029904847316));
#2947 = CARTESIAN_POINT('',(34.667255558055,1.5,45.931046792006));
#2948 = CARTESIAN_POINT('',(34.670365226564,1.490321907104,
    45.833297951668));
#2949 = CARTESIAN_POINT('',(34.682359900164,1.451784086658,
    45.639986107145));
#2950 = CARTESIAN_POINT('',(34.691331122062,1.422606637945,
    45.544352892123));
#2951 = CARTESIAN_POINT('',(34.724170225591,1.309931478564,
    45.273359467619));
#2952 = CARTESIAN_POINT('',(34.754784129856,1.19847850687,
    45.107159618766));
#2953 = CARTESIAN_POINT('',(34.800028142477,0.992309091799,
    44.90084548732));
#2954 = CARTESIAN_POINT('',(34.81524191059,0.91581772622,44.837911697673
    ));
#2955 = CARTESIAN_POINT('',(34.843048766026,0.753242809134,
    44.729060872451));
#2956 = CARTESIAN_POINT('',(34.855645211215,0.66741446824,44.68299607243
    ));
#2957 = CARTESIAN_POINT('',(34.876878722794,0.486480278754,
    44.607603100617));
#2958 = CARTESIAN_POINT('',(34.885502443726,0.390708152928,
    44.57834577314));
#2959 = CARTESIAN_POINT('',(34.896990587926,0.197791192311,
    44.539752086412));
#2960 = CARTESIAN_POINT('',(34.9,9.971007485166E-02,44.529904847316));
#2961 = CARTESIAN_POINT('',(34.9,0.,44.529904847316));
#2962 = ORIENTED_EDGE('',*,*,#2963,.T.);
#2963 = EDGE_CURVE('',#2943,#2964,#2966,.T.);
#2964 = VERTEX_POINT('',#2965);
#2965 = CARTESIAN_POINT('',(34.667255558055,-1.5,46.029904847316));
#2966 = B_SPLINE_CURVE_WITH_KNOTS('',3,(#2967,#2968,#2969,#2970,#2971,
    #2972,#2973,#2974,#2975,#2976,#2977,#2978,#2979,#2980),
  .UNSPECIFIED.,.F.,.F.,(4,2,2,2,2,2,4),(0.,2.949352183548E-04,
    5.898704367096E-04,8.848056550643E-04,1.179740873419E-03,
    1.769611310129E-03,2.359481746838E-03),.UNSPECIFIED.);
#2967 = CARTESIAN_POINT('',(34.9,0.,44.529904847316));
#2968 = CARTESIAN_POINT('',(34.9,-9.976988951875E-02,44.529904847316));
#2969 = CARTESIAN_POINT('',(34.896988738815,-0.197758651167,
    44.539758760303));
#2970 = CARTESIAN_POINT('',(34.88552732328,-0.390353823137,
    44.578261730874));
#2971 = CARTESIAN_POINT('',(34.876932430907,-0.48598567595,
    44.607414827299));
#2972 = CARTESIAN_POINT('',(34.85564581801,-0.667446150784,
    44.68299149818));
#2973 = CARTESIAN_POINT('',(34.843023661063,-0.753410647619,
    44.729153402727));
#2974 = CARTESIAN_POINT('',(34.815195091003,-0.916070345631,
    44.83810073321));
#2975 = CARTESIAN_POINT('',(34.799972232935,-0.992582651264,
    44.901083323544));
#2976 = CARTESIAN_POINT('',(34.754713363815,-1.198763283938,
    45.107516644026));
#2977 = CARTESIAN_POINT('',(34.724089265113,-1.310215454896,
    45.273949290046));
#2978 = CARTESIAN_POINT('',(34.680404197155,-1.460092113896,
    45.634601973871));
#2979 = CARTESIAN_POINT('',(34.667255558055,-1.5,45.832851231598));
#2980 = CARTESIAN_POINT('',(34.667255558055,-1.5,46.029904847316));
#2981 = ORIENTED_EDGE('',*,*,#2982,.F.);
#2982 = EDGE_CURVE('',#1067,#2964,#2983,.T.);
#2983 = LINE('',#2984,#2985);
#2984 = CARTESIAN_POINT('',(23.9,-1.5,46.029904847316));
#2985 = VECTOR('',#2986,1.);
#2986 = DIRECTION('',(1.,0.,0.));
#2987 = ORIENTED_EDGE('',*,*,#1066,.T.);
#2988 = ORIENTED_EDGE('',*,*,#1145,.T.);
#2989 = CYLINDRICAL_SURFACE('',#2990,1.5);
#2990 = AXIS2_PLACEMENT_3D('',#2991,#2992,#2993);
#2991 = CARTESIAN_POINT('',(23.9,0.,46.029904847316));
#2992 = DIRECTION('',(1.,0.,0.));
#2993 = DIRECTION('',(0.,0.,-1.));
#2994 = ADVANCED_FACE('',(#2995),#3013,.F.);
#2995 = FACE_BOUND('',#2996,.T.);
#2996 = EDGE_LOOP('',(#2997,#3005,#3011,#3012));
#2997 = ORIENTED_EDGE('',*,*,#2998,.T.);
#2998 = EDGE_CURVE('',#1088,#2999,#3001,.T.);
#2999 = VERTEX_POINT('',#3000);
#3000 = CARTESIAN_POINT('',(34.667255558055,-1.5,51.475291422165));
#3001 = LINE('',#3002,#3003);
#3002 = CARTESIAN_POINT('',(23.9,-1.5,51.475291422165));
#3003 = VECTOR('',#3004,1.);
#3004 = DIRECTION('',(1.,0.,0.));
#3005 = ORIENTED_EDGE('',*,*,#3006,.F.);
#3006 = EDGE_CURVE('',#2964,#2999,#3007,.T.);
#3007 = LINE('',#3008,#3009);
#3008 = CARTESIAN_POINT('',(34.667255558055,-1.5,-59.));
#3009 = VECTOR('',#3010,1.);
#3010 = DIRECTION('',(0.,0.,1.));
#3011 = ORIENTED_EDGE('',*,*,#2982,.F.);
#3012 = ORIENTED_EDGE('',*,*,#1087,.F.);
#3013 = PLANE('',#3014);
#3014 = AXIS2_PLACEMENT_3D('',#3015,#3016,#3017);
#3015 = CARTESIAN_POINT('',(23.9,-1.5,51.475291422165));
#3016 = DIRECTION('',(0.,-1.,0.));
#3017 = DIRECTION('',(0.,0.,-1.));
#3018 = ADVANCED_FACE('',(#3019),#3070,.F.);
#3019 = FACE_BOUND('',#3020,.F.);
#3020 = EDGE_LOOP('',(#3021,#3022,#3023,#3024,#3045,#3064));
#3021 = ORIENTED_EDGE('',*,*,#1116,.T.);
#3022 = ORIENTED_EDGE('',*,*,#1095,.T.);
#3023 = ORIENTED_EDGE('',*,*,#2998,.T.);
#3024 = ORIENTED_EDGE('',*,*,#3025,.T.);
#3025 = EDGE_CURVE('',#2999,#3026,#3028,.T.);
#3026 = VERTEX_POINT('',#3027);
#3027 = CARTESIAN_POINT('',(34.9,0.,52.975291422165));
#3028 = B_SPLINE_CURVE_WITH_KNOTS('',3,(#3029,#3030,#3031,#3032,#3033,
    #3034,#3035,#3036,#3037,#3038,#3039,#3040,#3041,#3042,#3043,#3044),
  .UNSPECIFIED.,.F.,.F.,(4,2,2,2,2,2,2,4),(2.359481746838E-03,
    2.654244098465E-03,2.949006450091E-03,3.538531153344E-03,
    3.833293504971E-03,4.128055856597E-03,4.422818208224E-03,
    4.71758055985E-03),.UNSPECIFIED.);
#3029 = CARTESIAN_POINT('',(34.667255558055,-1.5,51.475291422165));
#3030 = CARTESIAN_POINT('',(34.667255558055,-1.5,51.573760481726));
#3031 = CARTESIAN_POINT('',(34.670449884462,-1.490054607893,
    51.673796647715));
#3032 = CARTESIAN_POINT('',(34.682479908434,-1.451393731035,
    51.866601141675));
#3033 = CARTESIAN_POINT('',(34.691267209654,-1.422830023441,
    51.9603676338));
#3034 = CARTESIAN_POINT('',(34.724418771206,-1.309070476688,
    52.233784213075));
#3035 = CARTESIAN_POINT('',(34.754806992336,-1.198506403127,
    52.398260776206));
#3036 = CARTESIAN_POINT('',(34.800335591437,-0.990841363904,
    52.605692191045));
#3037 = CARTESIAN_POINT('',(34.815253870394,-0.915731122662,
    52.66732684024));
#3038 = CARTESIAN_POINT('',(34.842979768706,-0.753662852629,
    52.775869844069));
#3039 = CARTESIAN_POINT('',(34.855859688214,-0.665824143143,
    52.822977249838));
#3040 = CARTESIAN_POINT('',(34.877017397148,-0.485057355606,
    52.898069775064));
#3041 = CARTESIAN_POINT('',(34.885448268329,-0.391494429168,
    52.92666759797));
#3042 = CARTESIAN_POINT('',(34.897000309642,-0.197750938872,
    52.965477738683));
#3043 = CARTESIAN_POINT('',(34.9,-9.824896034164E-02,52.975291422165));
#3044 = CARTESIAN_POINT('',(34.9,0.,52.975291422165));
#3045 = ORIENTED_EDGE('',*,*,#3046,.T.);
#3046 = EDGE_CURVE('',#3026,#3047,#3049,.T.);
#3047 = VERTEX_POINT('',#3048);
#3048 = CARTESIAN_POINT('',(34.667255558055,1.5,51.475291422165));
#3049 = B_SPLINE_CURVE_WITH_KNOTS('',3,(#3050,#3051,#3052,#3053,#3054,
    #3055,#3056,#3057,#3058,#3059,#3060,#3061,#3062,#3063),
  .UNSPECIFIED.,.F.,.F.,(4,2,2,2,2,2,4),(4.71758055985E-03,
    5.307142238146E-03,5.601923077294E-03,5.896703916443E-03,
    6.486265594739E-03,6.781046433887E-03,7.075827273035E-03),
  .UNSPECIFIED.);
#3050 = CARTESIAN_POINT('',(34.9,0.,52.975291422165));
#3051 = CARTESIAN_POINT('',(34.9,0.196510245051,52.975291422165));
#3052 = CARTESIAN_POINT('',(34.887578783993,0.394931356912,
    52.935561090527));
#3053 = CARTESIAN_POINT('',(34.855808746276,0.666205149457,
    52.822792913477));
#3054 = CARTESIAN_POINT('',(34.842930985786,0.753989680618,
    52.775690247631));
#3055 = CARTESIAN_POINT('',(34.815159715872,0.916239602505,
    52.666946797914));
#3056 = CARTESIAN_POINT('',(34.800225032389,0.991381861409,
    52.605221304924));
#3057 = CARTESIAN_POINT('',(34.754678596274,1.199019193458,
    52.397609758778));
#3058 = CARTESIAN_POINT('',(34.724444610373,1.308987002907,
    52.234062844877));
#3059 = CARTESIAN_POINT('',(34.691216143131,1.42300265704,
    51.959913645636));
#3060 = CARTESIAN_POINT('',(34.682447217878,1.45149934308,
    51.866139729331));
#3061 = CARTESIAN_POINT('',(34.670458532676,1.490026259586,
    51.67387260939));
#3062 = CARTESIAN_POINT('',(34.667255558055,1.5,51.57415700429));
#3063 = CARTESIAN_POINT('',(34.667255558055,1.5,51.475291422165));
#3064 = ORIENTED_EDGE('',*,*,#3065,.F.);
#3065 = EDGE_CURVE('',#1117,#3047,#3066,.T.);
#3066 = LINE('',#3067,#3068);
#3067 = CARTESIAN_POINT('',(23.9,1.5,51.475291422165));
#3068 = VECTOR('',#3069,1.);
#3069 = DIRECTION('',(1.,0.,0.));
#3070 = CYLINDRICAL_SURFACE('',#3071,1.5);
#3071 = AXIS2_PLACEMENT_3D('',#3072,#3073,#3074);
#3072 = CARTESIAN_POINT('',(23.9,0.,51.475291422165));
#3073 = DIRECTION('',(1.,0.,0.));
#3074 = DIRECTION('',(0.,0.,-1.));
#3075 = ADVANCED_FACE('',(#3076),#3087,.F.);
#3076 = FACE_BOUND('',#3077,.T.);
#3077 = EDGE_LOOP('',(#3078,#3079,#3085,#3086));
#3078 = ORIENTED_EDGE('',*,*,#2934,.T.);
#3079 = ORIENTED_EDGE('',*,*,#3080,.F.);
#3080 = EDGE_CURVE('',#3047,#2935,#3081,.T.);
#3081 = LINE('',#3082,#3083);
#3082 = CARTESIAN_POINT('',(34.667255558055,1.5,-59.));
#3083 = VECTOR('',#3084,1.);
#3084 = DIRECTION('',(0.,0.,-1.));
#3085 = ORIENTED_EDGE('',*,*,#3065,.F.);
#3086 = ORIENTED_EDGE('',*,*,#1137,.F.);
#3087 = PLANE('',#3088);
#3088 = AXIS2_PLACEMENT_3D('',#3089,#3090,#3091);
#3089 = CARTESIAN_POINT('',(23.9,1.5,51.475291422165));
#3090 = DIRECTION('',(0.,1.,0.));
#3091 = DIRECTION('',(0.,0.,1.));
#3092 = ADVANCED_FACE('',(#3093),#3151,.F.);
#3093 = FACE_BOUND('',#3094,.F.);
#3094 = EDGE_LOOP('',(#3095,#3096,#3097,#3105,#3126,#3145));
#3095 = ORIENTED_EDGE('',*,*,#1170,.T.);
#3096 = ORIENTED_EDGE('',*,*,#1326,.T.);
#3097 = ORIENTED_EDGE('',*,*,#3098,.T.);
#3098 = EDGE_CURVE('',#1319,#3099,#3101,.T.);
#3099 = VERTEX_POINT('',#3100);
#3100 = CARTESIAN_POINT('',(-10.44454011044,-1.5,-70.21725555805));
#3101 = LINE('',#3102,#3103);
#3102 = CARTESIAN_POINT('',(-10.44454011044,-1.5,-59.45));
#3103 = VECTOR('',#3104,1.);
#3104 = DIRECTION('',(0.,0.,-1.));
#3105 = ORIENTED_EDGE('',*,*,#3106,.T.);
#3106 = EDGE_CURVE('',#3099,#3107,#3109,.T.);
#3107 = VERTEX_POINT('',#3108);
#3108 = CARTESIAN_POINT('',(-8.944540110447,0.,-70.45));
#3109 = B_SPLINE_CURVE_WITH_KNOTS('',3,(#3110,#3111,#3112,#3113,#3114,
    #3115,#3116,#3117,#3118,#3119,#3120,#3121,#3122,#3123,#3124,#3125),
  .UNSPECIFIED.,.F.,.F.,(4,2,2,2,2,2,2,4),(2.359481746838E-03,
    2.654244098465E-03,2.949006450091E-03,3.538531153344E-03,
    3.833293504971E-03,4.128055856597E-03,4.422818208224E-03,
    4.71758055985E-03),.UNSPECIFIED.);
#3110 = CARTESIAN_POINT('',(-10.44454011044,-1.5,-70.21725555805));
#3111 = CARTESIAN_POINT('',(-10.34607105088,-1.5,-70.21725555805));
#3112 = CARTESIAN_POINT('',(-10.24603488489,-1.490054607893,
    -70.22044988446));
#3113 = CARTESIAN_POINT('',(-10.05323039093,-1.451393731035,
    -70.23247990843));
#3114 = CARTESIAN_POINT('',(-9.959463898811,-1.422830023441,
    -70.24126720965));
#3115 = CARTESIAN_POINT('',(-9.686047319537,-1.309070476688,
    -70.2744187712));
#3116 = CARTESIAN_POINT('',(-9.521570756406,-1.198506403127,
    -70.30480699233));
#3117 = CARTESIAN_POINT('',(-9.314139341567,-0.990841363904,
    -70.35033559143));
#3118 = CARTESIAN_POINT('',(-9.252504692372,-0.915731122662,
    -70.36525387039));
#3119 = CARTESIAN_POINT('',(-9.143961688542,-0.753662852629,
    -70.3929797687));
#3120 = CARTESIAN_POINT('',(-9.096854282773,-0.665824143143,
    -70.40585968821));
#3121 = CARTESIAN_POINT('',(-9.021761757548,-0.485057355606,
    -70.42701739714));
#3122 = CARTESIAN_POINT('',(-8.993163934642,-0.391494429168,
    -70.43544826832));
#3123 = CARTESIAN_POINT('',(-8.954353793928,-0.197750938872,
    -70.44700030964));
#3124 = CARTESIAN_POINT('',(-8.944540110447,-9.824896034164E-02,-70.45)
  );
#3125 = CARTESIAN_POINT('',(-8.944540110447,0.,-70.45));
#3126 = ORIENTED_EDGE('',*,*,#3127,.T.);
#3127 = EDGE_CURVE('',#3107,#3128,#3130,.T.);
#3128 = VERTEX_POINT('',#3129);
#3129 = CARTESIAN_POINT('',(-10.44454011044,1.5,-70.21725555805));
#3130 = B_SPLINE_CURVE_WITH_KNOTS('',3,(#3131,#3132,#3133,#3134,#3135,
    #3136,#3137,#3138,#3139,#3140,#3141,#3142,#3143,#3144),
  .UNSPECIFIED.,.F.,.F.,(4,2,2,2,2,2,4),(4.71758055985E-03,
    5.307142238146E-03,5.601923077294E-03,5.896703916443E-03,
    6.486265594739E-03,6.781046433887E-03,7.075827273035E-03),
  .UNSPECIFIED.);
#3131 = CARTESIAN_POINT('',(-8.944540110447,0.,-70.45));
#3132 = CARTESIAN_POINT('',(-8.944540110447,0.196510245051,-70.45));
#3133 = CARTESIAN_POINT('',(-8.984270442084,0.394931356912,
    -70.43757878399));
#3134 = CARTESIAN_POINT('',(-9.097038619134,0.666205149457,
    -70.40580874627));
#3135 = CARTESIAN_POINT('',(-9.14414128498,0.753989680618,
    -70.39293098578));
#3136 = CARTESIAN_POINT('',(-9.252884734697,0.916239602505,
    -70.36515971587));
#3137 = CARTESIAN_POINT('',(-9.314610227687,0.991381861409,
    -70.35022503238));
#3138 = CARTESIAN_POINT('',(-9.522221773833,1.199019193458,
    -70.30467859627));
#3139 = CARTESIAN_POINT('',(-9.685768687735,1.308987002907,
    -70.27444461037));
#3140 = CARTESIAN_POINT('',(-9.959917886975,1.42300265704,
    -70.24121614313));
#3141 = CARTESIAN_POINT('',(-10.05369180328,1.45149934308,
    -70.23244721787));
#3142 = CARTESIAN_POINT('',(-10.24595892322,1.490026259586,
    -70.22045853267));
#3143 = CARTESIAN_POINT('',(-10.34567452832,1.5,-70.21725555805));
#3144 = CARTESIAN_POINT('',(-10.44454011044,1.5,-70.21725555805));
#3145 = ORIENTED_EDGE('',*,*,#3146,.F.);
#3146 = EDGE_CURVE('',#1171,#3128,#3147,.T.);
#3147 = LINE('',#3148,#3149);
#3148 = CARTESIAN_POINT('',(-10.44454011044,1.5,-59.45));
#3149 = VECTOR('',#3150,1.);
#3150 = DIRECTION('',(0.,0.,-1.));
#3151 = CYLINDRICAL_SURFACE('',#3152,1.5);
#3152 = AXIS2_PLACEMENT_3D('',#3153,#3154,#3155);
#3153 = CARTESIAN_POINT('',(-10.44454011044,1.22E-15,-59.45));
#3154 = DIRECTION('',(0.,0.,-1.));
#3155 = DIRECTION('',(-1.,0.,0.));
#3156 = ADVANCED_FACE('',(#3157),#3168,.F.);
#3157 = FACE_BOUND('',#3158,.T.);
#3158 = EDGE_LOOP('',(#3159,#3160,#3166,#3167));
#3159 = ORIENTED_EDGE('',*,*,#2678,.T.);
#3160 = ORIENTED_EDGE('',*,*,#3161,.F.);
#3161 = EDGE_CURVE('',#3128,#2679,#3162,.T.);
#3162 = LINE('',#3163,#3164);
#3163 = CARTESIAN_POINT('',(-23.45,1.5,-70.21725555805));
#3164 = VECTOR('',#3165,1.);
#3165 = DIRECTION('',(-1.,-0.,-0.));
#3166 = ORIENTED_EDGE('',*,*,#3146,.F.);
#3167 = ORIENTED_EDGE('',*,*,#1193,.F.);
#3168 = PLANE('',#3169);
#3169 = AXIS2_PLACEMENT_3D('',#3170,#3171,#3172);
#3170 = CARTESIAN_POINT('',(-10.44454011044,1.5,-59.45));
#3171 = DIRECTION('',(0.,1.,0.));
#3172 = DIRECTION('',(0.,0.,1.));
#3173 = ADVANCED_FACE('',(#3174),#3192,.F.);
#3174 = FACE_BOUND('',#3175,.T.);
#3175 = EDGE_LOOP('',(#3176,#3184,#3185,#3186));
#3176 = ORIENTED_EDGE('',*,*,#3177,.F.);
#3177 = EDGE_CURVE('',#2652,#3178,#3180,.T.);
#3178 = VERTEX_POINT('',#3179);
#3179 = CARTESIAN_POINT('',(23.45,4.95,-65.5));
#3180 = LINE('',#3181,#3182);
#3181 = CARTESIAN_POINT('',(-23.45,4.95,-65.5));
#3182 = VECTOR('',#3183,1.);
#3183 = DIRECTION('',(1.,0.,0.));
#3184 = ORIENTED_EDGE('',*,*,#2651,.F.);
#3185 = ORIENTED_EDGE('',*,*,#1210,.T.);
#3186 = ORIENTED_EDGE('',*,*,#3187,.T.);
#3187 = EDGE_CURVE('',#1211,#3178,#3188,.T.);
#3188 = LINE('',#3189,#3190);
#3189 = CARTESIAN_POINT('',(23.45,3.75,-65.5));
#3190 = VECTOR('',#3191,1.);
#3191 = DIRECTION('',(0.,1.,0.));
#3192 = PLANE('',#3193);
#3193 = AXIS2_PLACEMENT_3D('',#3194,#3195,#3196);
#3194 = CARTESIAN_POINT('',(-23.45,3.75,-65.5));
#3195 = DIRECTION('',(0.,0.,-1.));
#3196 = DIRECTION('',(-1.,0.,0.));
#3197 = ADVANCED_FACE('',(#3198),#3258,.F.);
#3198 = FACE_BOUND('',#3199,.F.);
#3199 = EDGE_LOOP('',(#3200,#3201,#3202,#3210,#3219,#3242,#3251,#3257));
#3200 = ORIENTED_EDGE('',*,*,#1471,.F.);
#3201 = ORIENTED_EDGE('',*,*,#1290,.F.);
#3202 = ORIENTED_EDGE('',*,*,#3203,.T.);
#3203 = EDGE_CURVE('',#1283,#3204,#3206,.T.);
#3204 = VERTEX_POINT('',#3205);
#3205 = CARTESIAN_POINT('',(23.21008920865,-1.5,-70.21725555805));
#3206 = LINE('',#3207,#3208);
#3207 = CARTESIAN_POINT('',(23.21008920865,-1.5,-59.45));
#3208 = VECTOR('',#3209,1.);
#3209 = DIRECTION('',(0.,0.,-1.));
#3210 = ORIENTED_EDGE('',*,*,#3211,.F.);
#3211 = EDGE_CURVE('',#3212,#3204,#3214,.T.);
#3212 = VERTEX_POINT('',#3213);
#3213 = CARTESIAN_POINT('',(23.45,-1.48068997842,-70.22335232518));
#3214 = B_SPLINE_CURVE_WITH_KNOTS('',3,(#3215,#3216,#3217,#3218),
  .UNSPECIFIED.,.F.,.F.,(4,4),(0.,2.39878468992E-04),
  .PIECEWISE_BEZIER_KNOTS.);
#3215 = CARTESIAN_POINT('',(23.45,-1.48068997842,-70.22335232518));
#3216 = CARTESIAN_POINT('',(23.370018933748,-1.493649018582,
    -70.21928988825));
#3217 = CARTESIAN_POINT('',(23.290048798295,-1.5,-70.21725555805));
#3218 = CARTESIAN_POINT('',(23.21008920865,-1.5,-70.21725555805));
#3219 = ORIENTED_EDGE('',*,*,#3220,.F.);
#3220 = EDGE_CURVE('',#3221,#3212,#3223,.T.);
#3221 = VERTEX_POINT('',#3222);
#3222 = CARTESIAN_POINT('',(23.45,1.48068997842,-70.22335232518));
#3223 = B_SPLINE_CURVE_WITH_KNOTS('',3,(#3224,#3225,#3226,#3227,#3228,
    #3229,#3230,#3231,#3232,#3233,#3234,#3235,#3236,#3237,#3238,#3239,
    #3240,#3241),.UNSPECIFIED.,.F.,.F.,(4,2,2,2,2,2,2,2,4),(
    1.9994084414E-07,5.279144123629E-04,1.055628883882E-03,
    1.5833433554E-03,2.111057826919E-03,2.638772298438E-03,
    3.166486769957E-03,3.694201241475E-03,4.221915712994E-03),
  .UNSPECIFIED.);
#3224 = CARTESIAN_POINT('',(23.45,1.48068997842,-70.22335232518));
#3225 = CARTESIAN_POINT('',(23.625952777922,1.4521809922,-70.23228940361
    ));
#3226 = CARTESIAN_POINT('',(23.792211443455,1.393744685715,
    -70.24643158888));
#3227 = CARTESIAN_POINT('',(24.100908583947,1.219766939136,
    -70.28048644947));
#3228 = CARTESIAN_POINT('',(24.237153207406,1.107405900505,
    -70.2996626134));
#3229 = CARTESIAN_POINT('',(24.466326822468,0.838495881708,
    -70.33548118882));
#3230 = CARTESIAN_POINT('',(24.55604048578,0.68535347704,-70.35156493305
    ));
#3231 = CARTESIAN_POINT('',(24.67854974769,0.353437228062,-70.3741847505
    ));
#3232 = CARTESIAN_POINT('',(24.71002588555,0.177512522757,
    -70.38043915444));
#3233 = CARTESIAN_POINT('',(24.710152340294,-0.176440730923,
    -70.38046370666));
#3234 = CARTESIAN_POINT('',(24.678565877858,-0.353066014657,
    -70.37418983835));
#3235 = CARTESIAN_POINT('',(24.556690187385,-0.683918959223,
    -70.35168279427));
#3236 = CARTESIAN_POINT('',(24.466030184804,-0.838687583557,
    -70.33544183573));
#3237 = CARTESIAN_POINT('',(24.238571580841,-1.105897196166,
    -70.2998773221));
#3238 = CARTESIAN_POINT('',(24.100147853455,-1.22005276689,
    -70.28041908669));
#3239 = CARTESIAN_POINT('',(23.794822239572,-1.392415321568,
    -70.24670314729));
#3240 = CARTESIAN_POINT('',(23.625947935125,-1.452181776861,
    -70.23228915763));
#3241 = CARTESIAN_POINT('',(23.45,-1.48068997842,-70.22335232518));
#3242 = ORIENTED_EDGE('',*,*,#3243,.F.);
#3243 = EDGE_CURVE('',#3244,#3221,#3246,.T.);
#3244 = VERTEX_POINT('',#3245);
#3245 = CARTESIAN_POINT('',(23.21008920865,1.5,-70.21725555805));
#3246 = B_SPLINE_CURVE_WITH_KNOTS('',3,(#3247,#3248,#3249,#3250),
  .UNSPECIFIED.,.F.,.F.,(4,4),(4.958568585922E-03,5.196562482114E-03),
  .PIECEWISE_BEZIER_KNOTS.);
#3247 = CARTESIAN_POINT('',(23.21008920865,1.5,-70.21725555805));
#3248 = CARTESIAN_POINT('',(23.290412517735,1.5,-70.21725555805));
#3249 = CARTESIAN_POINT('',(23.370631508015,1.49354976541,
    -70.21932100242));
#3250 = CARTESIAN_POINT('',(23.45,1.48068997842,-70.22335232518));
#3251 = ORIENTED_EDGE('',*,*,#3252,.F.);
#3252 = EDGE_CURVE('',#1228,#3244,#3253,.T.);
#3253 = LINE('',#3254,#3255);
#3254 = CARTESIAN_POINT('',(23.21008920865,1.5,-59.45));
#3255 = VECTOR('',#3256,1.);
#3256 = DIRECTION('',(0.,0.,-1.));
#3257 = ORIENTED_EDGE('',*,*,#1227,.F.);
#3258 = CYLINDRICAL_SURFACE('',#3259,1.5);
#3259 = AXIS2_PLACEMENT_3D('',#3260,#3261,#3262);
#3260 = CARTESIAN_POINT('',(23.21008920865,1.22E-15,-59.45));
#3261 = DIRECTION('',(0.,0.,-1.));
#3262 = DIRECTION('',(-1.,0.,0.));
#3263 = ADVANCED_FACE('',(#3264),#3282,.T.);
#3264 = FACE_BOUND('',#3265,.T.);
#3265 = EDGE_LOOP('',(#3266,#3267,#3275,#3281));
#3266 = ORIENTED_EDGE('',*,*,#1236,.T.);
#3267 = ORIENTED_EDGE('',*,*,#3268,.T.);
#3268 = EDGE_CURVE('',#1237,#3269,#3271,.T.);
#3269 = VERTEX_POINT('',#3270);
#3270 = CARTESIAN_POINT('',(10.444540110447,1.5,-70.21725555805));
#3271 = LINE('',#3272,#3273);
#3272 = CARTESIAN_POINT('',(10.444540110447,1.5,-59.45));
#3273 = VECTOR('',#3274,1.);
#3274 = DIRECTION('',(0.,0.,-1.));
#3275 = ORIENTED_EDGE('',*,*,#3276,.T.);
#3276 = EDGE_CURVE('',#3269,#3244,#3277,.T.);
#3277 = LINE('',#3278,#3279);
#3278 = CARTESIAN_POINT('',(-23.45,1.5,-70.21725555805));
#3279 = VECTOR('',#3280,1.);
#3280 = DIRECTION('',(1.,0.,0.));
#3281 = ORIENTED_EDGE('',*,*,#3252,.F.);
#3282 = PLANE('',#3283);
#3283 = AXIS2_PLACEMENT_3D('',#3284,#3285,#3286);
#3284 = CARTESIAN_POINT('',(10.444540110447,1.5,-59.45));
#3285 = DIRECTION('',(0.,-1.,0.));
#3286 = DIRECTION('',(0.,0.,-1.));
#3287 = ADVANCED_FACE('',(#3288),#3339,.F.);
#3288 = FACE_BOUND('',#3289,.F.);
#3289 = EDGE_LOOP('',(#3290,#3291,#3310,#3331,#3337,#3338));
#3290 = ORIENTED_EDGE('',*,*,#3268,.T.);
#3291 = ORIENTED_EDGE('',*,*,#3292,.F.);
#3292 = EDGE_CURVE('',#3293,#3269,#3295,.T.);
#3293 = VERTEX_POINT('',#3294);
#3294 = CARTESIAN_POINT('',(8.944540110447,0.,-70.45));
#3295 = B_SPLINE_CURVE_WITH_KNOTS('',3,(#3296,#3297,#3298,#3299,#3300,
    #3301,#3302,#3303,#3304,#3305,#3306,#3307,#3308,#3309),
  .UNSPECIFIED.,.F.,.F.,(4,2,2,2,2,2,4),(0.,2.949352183548E-04,
    5.898704367096E-04,8.848056550643E-04,1.179740873419E-03,
    1.769611310129E-03,2.359481746838E-03),.UNSPECIFIED.);
#3296 = CARTESIAN_POINT('',(8.944540110447,0.,-70.45));
#3297 = CARTESIAN_POINT('',(8.944540110447,9.976988951876E-02,-70.45));
#3298 = CARTESIAN_POINT('',(8.954394023433,0.197758651167,
    -70.44698873881));
#3299 = CARTESIAN_POINT('',(8.992896994004,0.390353823137,
    -70.43552732328));
#3300 = CARTESIAN_POINT('',(9.02205009043,0.48598567595,-70.4269324309)
  );
#3301 = CARTESIAN_POINT('',(9.097626761311,0.667446150784,
    -70.40564581801));
#3302 = CARTESIAN_POINT('',(9.143788665858,0.753410647619,
    -70.39302366106));
#3303 = CARTESIAN_POINT('',(9.252735996341,0.916070345631,-70.365195091)
  );
#3304 = CARTESIAN_POINT('',(9.315718586675,0.992582651264,
    -70.34997223293));
#3305 = CARTESIAN_POINT('',(9.522151907157,1.198763283938,
    -70.30471336381));
#3306 = CARTESIAN_POINT('',(9.688584553176,1.310215454896,
    -70.27408926511));
#3307 = CARTESIAN_POINT('',(10.049237237001,1.460092113896,
    -70.23040419715));
#3308 = CARTESIAN_POINT('',(10.247486494728,1.5,-70.21725555805));
#3309 = CARTESIAN_POINT('',(10.444540110447,1.5,-70.21725555805));
#3310 = ORIENTED_EDGE('',*,*,#3311,.F.);
#3311 = EDGE_CURVE('',#3312,#3293,#3314,.T.);
#3312 = VERTEX_POINT('',#3313);
#3313 = CARTESIAN_POINT('',(10.444540110447,-1.5,-70.21725555805));
#3314 = B_SPLINE_CURVE_WITH_KNOTS('',3,(#3315,#3316,#3317,#3318,#3319,
    #3320,#3321,#3322,#3323,#3324,#3325,#3326,#3327,#3328,#3329,#3330),
  .UNSPECIFIED.,.F.,.F.,(4,2,2,2,2,2,2,4),(7.075827273035E-03,
    7.370585669986E-03,7.665344066937E-03,8.25486086084E-03,
    8.549619257791E-03,8.844377654742E-03,9.139136051693E-03,
    9.433894448644E-03),.UNSPECIFIED.);
#3315 = CARTESIAN_POINT('',(10.444540110447,-1.5,-70.21725555805));
#3316 = CARTESIAN_POINT('',(10.345682055137,-1.5,-70.21725555805));
#3317 = CARTESIAN_POINT('',(10.247933214799,-1.490321907104,
    -70.22036522656));
#3318 = CARTESIAN_POINT('',(10.054621370275,-1.451784086658,
    -70.23235990016));
#3319 = CARTESIAN_POINT('',(9.958988155253,-1.422606637945,
    -70.24133112206));
#3320 = CARTESIAN_POINT('',(9.68799473075,-1.309931478564,
    -70.27417022559));
#3321 = CARTESIAN_POINT('',(9.521794881897,-1.19847850687,
    -70.30478412985));
#3322 = CARTESIAN_POINT('',(9.315480750451,-0.992309091799,
    -70.35002814247));
#3323 = CARTESIAN_POINT('',(9.252546960804,-0.91581772622,
    -70.36524191059));
#3324 = CARTESIAN_POINT('',(9.143696135582,-0.753242809134,
    -70.39304876602));
#3325 = CARTESIAN_POINT('',(9.097631335561,-0.66741446824,
    -70.40564521121));
#3326 = CARTESIAN_POINT('',(9.022238363747,-0.486480278754,
    -70.42687872279));
#3327 = CARTESIAN_POINT('',(8.992981036271,-0.390708152928,
    -70.43550244372));
#3328 = CARTESIAN_POINT('',(8.954387349542,-0.197791192311,
    -70.44699058792));
#3329 = CARTESIAN_POINT('',(8.944540110447,-9.971007485166E-02,-70.45));
#3330 = CARTESIAN_POINT('',(8.944540110447,0.,-70.45));
#3331 = ORIENTED_EDGE('',*,*,#3332,.F.);
#3332 = EDGE_CURVE('',#1264,#3312,#3333,.T.);
#3333 = LINE('',#3334,#3335);
#3334 = CARTESIAN_POINT('',(10.444540110447,-1.5,-59.45));
#3335 = VECTOR('',#3336,1.);
#3336 = DIRECTION('',(0.,0.,-1.));
#3337 = ORIENTED_EDGE('',*,*,#1263,.F.);
#3338 = ORIENTED_EDGE('',*,*,#1244,.F.);
#3339 = CYLINDRICAL_SURFACE('',#3340,1.5);
#3340 = AXIS2_PLACEMENT_3D('',#3341,#3342,#3343);
#3341 = CARTESIAN_POINT('',(10.444540110447,1.22E-15,-59.45));
#3342 = DIRECTION('',(0.,0.,-1.));
#3343 = DIRECTION('',(-1.,0.,0.));
#3344 = ADVANCED_FACE('',(#3345),#3356,.T.);
#3345 = FACE_BOUND('',#3346,.T.);
#3346 = EDGE_LOOP('',(#3347,#3348,#3349,#3355));
#3347 = ORIENTED_EDGE('',*,*,#1282,.T.);
#3348 = ORIENTED_EDGE('',*,*,#3203,.T.);
#3349 = ORIENTED_EDGE('',*,*,#3350,.T.);
#3350 = EDGE_CURVE('',#3204,#3312,#3351,.T.);
#3351 = LINE('',#3352,#3353);
#3352 = CARTESIAN_POINT('',(-23.45,-1.5,-70.21725555805));
#3353 = VECTOR('',#3354,1.);
#3354 = DIRECTION('',(-1.,-0.,-0.));
#3355 = ORIENTED_EDGE('',*,*,#3332,.F.);
#3356 = PLANE('',#3357);
#3357 = AXIS2_PLACEMENT_3D('',#3358,#3359,#3360);
#3358 = CARTESIAN_POINT('',(10.444540110447,-1.5,-59.45));
#3359 = DIRECTION('',(0.,1.,0.));
#3360 = DIRECTION('',(0.,0.,1.));
#3361 = ADVANCED_FACE('',(#3362),#3373,.F.);
#3362 = FACE_BOUND('',#3363,.T.);
#3363 = EDGE_LOOP('',(#3364,#3365,#3371,#3372));
#3364 = ORIENTED_EDGE('',*,*,#3098,.T.);
#3365 = ORIENTED_EDGE('',*,*,#3366,.F.);
#3366 = EDGE_CURVE('',#2727,#3099,#3367,.T.);
#3367 = LINE('',#3368,#3369);
#3368 = CARTESIAN_POINT('',(-23.45,-1.5,-70.21725555805));
#3369 = VECTOR('',#3370,1.);
#3370 = DIRECTION('',(1.,0.,0.));
#3371 = ORIENTED_EDGE('',*,*,#2736,.F.);
#3372 = ORIENTED_EDGE('',*,*,#1318,.F.);
#3373 = PLANE('',#3374);
#3374 = AXIS2_PLACEMENT_3D('',#3375,#3376,#3377);
#3375 = CARTESIAN_POINT('',(-10.44454011044,-1.5,-59.45));
#3376 = DIRECTION('',(0.,-1.,0.));
#3377 = DIRECTION('',(0.,0.,-1.));
#3378 = ADVANCED_FACE('',(#3379),#3441,.F.);
#3379 = FACE_BOUND('',#3380,.F.);
#3380 = EDGE_LOOP('',(#3381,#3389,#3412,#3433,#3439,#3440));
#3381 = ORIENTED_EDGE('',*,*,#3382,.T.);
#3382 = EDGE_CURVE('',#1423,#3383,#3385,.T.);
#3383 = VERTEX_POINT('',#3384);
#3384 = CARTESIAN_POINT('',(3.375,-2.5,-69.7722944655));
#3385 = LINE('',#3386,#3387);
#3386 = CARTESIAN_POINT('',(3.375,-2.5,-59.45));
#3387 = VECTOR('',#3388,1.);
#3388 = DIRECTION('',(0.,0.,-1.));
#3389 = ORIENTED_EDGE('',*,*,#3390,.F.);
#3390 = EDGE_CURVE('',#3391,#3383,#3393,.T.);
#3391 = VERTEX_POINT('',#3392);
#3392 = CARTESIAN_POINT('',(5.875,0.,-70.45));
#3393 = B_SPLINE_CURVE_WITH_KNOTS('',3,(#3394,#3395,#3396,#3397,#3398,
    #3399,#3400,#3401,#3402,#3403,#3404,#3405,#3406,#3407,#3408,#3409,
    #3410,#3411),.UNSPECIFIED.,.F.,.F.,(4,2,2,2,2,2,2,2,4),(
    7.95556929253E-03,8.452250089449E-03,8.948930886367E-03,
    9.445611683286E-03,9.942292480204E-03,1.043897327712E-02,
    1.093565407404E-02,1.143233487096E-02,1.192901566788E-02),
  .UNSPECIFIED.);
#3394 = CARTESIAN_POINT('',(5.875,0.,-70.45));
#3395 = CARTESIAN_POINT('',(5.875,-0.165912050939,-70.45));
#3396 = CARTESIAN_POINT('',(5.858005745972,-0.334737225412,
    -70.44135650311));
#3397 = CARTESIAN_POINT('',(5.792249232486,-0.658993696973,
    -70.4086434387));
#3398 = CARTESIAN_POINT('',(5.743783939622,-0.816214886302,
    -70.38471673618));
#3399 = CARTESIAN_POINT('',(5.615641691394,-1.121101647496,
    -70.32387763416));
#3400 = CARTESIAN_POINT('',(5.538003704831,-1.263929797566,
    -70.28795140239));
#3401 = CARTESIAN_POINT('',(5.357324027277,-1.531827343785,-70.209087189
    ));
#3402 = CARTESIAN_POINT('',(5.253086843068,-1.65789016276,
    -70.16568768913));
#3403 = CARTESIAN_POINT('',(5.025436980638,-1.884639953631,
    -70.07879609171));
#3404 = CARTESIAN_POINT('',(4.901749918613,-1.986239779474,
    -70.03510568861));
#3405 = CARTESIAN_POINT('',(4.63333603912,-2.166265031846,
    -69.95192406497));
#3406 = CARTESIAN_POINT('',(4.488786533029,-2.244050555074,
    -69.91267845776));
#3407 = CARTESIAN_POINT('',(4.189630078262,-2.369105563388,
    -69.84681870968));
#3408 = CARTESIAN_POINT('',(4.03359264408,-2.417446689462,
    -69.81971016048));
#3409 = CARTESIAN_POINT('',(3.706775452478,-2.483489040918,
    -69.78208203455));
#3410 = CARTESIAN_POINT('',(3.540525969338,-2.5,-69.7722944655));
#3411 = CARTESIAN_POINT('',(3.375,-2.5,-69.7722944655));
#3412 = ORIENTED_EDGE('',*,*,#3413,.F.);
#3413 = EDGE_CURVE('',#3414,#3391,#3416,.T.);
#3414 = VERTEX_POINT('',#3415);
#3415 = CARTESIAN_POINT('',(3.375,2.5,-69.7722944655));
#3416 = B_SPLINE_CURVE_WITH_KNOTS('',3,(#3417,#3418,#3419,#3420,#3421,
    #3422,#3423,#3424,#3425,#3426,#3427,#3428,#3429,#3430,#3431,#3432),
  .UNSPECIFIED.,.F.,.F.,(4,2,2,2,2,2,2,4),(3.980258067372E-03,
    4.477171970517E-03,4.974085873662E-03,5.470999776807E-03,
    5.967913679951E-03,6.961741486241E-03,7.458655389385E-03,
    7.95556929253E-03),.UNSPECIFIED.);
#3417 = CARTESIAN_POINT('',(3.375,2.5,-69.7722944655));
#3418 = CARTESIAN_POINT('',(3.541378744006,2.5,-69.7722944655));
#3419 = CARTESIAN_POINT('',(3.709833138408,2.48296202006,-69.78238500994
    ));
#3420 = CARTESIAN_POINT('',(4.03319183088,2.417436066869,-69.81971348923
    ));
#3421 = CARTESIAN_POINT('',(4.191876124614,2.36845542465,-69.84719016206
    ));
#3422 = CARTESIAN_POINT('',(4.494131389377,2.241520161594,
    -69.91398128325));
#3423 = CARTESIAN_POINT('',(4.636307539088,2.164536078809,
    -69.95276899794));
#3424 = CARTESIAN_POINT('',(4.904471019367,1.984145041458,
    -70.03602652549));
#3425 = CARTESIAN_POINT('',(5.030111758076,1.880500055192,
    -70.08049588303));
#3426 = CARTESIAN_POINT('',(5.369905214492,1.540472246547,
    -70.21044979019));
#3427 = CARTESIAN_POINT('',(5.555120464491,1.266049584769,
    -70.29512152665));
#3428 = CARTESIAN_POINT('',(5.743659527931,0.816029250971,
    -70.38466879769));
#3429 = CARTESIAN_POINT('',(5.792820269367,0.657181687029,
    -70.40892453946));
#3430 = CARTESIAN_POINT('',(5.858632366318,0.330625004655,
    -70.44167127702));
#3431 = CARTESIAN_POINT('',(5.875,0.165989918117,-70.45));
#3432 = CARTESIAN_POINT('',(5.875,0.,-70.45));
#3433 = ORIENTED_EDGE('',*,*,#3434,.F.);
#3434 = EDGE_CURVE('',#1350,#3414,#3435,.T.);
#3435 = LINE('',#3436,#3437);
#3436 = CARTESIAN_POINT('',(3.375,2.5,-59.45));
#3437 = VECTOR('',#3438,1.);
#3438 = DIRECTION('',(0.,0.,-1.));
#3439 = ORIENTED_EDGE('',*,*,#1347,.F.);
#3440 = ORIENTED_EDGE('',*,*,#1430,.F.);
#3441 = CYLINDRICAL_SURFACE('',#3442,2.5);
#3442 = AXIS2_PLACEMENT_3D('',#3443,#3444,#3445);
#3443 = CARTESIAN_POINT('',(3.375,1.22E-15,-59.45));
#3444 = DIRECTION('',(0.,0.,-1.));
#3445 = DIRECTION('',(-1.,0.,0.));
#3446 = ADVANCED_FACE('',(#3447),#3465,.T.);
#3447 = FACE_BOUND('',#3448,.T.);
#3448 = EDGE_LOOP('',(#3449,#3450,#3458,#3464));
#3449 = ORIENTED_EDGE('',*,*,#1372,.T.);
#3450 = ORIENTED_EDGE('',*,*,#3451,.T.);
#3451 = EDGE_CURVE('',#1373,#3452,#3454,.T.);
#3452 = VERTEX_POINT('',#3453);
#3453 = CARTESIAN_POINT('',(-3.375,2.5,-69.7722944655));
#3454 = LINE('',#3455,#3456);
#3455 = CARTESIAN_POINT('',(-3.375,2.5,-59.45));
#3456 = VECTOR('',#3457,1.);
#3457 = DIRECTION('',(0.,0.,-1.));
#3458 = ORIENTED_EDGE('',*,*,#3459,.T.);
#3459 = EDGE_CURVE('',#3452,#3414,#3460,.T.);
#3460 = LINE('',#3461,#3462);
#3461 = CARTESIAN_POINT('',(-23.45,2.5,-69.7722944655));
#3462 = VECTOR('',#3463,1.);
#3463 = DIRECTION('',(1.,0.,0.));
#3464 = ORIENTED_EDGE('',*,*,#3434,.F.);
#3465 = PLANE('',#3466);
#3466 = AXIS2_PLACEMENT_3D('',#3467,#3468,#3469);
#3467 = CARTESIAN_POINT('',(3.375,2.5,-59.45));
#3468 = DIRECTION('',(3.2E-16,-1.,0.));
#3469 = DIRECTION('',(1.,3.2E-16,0.));
#3470 = ADVANCED_FACE('',(#3471),#3524,.F.);
#3471 = FACE_BOUND('',#3472,.F.);
#3472 = EDGE_LOOP('',(#3473,#3474,#3495,#3516,#3522,#3523));
#3473 = ORIENTED_EDGE('',*,*,#3451,.T.);
#3474 = ORIENTED_EDGE('',*,*,#3475,.F.);
#3475 = EDGE_CURVE('',#3476,#3452,#3478,.T.);
#3476 = VERTEX_POINT('',#3477);
#3477 = CARTESIAN_POINT('',(-5.875,0.,-70.45));
#3478 = B_SPLINE_CURVE_WITH_KNOTS('',3,(#3479,#3480,#3481,#3482,#3483,
    #3484,#3485,#3486,#3487,#3488,#3489,#3490,#3491,#3492,#3493,#3494),
  .UNSPECIFIED.,.F.,.F.,(4,2,2,2,2,2,2,4),(0.,4.975322584216E-04,
    9.950645168431E-04,1.990129033686E-03,2.487661292108E-03,
    2.985193550529E-03,3.482725808951E-03,3.980258067372E-03),
  .UNSPECIFIED.);
#3479 = CARTESIAN_POINT('',(-5.875,0.,-70.45));
#3480 = CARTESIAN_POINT('',(-5.875,0.168417992917,-70.45));
#3481 = CARTESIAN_POINT('',(-5.858159523377,0.333494551614,
    -70.44143445173));
#3482 = CARTESIAN_POINT('',(-5.792671084203,0.657393613525,
    -70.40885187122));
#3483 = CARTESIAN_POINT('',(-5.743121547831,0.81782657261,
    -70.38440141929));
#3484 = CARTESIAN_POINT('',(-5.552650028285,1.270905278526,
    -70.29397224479));
#3485 = CARTESIAN_POINT('',(-5.366996173792,1.544279518428,
    -70.2091906151));
#3486 = CARTESIAN_POINT('',(-5.026283816311,1.88387201127,-70.0791069124
    ));
#3487 = CARTESIAN_POINT('',(-4.900866427763,1.986946661401,
    -70.03479893513));
#3488 = CARTESIAN_POINT('',(-4.63177332467,2.167197776167,
    -69.95147303892));
#3489 = CARTESIAN_POINT('',(-4.489827573272,2.243558160095,
    -69.91293204416));
#3490 = CARTESIAN_POINT('',(-4.190084118608,2.368972692002,
    -69.84689438895));
#3491 = CARTESIAN_POINT('',(-4.029945206718,2.418339869201,
    -69.81920585556));
#3492 = CARTESIAN_POINT('',(-3.705853066391,2.48351710186,
    -69.78206139032));
#3493 = CARTESIAN_POINT('',(-3.541585784247,2.5,-69.7722944655));
#3494 = CARTESIAN_POINT('',(-3.375,2.5,-69.7722944655));
#3495 = ORIENTED_EDGE('',*,*,#3496,.F.);
#3496 = EDGE_CURVE('',#3497,#3476,#3499,.T.);
#3497 = VERTEX_POINT('',#3498);
#3498 = CARTESIAN_POINT('',(-3.375,-2.5,-69.7722944655));
#3499 = B_SPLINE_CURVE_WITH_KNOTS('',3,(#3500,#3501,#3502,#3503,#3504,
    #3505,#3506,#3507,#3508,#3509,#3510,#3511,#3512,#3513,#3514,#3515),
  .UNSPECIFIED.,.F.,.F.,(4,2,2,2,2,2,2,4),(1.192901566788E-02,
    1.242498277927E-02,1.292094989067E-02,1.391288411346E-02,
    1.440885122486E-02,1.490481833626E-02,1.540078544765E-02,
    1.589675255905E-02),.UNSPECIFIED.);
#3500 = CARTESIAN_POINT('',(-3.375,-2.5,-69.7722944655));
#3501 = CARTESIAN_POINT('',(-3.540288123445,-2.5,-69.7722944655));
#3502 = CARTESIAN_POINT('',(-3.708086163815,-2.483250958962,
    -69.7822184775));
#3503 = CARTESIAN_POINT('',(-4.033058966193,-2.417527686444,
    -69.81966321598));
#3504 = CARTESIAN_POINT('',(-4.189596190882,-2.369232003665,
    -69.84676337984));
#3505 = CARTESIAN_POINT('',(-4.642829616182,-2.179430437038,
    -69.9466877156));
#3506 = CARTESIAN_POINT('',(-4.914221609565,-1.996126577378,
    -70.03622981196));
#3507 = CARTESIAN_POINT('',(-5.25595988348,-1.65466644246,-70.1668436356
    ));
#3508 = CARTESIAN_POINT('',(-5.357848019071,-1.531117420411,
    -70.20931091459));
#3509 = CARTESIAN_POINT('',(-5.53813034553,-1.263674772268,
    -70.28801168705));
#3510 = CARTESIAN_POINT('',(-5.616958960651,-1.118129711463,
    -70.32449928555));
#3511 = CARTESIAN_POINT('',(-5.743215246114,-0.81740478404,
    -70.38445051433));
#3512 = CARTESIAN_POINT('',(-5.791641583663,-0.66127619768,
    -70.40834329528));
#3513 = CARTESIAN_POINT('',(-5.857765908683,-0.336624711201,
    -70.44123505996));
#3514 = CARTESIAN_POINT('',(-5.875,-0.167888180194,-70.45));
#3515 = CARTESIAN_POINT('',(-5.875,0.,-70.45));
#3516 = ORIENTED_EDGE('',*,*,#3517,.F.);
#3517 = EDGE_CURVE('',#1402,#3497,#3518,.T.);
#3518 = LINE('',#3519,#3520);
#3519 = CARTESIAN_POINT('',(-3.375,-2.5,-59.45));
#3520 = VECTOR('',#3521,1.);
#3521 = DIRECTION('',(0.,0.,-1.));
#3522 = ORIENTED_EDGE('',*,*,#1401,.F.);
#3523 = ORIENTED_EDGE('',*,*,#1380,.F.);
#3524 = CYLINDRICAL_SURFACE('',#3525,2.5);
#3525 = AXIS2_PLACEMENT_3D('',#3526,#3527,#3528);
#3526 = CARTESIAN_POINT('',(-3.375,-8.4E-16,-59.45));
#3527 = DIRECTION('',(0.,0.,-1.));
#3528 = DIRECTION('',(-1.,0.,0.));
#3529 = ADVANCED_FACE('',(#3530),#3541,.T.);
#3530 = FACE_BOUND('',#3531,.T.);
#3531 = EDGE_LOOP('',(#3532,#3533,#3534,#3540));
#3532 = ORIENTED_EDGE('',*,*,#1422,.T.);
#3533 = ORIENTED_EDGE('',*,*,#3382,.T.);
#3534 = ORIENTED_EDGE('',*,*,#3535,.T.);
#3535 = EDGE_CURVE('',#3383,#3497,#3536,.T.);
#3536 = LINE('',#3537,#3538);
#3537 = CARTESIAN_POINT('',(-23.45,-2.5,-69.7722944655));
#3538 = VECTOR('',#3539,1.);
#3539 = DIRECTION('',(-1.,-0.,-0.));
#3540 = ORIENTED_EDGE('',*,*,#3517,.F.);
#3541 = PLANE('',#3542);
#3542 = AXIS2_PLACEMENT_3D('',#3543,#3544,#3545);
#3543 = CARTESIAN_POINT('',(3.375,-2.5,-59.45));
#3544 = DIRECTION('',(-3.2E-16,1.,0.));
#3545 = DIRECTION('',(-1.,-3.2E-16,0.));
#3546 = ADVANCED_FACE('',(#3547),#3559,.F.);
#3547 = FACE_BOUND('',#3548,.F.);
#3548 = EDGE_LOOP('',(#3549,#3550,#3551,#3552));
#3549 = ORIENTED_EDGE('',*,*,#2760,.F.);
#3550 = ORIENTED_EDGE('',*,*,#1460,.F.);
#3551 = ORIENTED_EDGE('',*,*,#3187,.T.);
#3552 = ORIENTED_EDGE('',*,*,#3553,.T.);
#3553 = EDGE_CURVE('',#3178,#2753,#3554,.T.);
#3554 = CIRCLE('',#3555,6.5);
#3555 = AXIS2_PLACEMENT_3D('',#3556,#3557,#3558);
#3556 = CARTESIAN_POINT('',(23.45,4.95,-59.));
#3557 = DIRECTION('',(0.,-1.,0.));
#3558 = DIRECTION('',(6.41E-15,0.,-1.));
#3559 = CYLINDRICAL_SURFACE('',#3560,6.5);
#3560 = AXIS2_PLACEMENT_3D('',#3561,#3562,#3563);
#3561 = CARTESIAN_POINT('',(23.45,0.,-59.));
#3562 = DIRECTION('',(0.,-1.,0.));
#3563 = DIRECTION('',(0.,0.,-1.));
#3564 = ADVANCED_FACE('',(#3565),#3621,.T.);
#3565 = FACE_BOUND('',#3566,.T.);
#3566 = EDGE_LOOP('',(#3567,#3575,#3576,#3577,#3578,#3586,#3594,#3600,
    #3601,#3602,#3603,#3604,#3605,#3606,#3607,#3615));
#3567 = ORIENTED_EDGE('',*,*,#3568,.T.);
#3568 = EDGE_CURVE('',#3569,#1865,#3571,.T.);
#3569 = VERTEX_POINT('',#3570);
#3570 = CARTESIAN_POINT('',(-24.957122,-8.25,-5.91106695227));
#3571 = LINE('',#3572,#3573);
#3572 = CARTESIAN_POINT('',(-29.957122,-8.25,-5.91106695227));
#3573 = VECTOR('',#3574,1.);
#3574 = DIRECTION('',(-1.,0.,0.));
#3575 = ORIENTED_EDGE('',*,*,#1873,.T.);
#3576 = ORIENTED_EDGE('',*,*,#1897,.T.);
#3577 = ORIENTED_EDGE('',*,*,#1663,.T.);
#3578 = ORIENTED_EDGE('',*,*,#3579,.F.);
#3579 = EDGE_CURVE('',#3580,#1664,#3582,.T.);
#3580 = VERTEX_POINT('',#3581);
#3581 = CARTESIAN_POINT('',(-6.275224,-8.25,30.414324));
#3582 = LINE('',#3583,#3584);
#3583 = CARTESIAN_POINT('',(-6.275224,-8.25,30.414324));
#3584 = VECTOR('',#3585,1.);
#3585 = DIRECTION('',(1.,0.,0.));
#3586 = ORIENTED_EDGE('',*,*,#3587,.F.);
#3587 = EDGE_CURVE('',#3588,#3580,#3590,.T.);
#3588 = VERTEX_POINT('',#3589);
#3589 = CARTESIAN_POINT('',(-6.275224,-8.25,17.885489));
#3590 = LINE('',#3591,#3592);
#3591 = CARTESIAN_POINT('',(-6.275224,-8.25,17.885489));
#3592 = VECTOR('',#3593,1.);
#3593 = DIRECTION('',(0.,0.,1.));
#3594 = ORIENTED_EDGE('',*,*,#3595,.F.);
#3595 = EDGE_CURVE('',#1688,#3588,#3596,.T.);
#3596 = LINE('',#3597,#3598);
#3597 = CARTESIAN_POINT('',(28.261728,-8.25,17.885489));
#3598 = VECTOR('',#3599,1.);
#3599 = DIRECTION('',(-1.,0.,0.));
#3600 = ORIENTED_EDGE('',*,*,#1695,.T.);
#3601 = ORIENTED_EDGE('',*,*,#1717,.F.);
#3602 = ORIENTED_EDGE('',*,*,#1751,.F.);
#3603 = ORIENTED_EDGE('',*,*,#1765,.F.);
#3604 = ORIENTED_EDGE('',*,*,#1791,.T.);
#3605 = ORIENTED_EDGE('',*,*,#1814,.T.);
#3606 = ORIENTED_EDGE('',*,*,#1839,.T.);
#3607 = ORIENTED_EDGE('',*,*,#3608,.F.);
#3608 = EDGE_CURVE('',#3609,#1840,#3611,.T.);
#3609 = VERTEX_POINT('',#3610);
#3610 = CARTESIAN_POINT('',(-24.957122,-8.25,-13.67732777786));
#3611 = LINE('',#3612,#3613);
#3612 = CARTESIAN_POINT('',(-29.957122,-8.25,-13.67732777786));
#3613 = VECTOR('',#3614,1.);
#3614 = DIRECTION('',(-1.,0.,0.));
#3615 = ORIENTED_EDGE('',*,*,#3616,.F.);
#3616 = EDGE_CURVE('',#3569,#3609,#3617,.T.);
#3617 = LINE('',#3618,#3619);
#3618 = CARTESIAN_POINT('',(-24.957122,-8.25,-11.57519206323));
#3619 = VECTOR('',#3620,1.);
#3620 = DIRECTION('',(0.,-2.2E-16,-1.));
#3621 = PLANE('',#3622);
#3622 = AXIS2_PLACEMENT_3D('',#3623,#3624,#3625);
#3623 = CARTESIAN_POINT('',(0.191088,-8.25,-13.359843));
#3624 = DIRECTION('',(0.,1.,-2.2E-16));
#3625 = DIRECTION('',(0.,2.2E-16,1.));
#3626 = ADVANCED_FACE('',(#3627),#3645,.F.);
#3627 = FACE_BOUND('',#3628,.F.);
#3628 = EDGE_LOOP('',(#3629,#3630,#3631,#3639));
#3629 = ORIENTED_EDGE('',*,*,#3595,.F.);
#3630 = ORIENTED_EDGE('',*,*,#1687,.F.);
#3631 = ORIENTED_EDGE('',*,*,#3632,.T.);
#3632 = EDGE_CURVE('',#1680,#3633,#3635,.T.);
#3633 = VERTEX_POINT('',#3634);
#3634 = CARTESIAN_POINT('',(-6.275224,-5.95,17.885489));
#3635 = LINE('',#3636,#3637);
#3636 = CARTESIAN_POINT('',(28.261728,-5.95,17.885489));
#3637 = VECTOR('',#3638,1.);
#3638 = DIRECTION('',(-1.,0.,0.));
#3639 = ORIENTED_EDGE('',*,*,#3640,.F.);
#3640 = EDGE_CURVE('',#3588,#3633,#3641,.T.);
#3641 = LINE('',#3642,#3643);
#3642 = CARTESIAN_POINT('',(-6.275224,-8.25,17.885489));
#3643 = VECTOR('',#3644,1.);
#3644 = DIRECTION('',(0.,1.,-2.2E-16));
#3645 = PLANE('',#3646);
#3646 = AXIS2_PLACEMENT_3D('',#3647,#3648,#3649);
#3647 = CARTESIAN_POINT('',(28.261728,-8.25,17.885489));
#3648 = DIRECTION('',(0.,2.2E-16,1.));
#3649 = DIRECTION('',(-1.,0.,0.));
#3650 = ADVANCED_FACE('',(#3651),#3669,.T.);
#3651 = FACE_BOUND('',#3652,.T.);
#3652 = EDGE_LOOP('',(#3653,#3661,#3662,#3663));
#3653 = ORIENTED_EDGE('',*,*,#3654,.T.);
#3654 = EDGE_CURVE('',#3655,#1672,#3657,.T.);
#3655 = VERTEX_POINT('',#3656);
#3656 = CARTESIAN_POINT('',(-6.275224,-5.95,30.414324));
#3657 = LINE('',#3658,#3659);
#3658 = CARTESIAN_POINT('',(-6.275224,-5.95,30.414324));
#3659 = VECTOR('',#3660,1.);
#3660 = DIRECTION('',(1.,0.,0.));
#3661 = ORIENTED_EDGE('',*,*,#1679,.F.);
#3662 = ORIENTED_EDGE('',*,*,#3632,.T.);
#3663 = ORIENTED_EDGE('',*,*,#3664,.T.);
#3664 = EDGE_CURVE('',#3633,#3655,#3665,.T.);
#3665 = LINE('',#3666,#3667);
#3666 = CARTESIAN_POINT('',(-6.275224,-5.95,17.885489));
#3667 = VECTOR('',#3668,1.);
#3668 = DIRECTION('',(0.,0.,1.));
#3669 = PLANE('',#3670);
#3670 = AXIS2_PLACEMENT_3D('',#3671,#3672,#3673);
#3671 = CARTESIAN_POINT('',(10.993252,-5.95,24.1499065));
#3672 = DIRECTION('',(0.,1.,-2.8E-16));
#3673 = DIRECTION('',(0.,2.8E-16,1.));
#3674 = ADVANCED_FACE('',(#3675),#3686,.F.);
#3675 = FACE_BOUND('',#3676,.F.);
#3676 = EDGE_LOOP('',(#3677,#3678,#3684,#3685));
#3677 = ORIENTED_EDGE('',*,*,#3579,.F.);
#3678 = ORIENTED_EDGE('',*,*,#3679,.T.);
#3679 = EDGE_CURVE('',#3580,#3655,#3680,.T.);
#3680 = LINE('',#3681,#3682);
#3681 = CARTESIAN_POINT('',(-6.275224,-8.25,30.414324));
#3682 = VECTOR('',#3683,1.);
#3683 = DIRECTION('',(0.,1.,-2.2E-16));
#3684 = ORIENTED_EDGE('',*,*,#3654,.T.);
#3685 = ORIENTED_EDGE('',*,*,#1671,.F.);
#3686 = PLANE('',#3687);
#3687 = AXIS2_PLACEMENT_3D('',#3688,#3689,#3690);
#3688 = CARTESIAN_POINT('',(-6.275224,-8.25,30.414324));
#3689 = DIRECTION('',(0.,-2.2E-16,-1.));
#3690 = DIRECTION('',(1.,0.,0.));
#3691 = ADVANCED_FACE('',(#3692),#3755,.F.);
#3692 = FACE_BOUND('',#3693,.F.);
#3693 = EDGE_LOOP('',(#3694,#3723,#3731,#3738,#3739,#3740,#3748));
#3694 = ORIENTED_EDGE('',*,*,#3695,.F.);
#3695 = EDGE_CURVE('',#3696,#3698,#3700,.T.);
#3696 = VERTEX_POINT('',#3697);
#3697 = CARTESIAN_POINT('',(-29.73407672565,-8.579556474266,
    -6.902062633033));
#3698 = VERTEX_POINT('',#3699);
#3699 = CARTESIAN_POINT('',(-29.957122,-7.95,-5.602419332658));
#3700 = B_SPLINE_CURVE_WITH_KNOTS('',6,(#3701,#3702,#3703,#3704,#3705,
    #3706,#3707,#3708,#3709,#3710,#3711,#3712,#3713,#3714,#3715,#3716,
    #3717,#3718,#3719,#3720,#3721,#3722),.UNSPECIFIED.,.F.,.F.,(7,5,5,5,
    7),(0.,0.251733849167,0.541258856413,0.848540518041,1.),
  .UNSPECIFIED.);
#3701 = CARTESIAN_POINT('',(-29.73407672565,-8.579556474266,
    -6.902062633033));
#3702 = CARTESIAN_POINT('',(-29.73412595227,-8.579495722203,
    -6.838156961185));
#3703 = CARTESIAN_POINT('',(-29.73656789382,-8.576482013133,
    -6.774395797366));
#3704 = CARTESIAN_POINT('',(-29.7413810106,-8.570539957476,
    -6.710950612842));
#3705 = CARTESIAN_POINT('',(-29.7483926644,-8.561707972473,
    -6.648014845744));
#3706 = CARTESIAN_POINT('',(-29.75727863267,-8.550050874729,
    -6.585849241946));
#3707 = CARTESIAN_POINT('',(-29.77951328695,-8.519284523286,
    -6.454628370281));
#3708 = CARTESIAN_POINT('',(-29.79335298745,-8.499289706506,
    -6.385813766101));
#3709 = CARTESIAN_POINT('',(-29.8086070253,-8.475868062665,
    -6.31839181134));
#3710 = CARTESIAN_POINT('',(-29.82470114985,-8.449091721889,
    -6.252437143932));
#3711 = CARTESIAN_POINT('',(-29.84107634781,-8.419032757225,
    -6.188061725813));
#3712 = CARTESIAN_POINT('',(-29.8742869148,-8.350435208693,
    -6.058869496368));
#3713 = CARTESIAN_POINT('',(-29.8911152867,-8.311435736935,
    -5.994166920673));
#3714 = CARTESIAN_POINT('',(-29.90702451466,-8.268797551457,
    -5.931408298828));
#3715 = CARTESIAN_POINT('',(-29.92137541936,-8.222548565207,
    -5.870764185029));
#3716 = CARTESIAN_POINT('',(-29.93349967329,-8.172733612056,
    -5.812448799765));
#3717 = CARTESIAN_POINT('',(-29.94717760298,-8.093178914841,
    -5.729253663904));
#3718 = CARTESIAN_POINT('',(-29.95097310776,-8.066072797286,
    -5.702418289129));
#3719 = CARTESIAN_POINT('',(-29.95395654951,-8.038160016511,
    -5.676269200415));
#3720 = CARTESIAN_POINT('',(-29.95603655593,-8.009479597638,
    -5.650856270452));
#3721 = CARTESIAN_POINT('',(-29.957122,-7.980076176571,-5.626225562953)
  );
#3722 = CARTESIAN_POINT('',(-29.957122,-7.95,-5.602419332658));
#3723 = ORIENTED_EDGE('',*,*,#3724,.T.);
#3724 = EDGE_CURVE('',#3696,#3725,#3727,.T.);
#3725 = VERTEX_POINT('',#3726);
#3726 = CARTESIAN_POINT('',(-24.957122,-8.579556474266,-6.902062633033)
  );
#3727 = LINE('',#3728,#3729);
#3728 = CARTESIAN_POINT('',(-29.957122,-8.579556474266,-6.902062633033)
  );
#3729 = VECTOR('',#3730,1.);
#3730 = DIRECTION('',(1.,0.,0.));
#3731 = ORIENTED_EDGE('',*,*,#3732,.T.);
#3732 = EDGE_CURVE('',#3725,#3569,#3733,.T.);
#3733 = CIRCLE('',#3734,1.659514101117);
#3734 = AXIS2_PLACEMENT_3D('',#3735,#3736,#3737);
#3735 = CARTESIAN_POINT('',(-24.957122,-6.920043123033,-6.903640252946)
  );
#3736 = DIRECTION('',(-1.,0.,0.));
#3737 = DIRECTION('',(0.,-1.,0.));
#3738 = ORIENTED_EDGE('',*,*,#3568,.T.);
#3739 = ORIENTED_EDGE('',*,*,#1864,.T.);
#3740 = ORIENTED_EDGE('',*,*,#3741,.F.);
#3741 = EDGE_CURVE('',#3742,#1857,#3744,.T.);
#3742 = VERTEX_POINT('',#3743);
#3743 = CARTESIAN_POINT('',(-29.957122,-5.260529771799,-6.905217872859)
  );
#3744 = LINE('',#3745,#3746);
#3745 = CARTESIAN_POINT('',(-29.957122,-5.260529771799,-6.905217872859)
  );
#3746 = VECTOR('',#3747,1.);
#3747 = DIRECTION('',(1.,0.,0.));
#3748 = ORIENTED_EDGE('',*,*,#3749,.F.);
#3749 = EDGE_CURVE('',#3698,#3742,#3750,.T.);
#3750 = CIRCLE('',#3751,1.659514101117);
#3751 = AXIS2_PLACEMENT_3D('',#3752,#3753,#3754);
#3752 = CARTESIAN_POINT('',(-29.957122,-6.920043123033,-6.903640252946)
  );
#3753 = DIRECTION('',(-1.,0.,0.));
#3754 = DIRECTION('',(0.,-1.,0.));
#3755 = CYLINDRICAL_SURFACE('',#3756,1.659514101117);
#3756 = AXIS2_PLACEMENT_3D('',#3757,#3758,#3759);
#3757 = CARTESIAN_POINT('',(-29.957122,-6.920043123033,-6.903640252946)
  );
#3758 = DIRECTION('',(-1.,0.,0.));
#3759 = DIRECTION('',(0.,-1.,0.));
#3760 = ADVANCED_FACE('',(#3761),#3779,.F.);
#3761 = FACE_BOUND('',#3762,.F.);
#3762 = EDGE_LOOP('',(#3763,#3771,#3772,#3773));
#3763 = ORIENTED_EDGE('',*,*,#3764,.F.);
#3764 = EDGE_CURVE('',#3742,#3765,#3767,.T.);
#3765 = VERTEX_POINT('',#3766);
#3766 = CARTESIAN_POINT('',(-29.957122,-5.266018648767,-12.67901961991)
  );
#3767 = LINE('',#3768,#3769);
#3768 = CARTESIAN_POINT('',(-29.957122,-5.260529771799,-6.905217872859)
  );
#3769 = VECTOR('',#3770,1.);
#3770 = DIRECTION('',(0.,-9.506517070336E-04,-0.999999548131));
#3771 = ORIENTED_EDGE('',*,*,#3741,.T.);
#3772 = ORIENTED_EDGE('',*,*,#1856,.T.);
#3773 = ORIENTED_EDGE('',*,*,#3774,.F.);
#3774 = EDGE_CURVE('',#3765,#1848,#3775,.T.);
#3775 = LINE('',#3776,#3777);
#3776 = CARTESIAN_POINT('',(-29.957122,-5.266018648767,-12.67901961991)
  );
#3777 = VECTOR('',#3778,1.);
#3778 = DIRECTION('',(1.,0.,0.));
#3779 = PLANE('',#3780);
#3780 = AXIS2_PLACEMENT_3D('',#3781,#3782,#3783);
#3781 = CARTESIAN_POINT('',(-29.957122,-5.260529771799,-6.905217872859)
  );
#3782 = DIRECTION('',(0.,0.999999548131,-9.506517070336E-04));
#3783 = DIRECTION('',(0.,-9.506517070336E-04,-0.999999548131));
#3784 = ADVANCED_FACE('',(#3785),#3851,.F.);
#3785 = FACE_BOUND('',#3786,.F.);
#3786 = EDGE_LOOP('',(#3787,#3796,#3797,#3798,#3799,#3808,#3816,#3826));
#3787 = ORIENTED_EDGE('',*,*,#3788,.F.);
#3788 = EDGE_CURVE('',#3765,#3789,#3791,.T.);
#3789 = VERTEX_POINT('',#3790);
#3790 = CARTESIAN_POINT('',(-29.957122,-7.95,-13.98298877004));
#3791 = CIRCLE('',#3792,1.659514101117);
#3792 = AXIS2_PLACEMENT_3D('',#3793,#3794,#3795);
#3793 = CARTESIAN_POINT('',(-29.957122,-6.925532,-12.677442));
#3794 = DIRECTION('',(-1.,0.,0.));
#3795 = DIRECTION('',(0.,-1.,0.));
#3796 = ORIENTED_EDGE('',*,*,#3774,.T.);
#3797 = ORIENTED_EDGE('',*,*,#1847,.T.);
#3798 = ORIENTED_EDGE('',*,*,#3608,.F.);
#3799 = ORIENTED_EDGE('',*,*,#3800,.T.);
#3800 = EDGE_CURVE('',#3609,#3801,#3803,.T.);
#3801 = VERTEX_POINT('',#3802);
#3802 = CARTESIAN_POINT('',(-24.957122,-8.585045351233,-12.67586438008)
  );
#3803 = CIRCLE('',#3804,1.659514101117);
#3804 = AXIS2_PLACEMENT_3D('',#3805,#3806,#3807);
#3805 = CARTESIAN_POINT('',(-24.957122,-6.925532,-12.677442));
#3806 = DIRECTION('',(-1.,0.,0.));
#3807 = DIRECTION('',(0.,-1.,0.));
#3808 = ORIENTED_EDGE('',*,*,#3809,.F.);
#3809 = EDGE_CURVE('',#3810,#3801,#3812,.T.);
#3810 = VERTEX_POINT('',#3811);
#3811 = CARTESIAN_POINT('',(-29.72959685517,-8.585045351233,
    -12.67586438008));
#3812 = LINE('',#3813,#3814);
#3813 = CARTESIAN_POINT('',(-29.957122,-8.585045351233,-12.67586438008)
  );
#3814 = VECTOR('',#3815,1.);
#3815 = DIRECTION('',(1.,0.,0.));
#3816 = ORIENTED_EDGE('',*,*,#3817,.F.);
#3817 = EDGE_CURVE('',#3818,#3810,#3820,.T.);
#3818 = VERTEX_POINT('',#3819);
#3819 = CARTESIAN_POINT('',(-29.7295962387,-8.585046101117,-12.677442));
#3820 = B_SPLINE_CURVE_WITH_KNOTS('',4,(#3821,#3822,#3823,#3824,#3825),
  .UNSPECIFIED.,.F.,.F.,(5,5),(0.,1.),.PIECEWISE_BEZIER_KNOTS.);
#3821 = CARTESIAN_POINT('',(-29.7295962387,-8.585046101117,-12.677442));
#3822 = CARTESIAN_POINT('',(-29.7295962387,-8.585046101117,
    -12.67704759491));
#3823 = CARTESIAN_POINT('',(-29.72959634144,-8.585045976136,
    -12.67665318982));
#3824 = CARTESIAN_POINT('',(-29.72959654693,-8.585045726175,
    -12.67625878484));
#3825 = CARTESIAN_POINT('',(-29.72959685517,-8.585045351233,
    -12.67586438008));
#3826 = ORIENTED_EDGE('',*,*,#3827,.F.);
#3827 = EDGE_CURVE('',#3789,#3818,#3828,.T.);
#3828 = B_SPLINE_CURVE_WITH_KNOTS('',6,(#3829,#3830,#3831,#3832,#3833,
    #3834,#3835,#3836,#3837,#3838,#3839,#3840,#3841,#3842,#3843,#3844,
    #3845,#3846,#3847,#3848,#3849,#3850),.UNSPECIFIED.,.F.,.F.,(7,5,5,5,
    7),(0.,0.155998637409,0.457164149935,0.748665553906,1.),
  .UNSPECIFIED.);
#3829 = CARTESIAN_POINT('',(-29.957122,-7.95,-13.98298877004));
#3830 = CARTESIAN_POINT('',(-29.957122,-7.981274019536,-13.95844791637)
  );
#3831 = CARTESIAN_POINT('',(-29.95594838235,-8.011828204531,
    -13.93301921214));
#3832 = CARTESIAN_POINT('',(-29.95370223852,-8.041606592162,
    -13.90674953667));
#3833 = CARTESIAN_POINT('',(-29.95048492556,-8.070559689149,
    -13.8796901095));
#3834 = CARTESIAN_POINT('',(-29.94639806616,-8.098644471756,
    -13.85189649043));
#3835 = CARTESIAN_POINT('',(-29.93217158682,-8.178296977077,
    -13.76846942648));
#3836 = CARTESIAN_POINT('',(-29.91994144908,-8.227383923645,
    -13.71101043432));
#3837 = CARTESIAN_POINT('',(-29.90555411359,-8.273007132476,
    -13.65129110289));
#3838 = CARTESIAN_POINT('',(-29.88964976322,-8.315122924864,
    -13.58952032202));
#3839 = CARTESIAN_POINT('',(-29.87284136903,-8.353702927696,
    -13.52586487693));
#3840 = CARTESIAN_POINT('',(-29.83920367911,-8.422603499535,
    -13.39711051684));
#3841 = CARTESIAN_POINT('',(-29.82236917557,-8.453195874229,
    -13.33203639795));
#3842 = CARTESIAN_POINT('',(-29.80581042496,-8.480430090401,
    -13.26533746501));
#3843 = CARTESIAN_POINT('',(-29.79010947052,-8.504232016543,
    -13.19712652133));
#3844 = CARTESIAN_POINT('',(-29.77586871438,-8.52452681557,
    -13.12747769299));
#3845 = CARTESIAN_POINT('',(-29.75311257397,-8.555571316654,
    -12.99512238167));
#3846 = CARTESIAN_POINT('',(-29.74406123311,-8.567274733795,
    -12.93268017151));
#3847 = CARTESIAN_POINT('',(-29.73692777413,-8.576128062933,
    -12.86945451646));
#3848 = CARTESIAN_POINT('',(-29.73204698793,-8.582064968036,
    -12.80571246399));
#3849 = CARTESIAN_POINT('',(-29.7295962387,-8.585046101117,
    -12.74165038896));
#3850 = CARTESIAN_POINT('',(-29.7295962387,-8.585046101117,-12.677442));
#3851 = CYLINDRICAL_SURFACE('',#3852,1.659514101117);
#3852 = AXIS2_PLACEMENT_3D('',#3853,#3854,#3855);
#3853 = CARTESIAN_POINT('',(-29.957122,-6.925532,-12.677442));
#3854 = DIRECTION('',(-1.,0.,0.));
#3855 = DIRECTION('',(0.,-1.,0.));
#3856 = ADVANCED_FACE('',(#3857),#3882,.F.);
#3857 = FACE_BOUND('',#3858,.F.);
#3858 = EDGE_LOOP('',(#3859,#3867,#3875,#3881));
#3859 = ORIENTED_EDGE('',*,*,#3860,.T.);
#3860 = EDGE_CURVE('',#1914,#3861,#3863,.T.);
#3861 = VERTEX_POINT('',#3862);
#3862 = CARTESIAN_POINT('',(-12.394314,-7.955286,32.916506));
#3863 = LINE('',#3864,#3865);
#3864 = CARTESIAN_POINT('',(-12.394314,-7.955286,30.416506));
#3865 = VECTOR('',#3866,1.);
#3866 = DIRECTION('',(0.,1.2E-16,1.));
#3867 = ORIENTED_EDGE('',*,*,#3868,.T.);
#3868 = EDGE_CURVE('',#3861,#3869,#3871,.T.);
#3869 = VERTEX_POINT('',#3870);
#3870 = CARTESIAN_POINT('',(-21.015804,-7.955286,32.916506));
#3871 = LINE('',#3872,#3873);
#3872 = CARTESIAN_POINT('',(-12.394314,-7.955286,32.916506));
#3873 = VECTOR('',#3874,1.);
#3874 = DIRECTION('',(-1.,0.,0.));
#3875 = ORIENTED_EDGE('',*,*,#3876,.F.);
#3876 = EDGE_CURVE('',#1916,#3869,#3877,.T.);
#3877 = LINE('',#3878,#3879);
#3878 = CARTESIAN_POINT('',(-21.015804,-7.955286,30.416506));
#3879 = VECTOR('',#3880,1.);
#3880 = DIRECTION('',(0.,1.2E-16,1.));
#3881 = ORIENTED_EDGE('',*,*,#1913,.F.);
#3882 = PLANE('',#3883);
#3883 = AXIS2_PLACEMENT_3D('',#3884,#3885,#3886);
#3884 = CARTESIAN_POINT('',(-12.394314,-7.955286,30.416506));
#3885 = DIRECTION('',(0.,-1.,1.2E-16));
#3886 = DIRECTION('',(-1.,0.,0.));
#3887 = ADVANCED_FACE('',(#3888),#3906,.F.);
#3888 = FACE_BOUND('',#3889,.F.);
#3889 = EDGE_LOOP('',(#3890,#3898,#3904,#3905));
#3890 = ORIENTED_EDGE('',*,*,#3891,.T.);
#3891 = EDGE_CURVE('',#1932,#3892,#3894,.T.);
#3892 = VERTEX_POINT('',#3893);
#3893 = CARTESIAN_POINT('',(-12.394314,-4.258298,32.916506));
#3894 = LINE('',#3895,#3896);
#3895 = CARTESIAN_POINT('',(-12.394314,-4.258298,30.416506));
#3896 = VECTOR('',#3897,1.);
#3897 = DIRECTION('',(0.,1.2E-16,1.));
#3898 = ORIENTED_EDGE('',*,*,#3899,.T.);
#3899 = EDGE_CURVE('',#3892,#3861,#3900,.T.);
#3900 = LINE('',#3901,#3902);
#3901 = CARTESIAN_POINT('',(-12.394314,-4.258298,32.916506));
#3902 = VECTOR('',#3903,1.);
#3903 = DIRECTION('',(0.,-1.,0.));
#3904 = ORIENTED_EDGE('',*,*,#3860,.F.);
#3905 = ORIENTED_EDGE('',*,*,#1939,.F.);
#3906 = PLANE('',#3907);
#3907 = AXIS2_PLACEMENT_3D('',#3908,#3909,#3910);
#3908 = CARTESIAN_POINT('',(-12.394314,-4.258298,30.416506));
#3909 = DIRECTION('',(1.,0.,0.));
#3910 = DIRECTION('',(0.,-1.,1.2E-16));
#3911 = ADVANCED_FACE('',(#3912),#3930,.F.);
#3912 = FACE_BOUND('',#3913,.F.);
#3913 = EDGE_LOOP('',(#3914,#3915,#3923,#3929));
#3914 = ORIENTED_EDGE('',*,*,#3876,.T.);
#3915 = ORIENTED_EDGE('',*,*,#3916,.T.);
#3916 = EDGE_CURVE('',#3869,#3917,#3919,.T.);
#3917 = VERTEX_POINT('',#3918);
#3918 = CARTESIAN_POINT('',(-21.015804,-4.258298,32.916506));
#3919 = LINE('',#3920,#3921);
#3920 = CARTESIAN_POINT('',(-21.015804,-7.955286,32.916506));
#3921 = VECTOR('',#3922,1.);
#3922 = DIRECTION('',(0.,1.,0.));
#3923 = ORIENTED_EDGE('',*,*,#3924,.F.);
#3924 = EDGE_CURVE('',#1924,#3917,#3925,.T.);
#3925 = LINE('',#3926,#3927);
#3926 = CARTESIAN_POINT('',(-21.015804,-4.258298,30.416506));
#3927 = VECTOR('',#3928,1.);
#3928 = DIRECTION('',(0.,1.2E-16,1.));
#3929 = ORIENTED_EDGE('',*,*,#1923,.F.);
#3930 = PLANE('',#3931);
#3931 = AXIS2_PLACEMENT_3D('',#3932,#3933,#3934);
#3932 = CARTESIAN_POINT('',(-21.015804,-7.955286,30.416506));
#3933 = DIRECTION('',(-1.,0.,0.));
#3934 = DIRECTION('',(0.,1.,-1.2E-16));
#3935 = ADVANCED_FACE('',(#3936),#3947,.F.);
#3936 = FACE_BOUND('',#3937,.F.);
#3937 = EDGE_LOOP('',(#3938,#3939,#3945,#3946));
#3938 = ORIENTED_EDGE('',*,*,#3924,.T.);
#3939 = ORIENTED_EDGE('',*,*,#3940,.T.);
#3940 = EDGE_CURVE('',#3917,#3892,#3941,.T.);
#3941 = LINE('',#3942,#3943);
#3942 = CARTESIAN_POINT('',(-21.015804,-4.258298,32.916506));
#3943 = VECTOR('',#3944,1.);
#3944 = DIRECTION('',(1.,0.,0.));
#3945 = ORIENTED_EDGE('',*,*,#3891,.F.);
#3946 = ORIENTED_EDGE('',*,*,#1931,.F.);
#3947 = PLANE('',#3948);
#3948 = AXIS2_PLACEMENT_3D('',#3949,#3950,#3951);
#3949 = CARTESIAN_POINT('',(-21.015804,-4.258298,30.416506));
#3950 = DIRECTION('',(0.,1.,-1.2E-16));
#3951 = DIRECTION('',(1.,0.,0.));
#3952 = ADVANCED_FACE('',(#3953),#3981,.F.);
#3953 = FACE_BOUND('',#3954,.F.);
#3954 = EDGE_LOOP('',(#3955,#3956,#3957,#3958,#3966,#3975));
#3955 = ORIENTED_EDGE('',*,*,#2476,.T.);
#3956 = ORIENTED_EDGE('',*,*,#2088,.F.);
#3957 = ORIENTED_EDGE('',*,*,#2342,.T.);
#3958 = ORIENTED_EDGE('',*,*,#3959,.T.);
#3959 = EDGE_CURVE('',#2335,#3960,#3962,.T.);
#3960 = VERTEX_POINT('',#3961);
#3961 = CARTESIAN_POINT('',(28.637022,-4.95,62.91724428285));
#3962 = LINE('',#3963,#3964);
#3963 = CARTESIAN_POINT('',(28.637022,-4.95,38.00606963334));
#3964 = VECTOR('',#3965,1.);
#3965 = DIRECTION('',(0.,0.,1.));
#3966 = ORIENTED_EDGE('',*,*,#3967,.F.);
#3967 = EDGE_CURVE('',#3968,#3960,#3970,.T.);
#3968 = VERTEX_POINT('',#3969);
#3969 = CARTESIAN_POINT('',(29.95,-4.95,59.));
#3970 = CIRCLE('',#3971,6.5);
#3971 = AXIS2_PLACEMENT_3D('',#3972,#3973,#3974);
#3972 = CARTESIAN_POINT('',(23.45,-4.95,59.));
#3973 = DIRECTION('',(0.,-1.,0.));
#3974 = DIRECTION('',(1.,0.,6.41E-15));
#3975 = ORIENTED_EDGE('',*,*,#3976,.F.);
#3976 = EDGE_CURVE('',#2477,#3968,#3977,.T.);
#3977 = LINE('',#3978,#3979);
#3978 = CARTESIAN_POINT('',(29.95,-4.95,-59.));
#3979 = VECTOR('',#3980,1.);
#3980 = DIRECTION('',(0.,0.,1.));
#3981 = PLANE('',#3982);
#3982 = AXIS2_PLACEMENT_3D('',#3983,#3984,#3985);
#3983 = CARTESIAN_POINT('',(0.,-4.95,0.));
#3984 = DIRECTION('',(0.,1.,0.));
#3985 = DIRECTION('',(0.,0.,1.));
#3986 = ADVANCED_FACE('',(#3987),#4012,.F.);
#3987 = FACE_BOUND('',#3988,.F.);
#3988 = EDGE_LOOP('',(#3989,#3999,#4005,#4006));
#3989 = ORIENTED_EDGE('',*,*,#3990,.F.);
#3990 = EDGE_CURVE('',#3991,#3993,#3995,.T.);
#3991 = VERTEX_POINT('',#3992);
#3992 = CARTESIAN_POINT('',(27.868525,-7.95,44.251274));
#3993 = VERTEX_POINT('',#3994);
#3994 = CARTESIAN_POINT('',(27.868525,-7.95,62.437389));
#3995 = LINE('',#3996,#3997);
#3996 = CARTESIAN_POINT('',(27.868525,-7.95,44.251274));
#3997 = VECTOR('',#3998,1.);
#3998 = DIRECTION('',(0.,0.,1.));
#3999 = ORIENTED_EDGE('',*,*,#4000,.T.);
#4000 = EDGE_CURVE('',#3991,#2239,#4001,.T.);
#4001 = LINE('',#4002,#4003);
#4002 = CARTESIAN_POINT('',(27.868525,-7.95,44.251274));
#4003 = VECTOR('',#4004,1.);
#4004 = DIRECTION('',(0.,1.,-2.2E-16));
#4005 = ORIENTED_EDGE('',*,*,#2238,.T.);
#4006 = ORIENTED_EDGE('',*,*,#4007,.F.);
#4007 = EDGE_CURVE('',#3993,#2241,#4008,.T.);
#4008 = LINE('',#4009,#4010);
#4009 = CARTESIAN_POINT('',(27.868525,-7.95,62.437389));
#4010 = VECTOR('',#4011,1.);
#4011 = DIRECTION('',(0.,1.,-2.2E-16));
#4012 = PLANE('',#4013);
#4013 = AXIS2_PLACEMENT_3D('',#4014,#4015,#4016);
#4014 = CARTESIAN_POINT('',(27.868525,-7.95,44.251274));
#4015 = DIRECTION('',(1.,0.,0.));
#4016 = DIRECTION('',(0.,2.2E-16,1.));
#4017 = ADVANCED_FACE('',(#4018),#4036,.F.);
#4018 = FACE_BOUND('',#4019,.F.);
#4019 = EDGE_LOOP('',(#4020,#4028,#4034,#4035));
#4020 = ORIENTED_EDGE('',*,*,#4021,.F.);
#4021 = EDGE_CURVE('',#4022,#3991,#4024,.T.);
#4022 = VERTEX_POINT('',#4023);
#4023 = CARTESIAN_POINT('',(-5.694647,-7.95,44.251274));
#4024 = LINE('',#4025,#4026);
#4025 = CARTESIAN_POINT('',(-5.694647,-7.95,44.251274));
#4026 = VECTOR('',#4027,1.);
#4027 = DIRECTION('',(1.,0.,0.));
#4028 = ORIENTED_EDGE('',*,*,#4029,.T.);
#4029 = EDGE_CURVE('',#4022,#2257,#4030,.T.);
#4030 = LINE('',#4031,#4032);
#4031 = CARTESIAN_POINT('',(-5.694647,-7.95,44.251274));
#4032 = VECTOR('',#4033,1.);
#4033 = DIRECTION('',(0.,1.,-2.2E-16));
#4034 = ORIENTED_EDGE('',*,*,#2264,.T.);
#4035 = ORIENTED_EDGE('',*,*,#4000,.F.);
#4036 = PLANE('',#4037);
#4037 = AXIS2_PLACEMENT_3D('',#4038,#4039,#4040);
#4038 = CARTESIAN_POINT('',(-5.694647,-7.95,44.251274));
#4039 = DIRECTION('',(0.,-2.2E-16,-1.));
#4040 = DIRECTION('',(1.,0.,0.));
#4041 = ADVANCED_FACE('',(#4042),#4060,.F.);
#4042 = FACE_BOUND('',#4043,.F.);
#4043 = EDGE_LOOP('',(#4044,#4052,#4058,#4059));
#4044 = ORIENTED_EDGE('',*,*,#4045,.F.);
#4045 = EDGE_CURVE('',#4046,#4022,#4048,.T.);
#4046 = VERTEX_POINT('',#4047);
#4047 = CARTESIAN_POINT('',(-5.694647,-7.95,62.437389));
#4048 = LINE('',#4049,#4050);
#4049 = CARTESIAN_POINT('',(-5.694647,-7.95,62.437389));
#4050 = VECTOR('',#4051,1.);
#4051 = DIRECTION('',(0.,0.,-1.));
#4052 = ORIENTED_EDGE('',*,*,#4053,.T.);
#4053 = EDGE_CURVE('',#4046,#2249,#4054,.T.);
#4054 = LINE('',#4055,#4056);
#4055 = CARTESIAN_POINT('',(-5.694647,-7.95,62.437389));
#4056 = VECTOR('',#4057,1.);
#4057 = DIRECTION('',(0.,1.,-2.2E-16));
#4058 = ORIENTED_EDGE('',*,*,#2256,.T.);
#4059 = ORIENTED_EDGE('',*,*,#4029,.F.);
#4060 = PLANE('',#4061);
#4061 = AXIS2_PLACEMENT_3D('',#4062,#4063,#4064);
#4062 = CARTESIAN_POINT('',(-5.694647,-7.95,62.437389));
#4063 = DIRECTION('',(-1.,0.,0.));
#4064 = DIRECTION('',(-0.,-2.2E-16,-1.));
#4065 = ADVANCED_FACE('',(#4066),#4077,.F.);
#4066 = FACE_BOUND('',#4067,.F.);
#4067 = EDGE_LOOP('',(#4068,#4074,#4075,#4076));
#4068 = ORIENTED_EDGE('',*,*,#4069,.F.);
#4069 = EDGE_CURVE('',#3993,#4046,#4070,.T.);
#4070 = LINE('',#4071,#4072);
#4071 = CARTESIAN_POINT('',(27.868525,-7.95,62.437389));
#4072 = VECTOR('',#4073,1.);
#4073 = DIRECTION('',(-1.,0.,0.));
#4074 = ORIENTED_EDGE('',*,*,#4007,.T.);
#4075 = ORIENTED_EDGE('',*,*,#2248,.T.);
#4076 = ORIENTED_EDGE('',*,*,#4053,.F.);
#4077 = PLANE('',#4078);
#4078 = AXIS2_PLACEMENT_3D('',#4079,#4080,#4081);
#4079 = CARTESIAN_POINT('',(27.868525,-7.95,62.437389));
#4080 = DIRECTION('',(0.,2.2E-16,1.));
#4081 = DIRECTION('',(-1.,0.,0.));
#4082 = ADVANCED_FACE('',(#4083),#4109,.F.);
#4083 = FACE_BOUND('',#4084,.F.);
#4084 = EDGE_LOOP('',(#4085,#4086,#4094,#4102,#4108));
#4085 = ORIENTED_EDGE('',*,*,#2334,.T.);
#4086 = ORIENTED_EDGE('',*,*,#4087,.T.);
#4087 = EDGE_CURVE('',#2327,#4088,#4090,.T.);
#4088 = VERTEX_POINT('',#4089);
#4089 = CARTESIAN_POINT('',(28.637022,-7.95,63.00606963334));
#4090 = LINE('',#4091,#4092);
#4091 = CARTESIAN_POINT('',(28.637022,-7.95,38.00606963334));
#4092 = VECTOR('',#4093,1.);
#4093 = DIRECTION('',(0.,0.,1.));
#4094 = ORIENTED_EDGE('',*,*,#4095,.F.);
#4095 = EDGE_CURVE('',#4096,#4088,#4098,.T.);
#4096 = VERTEX_POINT('',#4097);
#4097 = CARTESIAN_POINT('',(28.637022,-4.95,63.00606963334));
#4098 = LINE('',#4099,#4100);
#4099 = CARTESIAN_POINT('',(28.637022,-4.95,63.00606963334));
#4100 = VECTOR('',#4101,1.);
#4101 = DIRECTION('',(0.,-1.,2.2E-16));
#4102 = ORIENTED_EDGE('',*,*,#4103,.F.);
#4103 = EDGE_CURVE('',#3960,#4096,#4104,.T.);
#4104 = LINE('',#4105,#4106);
#4105 = CARTESIAN_POINT('',(28.637022,-4.95,38.00606963334));
#4106 = VECTOR('',#4107,1.);
#4107 = DIRECTION('',(0.,0.,1.));
#4108 = ORIENTED_EDGE('',*,*,#3959,.F.);
#4109 = PLANE('',#4110);
#4110 = AXIS2_PLACEMENT_3D('',#4111,#4112,#4113);
#4111 = CARTESIAN_POINT('',(28.637022,-4.95,38.00606963334));
#4112 = DIRECTION('',(-1.,0.,0.));
#4113 = DIRECTION('',(0.,2.2E-16,1.));
#4114 = ADVANCED_FACE('',(#4115,#4133),#4139,.F.);
#4115 = FACE_BOUND('',#4116,.F.);
#4116 = EDGE_LOOP('',(#4117,#4125,#4131,#4132));
#4117 = ORIENTED_EDGE('',*,*,#4118,.F.);
#4118 = EDGE_CURVE('',#4119,#2319,#4121,.T.);
#4119 = VERTEX_POINT('',#4120);
#4120 = CARTESIAN_POINT('',(-6.526598,-7.95,63.00606963334));
#4121 = LINE('',#4122,#4123);
#4122 = CARTESIAN_POINT('',(-6.526598,-7.95,63.00606963334));
#4123 = VECTOR('',#4124,1.);
#4124 = DIRECTION('',(0.,0.,-1.));
#4125 = ORIENTED_EDGE('',*,*,#4126,.F.);
#4126 = EDGE_CURVE('',#4088,#4119,#4127,.T.);
#4127 = LINE('',#4128,#4129);
#4128 = CARTESIAN_POINT('',(28.637022,-7.95,63.00606963334));
#4129 = VECTOR('',#4130,1.);
#4130 = DIRECTION('',(-1.,0.,0.));
#4131 = ORIENTED_EDGE('',*,*,#4087,.F.);
#4132 = ORIENTED_EDGE('',*,*,#2326,.F.);
#4133 = FACE_BOUND('',#4134,.F.);
#4134 = EDGE_LOOP('',(#4135,#4136,#4137,#4138));
#4135 = ORIENTED_EDGE('',*,*,#4069,.T.);
#4136 = ORIENTED_EDGE('',*,*,#4045,.T.);
#4137 = ORIENTED_EDGE('',*,*,#4021,.T.);
#4138 = ORIENTED_EDGE('',*,*,#3990,.T.);
#4139 = PLANE('',#4140);
#4140 = AXIS2_PLACEMENT_3D('',#4141,#4142,#4143);
#4141 = CARTESIAN_POINT('',(11.055212,-7.95,50.50606963334));
#4142 = DIRECTION('',(0.,1.,0.));
#4143 = DIRECTION('',(0.,0.,1.));
#4144 = ADVANCED_FACE('',(#4145),#4156,.F.);
#4145 = FACE_BOUND('',#4146,.F.);
#4146 = EDGE_LOOP('',(#4147,#4153,#4154,#4155));
#4147 = ORIENTED_EDGE('',*,*,#4148,.T.);
#4148 = EDGE_CURVE('',#2396,#4119,#4149,.T.);
#4149 = LINE('',#4150,#4151);
#4150 = CARTESIAN_POINT('',(-6.526598,-4.95,63.00606963334));
#4151 = VECTOR('',#4152,1.);
#4152 = DIRECTION('',(0.,-1.,2.2E-16));
#4153 = ORIENTED_EDGE('',*,*,#4118,.T.);
#4154 = ORIENTED_EDGE('',*,*,#2318,.F.);
#4155 = ORIENTED_EDGE('',*,*,#2403,.F.);
#4156 = PLANE('',#4157);
#4157 = AXIS2_PLACEMENT_3D('',#4158,#4159,#4160);
#4158 = CARTESIAN_POINT('',(-6.526598,-4.95,63.00606963334));
#4159 = DIRECTION('',(1.,0.,0.));
#4160 = DIRECTION('',(0.,-2.2E-16,-1.));
#4161 = ADVANCED_FACE('',(#4162,#4207),#4301,.T.);
#4162 = FACE_BOUND('',#4163,.T.);
#4163 = EDGE_LOOP('',(#4164,#4165,#4174,#4181,#4182,#4191,#4200,#4206));
#4164 = ORIENTED_EDGE('',*,*,#2359,.F.);
#4165 = ORIENTED_EDGE('',*,*,#4166,.F.);
#4166 = EDGE_CURVE('',#4167,#2360,#4169,.T.);
#4167 = VERTEX_POINT('',#4168);
#4168 = CARTESIAN_POINT('',(-34.9,0.,59.));
#4169 = CIRCLE('',#4170,4.95);
#4170 = AXIS2_PLACEMENT_3D('',#4171,#4172,#4173);
#4171 = CARTESIAN_POINT('',(-29.95,0.,59.));
#4172 = DIRECTION('',(0.,0.,1.));
#4173 = DIRECTION('',(-1.,0.,0.));
#4174 = ORIENTED_EDGE('',*,*,#4175,.F.);
#4175 = EDGE_CURVE('',#2547,#4167,#4176,.T.);
#4176 = CIRCLE('',#4177,4.95);
#4177 = AXIS2_PLACEMENT_3D('',#4178,#4179,#4180);
#4178 = CARTESIAN_POINT('',(-29.95,0.,59.));
#4179 = DIRECTION('',(0.,0.,1.));
#4180 = DIRECTION('',(-1.,0.,0.));
#4181 = ORIENTED_EDGE('',*,*,#2611,.T.);
#4182 = ORIENTED_EDGE('',*,*,#4183,.T.);
#4183 = EDGE_CURVE('',#2604,#4184,#4186,.T.);
#4184 = VERTEX_POINT('',#4185);
#4185 = CARTESIAN_POINT('',(-34.9,0.,-59.));
#4186 = CIRCLE('',#4187,4.95);
#4187 = AXIS2_PLACEMENT_3D('',#4188,#4189,#4190);
#4188 = CARTESIAN_POINT('',(-29.95,0.,-59.));
#4189 = DIRECTION('',(0.,0.,1.));
#4190 = DIRECTION('',(-1.,0.,0.));
#4191 = ORIENTED_EDGE('',*,*,#4192,.T.);
#4192 = EDGE_CURVE('',#4184,#4193,#4195,.T.);
#4193 = VERTEX_POINT('',#4194);
#4194 = CARTESIAN_POINT('',(-29.95712199634,-4.949997438242,-59.));
#4195 = CIRCLE('',#4196,4.95);
#4196 = AXIS2_PLACEMENT_3D('',#4197,#4198,#4199);
#4197 = CARTESIAN_POINT('',(-29.95,0.,-59.));
#4198 = DIRECTION('',(0.,0.,1.));
#4199 = DIRECTION('',(-1.,0.,0.));
#4200 = ORIENTED_EDGE('',*,*,#4201,.F.);
#4201 = EDGE_CURVE('',#2454,#4193,#4202,.T.);
#4202 = LINE('',#4203,#4204);
#4203 = CARTESIAN_POINT('',(-29.957122,-4.95,37.742447));
#4204 = VECTOR('',#4205,1.);
#4205 = DIRECTION('',(0.,0.,-1.));
#4206 = ORIENTED_EDGE('',*,*,#2461,.F.);
#4207 = FACE_BOUND('',#4208,.T.);
#4208 = EDGE_LOOP('',(#4209,#4230,#4249,#4257,#4276,#4295));
#4209 = ORIENTED_EDGE('',*,*,#4210,.F.);
#4210 = EDGE_CURVE('',#4211,#4213,#4215,.T.);
#4211 = VERTEX_POINT('',#4212);
#4212 = CARTESIAN_POINT('',(-34.9,3.75E-13,42.050000000004));
#4213 = VERTEX_POINT('',#4214);
#4214 = CARTESIAN_POINT('',(-34.66725555805,1.5,40.55));
#4215 = B_SPLINE_CURVE_WITH_KNOTS('',3,(#4216,#4217,#4218,#4219,#4220,
    #4221,#4222,#4223,#4224,#4225,#4226,#4227,#4228,#4229),
  .UNSPECIFIED.,.F.,.F.,(4,2,2,2,2,2,4),(2.359403555349E-03,
    2.653957408421E-03,2.948511261493E-03,3.537618967637E-03,
    3.83217282071E-03,4.126726673782E-03,4.715834379926E-03),
  .UNSPECIFIED.);
#4216 = CARTESIAN_POINT('',(-34.9,3.7524E-13,42.050000000004));
#4217 = CARTESIAN_POINT('',(-34.9,9.841515370286E-02,42.05));
#4218 = CARTESIAN_POINT('',(-34.89696490196,0.19837791248,
    42.040067603208));
#4219 = CARTESIAN_POINT('',(-34.88547162598,0.391069516175,
    42.001454405694));
#4220 = CARTESIAN_POINT('',(-34.87705640495,0.484799478106,
    41.972921714274));
#4221 = CARTESIAN_POINT('',(-34.8450373805,0.758136168323,41.85926563614
    ));
#4222 = CARTESIAN_POINT('',(-34.81532441826,0.922582170799,
    41.748788717522));
#4223 = CARTESIAN_POINT('',(-34.76981662445,1.129990086602,
    41.541304931373));
#4224 = CARTESIAN_POINT('',(-34.75476037625,1.19160417196,
    41.466280927947));
#4225 = CARTESIAN_POINT('',(-34.72654078455,1.300115729224,
    41.304447037356));
#4226 = CARTESIAN_POINT('',(-34.71329969032,1.347222258078,
    41.216746498798));
#4227 = CARTESIAN_POINT('',(-34.68045262987,1.459946891646,
    40.945967042642));
#4228 = CARTESIAN_POINT('',(-34.66725555805,1.5,40.749308702755));
#4229 = CARTESIAN_POINT('',(-34.66725555805,1.5,40.55));
#4230 = ORIENTED_EDGE('',*,*,#4231,.F.);
#4231 = EDGE_CURVE('',#4232,#4211,#4234,.T.);
#4232 = VERTEX_POINT('',#4233);
#4233 = CARTESIAN_POINT('',(-34.66725555805,-1.5,40.55));
#4234 = B_SPLINE_CURVE_WITH_KNOTS('',3,(#4235,#4236,#4237,#4238,#4239,
    #4240,#4241,#4242,#4243,#4244,#4245,#4246,#4247,#4248),
  .UNSPECIFIED.,.F.,.F.,(4,2,2,2,2,2,4),(0.,2.949254444186E-04,
    5.898508888371E-04,8.847763332557E-04,1.179701777674E-03,
    1.769552666511E-03,2.359403555349E-03),.UNSPECIFIED.);
#4235 = CARTESIAN_POINT('',(-34.66725555805,-1.5,40.55));
#4236 = CARTESIAN_POINT('',(-34.66725555805,-1.5,40.649773223165));
#4237 = CARTESIAN_POINT('',(-34.67042076958,-1.490145652605,
    40.747753230727));
#4238 = CARTESIAN_POINT('',(-34.68240017605,-1.45165246584,
    40.940314648279));
#4239 = CARTESIAN_POINT('',(-34.69136195122,-1.422509822332,
    41.035919355201));
#4240 = CARTESIAN_POINT('',(-34.71337033643,-1.34697824226,
    41.217309095748));
#4241 = CARTESIAN_POINT('',(-34.72634431624,-1.300845949559,
    41.303244099402));
#4242 = CARTESIAN_POINT('',(-34.75467669805,-1.191950938193,
    41.465876530276));
#4243 = CARTESIAN_POINT('',(-34.7700418584,-1.129006852274,
    41.542371136588));
#4244 = CARTESIAN_POINT('',(-34.81529512975,-0.92262845035,
    41.748576039918));
#4245 = CARTESIAN_POINT('',(-34.84527836867,-0.756132724231,
    41.86012456862));
#4246 = CARTESIAN_POINT('',(-34.88752813284,-0.395351667188,
    42.010089086736));
#4247 = CARTESIAN_POINT('',(-34.9,-0.197078616629,42.05));
#4248 = CARTESIAN_POINT('',(-34.9,3.7524E-13,42.050000000004));
#4249 = ORIENTED_EDGE('',*,*,#4250,.F.);
#4250 = EDGE_CURVE('',#4251,#4232,#4253,.T.);
#4251 = VERTEX_POINT('',#4252);
#4252 = CARTESIAN_POINT('',(-34.66725555805,-1.5,29.35));
#4253 = LINE('',#4254,#4255);
#4254 = CARTESIAN_POINT('',(-34.66725555805,-1.5,59.));
#4255 = VECTOR('',#4256,1.);
#4256 = DIRECTION('',(0.,0.,1.));
#4257 = ORIENTED_EDGE('',*,*,#4258,.F.);
#4258 = EDGE_CURVE('',#4259,#4251,#4261,.T.);
#4259 = VERTEX_POINT('',#4260);
#4260 = CARTESIAN_POINT('',(-34.9,-3.75E-13,27.849999999996));
#4261 = B_SPLINE_CURVE_WITH_KNOTS('',3,(#4262,#4263,#4264,#4265,#4266,
    #4267,#4268,#4269,#4270,#4271,#4272,#4273,#4274,#4275),
  .UNSPECIFIED.,.F.,.F.,(4,2,2,2,2,2,4),(2.359403555349E-03,
    2.653957408421E-03,2.948511261493E-03,3.537618967637E-03,
    3.83217282071E-03,4.126726673782E-03,4.715834379926E-03),
  .UNSPECIFIED.);
#4262 = CARTESIAN_POINT('',(-34.9,-3.7524E-13,27.849999999996));
#4263 = CARTESIAN_POINT('',(-34.9,-9.841515370286E-02,27.85));
#4264 = CARTESIAN_POINT('',(-34.89696490196,-0.19837791248,
    27.859932396792));
#4265 = CARTESIAN_POINT('',(-34.88547162598,-0.391069516175,
    27.898545594306));
#4266 = CARTESIAN_POINT('',(-34.87705640495,-0.484799478106,
    27.927078285726));
#4267 = CARTESIAN_POINT('',(-34.8450373805,-0.758136168323,
    28.04073436386));
#4268 = CARTESIAN_POINT('',(-34.81532441826,-0.922582170799,
    28.151211282478));
#4269 = CARTESIAN_POINT('',(-34.76981662445,-1.129990086602,
    28.358695068627));
#4270 = CARTESIAN_POINT('',(-34.75476037625,-1.19160417196,
    28.433719072053));
#4271 = CARTESIAN_POINT('',(-34.72654078455,-1.300115729224,
    28.595552962644));
#4272 = CARTESIAN_POINT('',(-34.71329969032,-1.347222258078,
    28.683253501202));
#4273 = CARTESIAN_POINT('',(-34.68045262987,-1.459946891646,
    28.954032957358));
#4274 = CARTESIAN_POINT('',(-34.66725555805,-1.5,29.150691297245));
#4275 = CARTESIAN_POINT('',(-34.66725555805,-1.5,29.35));
#4276 = ORIENTED_EDGE('',*,*,#4277,.F.);
#4277 = EDGE_CURVE('',#4278,#4259,#4280,.T.);
#4278 = VERTEX_POINT('',#4279);
#4279 = CARTESIAN_POINT('',(-34.66725555805,1.5,29.35));
#4280 = B_SPLINE_CURVE_WITH_KNOTS('',3,(#4281,#4282,#4283,#4284,#4285,
    #4286,#4287,#4288,#4289,#4290,#4291,#4292,#4293,#4294),
  .UNSPECIFIED.,.F.,.F.,(4,2,2,2,2,2,4),(0.,2.949254444186E-04,
    5.898508888371E-04,8.847763332557E-04,1.179701777674E-03,
    1.769552666511E-03,2.359403555349E-03),.UNSPECIFIED.);
#4281 = CARTESIAN_POINT('',(-34.66725555805,1.5,29.35));
#4282 = CARTESIAN_POINT('',(-34.66725555805,1.5,29.250226776835));
#4283 = CARTESIAN_POINT('',(-34.67042076958,1.490145652605,
    29.152246769273));
#4284 = CARTESIAN_POINT('',(-34.68240017605,1.45165246584,
    28.959685351722));
#4285 = CARTESIAN_POINT('',(-34.69136195122,1.422509822332,
    28.864080644799));
#4286 = CARTESIAN_POINT('',(-34.71337033643,1.34697824226,
    28.682690904252));
#4287 = CARTESIAN_POINT('',(-34.72634431624,1.300845949559,
    28.596755900598));
#4288 = CARTESIAN_POINT('',(-34.75467669805,1.191950938193,
    28.434123469724));
#4289 = CARTESIAN_POINT('',(-34.7700418584,1.129006852274,
    28.357628863412));
#4290 = CARTESIAN_POINT('',(-34.81529512975,0.92262845035,
    28.151423960082));
#4291 = CARTESIAN_POINT('',(-34.84527836867,0.756132724231,
    28.03987543138));
#4292 = CARTESIAN_POINT('',(-34.88752813284,0.395351667188,
    27.889910913264));
#4293 = CARTESIAN_POINT('',(-34.9,0.197078616629,27.85));
#4294 = CARTESIAN_POINT('',(-34.9,-3.7524E-13,27.849999999996));
#4295 = ORIENTED_EDGE('',*,*,#4296,.F.);
#4296 = EDGE_CURVE('',#4213,#4278,#4297,.T.);
#4297 = LINE('',#4298,#4299);
#4298 = CARTESIAN_POINT('',(-34.66725555805,1.5,59.));
#4299 = VECTOR('',#4300,1.);
#4300 = DIRECTION('',(0.,0.,-1.));
#4301 = CYLINDRICAL_SURFACE('',#4302,4.95);
#4302 = AXIS2_PLACEMENT_3D('',#4303,#4304,#4305);
#4303 = CARTESIAN_POINT('',(-29.95,0.,59.));
#4304 = DIRECTION('',(0.,0.,-1.));
#4305 = DIRECTION('',(-1.,0.,0.));
#4306 = ADVANCED_FACE('',(#4307),#4319,.F.);
#4307 = FACE_BOUND('',#4308,.F.);
#4308 = EDGE_LOOP('',(#4309,#4310,#4311,#4312,#4313));
#4309 = ORIENTED_EDGE('',*,*,#4095,.T.);
#4310 = ORIENTED_EDGE('',*,*,#4126,.T.);
#4311 = ORIENTED_EDGE('',*,*,#4148,.F.);
#4312 = ORIENTED_EDGE('',*,*,#2395,.F.);
#4313 = ORIENTED_EDGE('',*,*,#4314,.F.);
#4314 = EDGE_CURVE('',#4096,#2387,#4315,.T.);
#4315 = LINE('',#4316,#4317);
#4316 = CARTESIAN_POINT('',(28.637022,-4.95,63.00606963334));
#4317 = VECTOR('',#4318,1.);
#4318 = DIRECTION('',(-1.,0.,0.));
#4319 = PLANE('',#4320);
#4320 = AXIS2_PLACEMENT_3D('',#4321,#4322,#4323);
#4321 = CARTESIAN_POINT('',(28.637022,-4.95,63.00606963334));
#4322 = DIRECTION('',(-0.,-2.2E-16,-1.));
#4323 = DIRECTION('',(-1.,0.,0.));
#4324 = ADVANCED_FACE('',(#4325),#4369,.T.);
#4325 = FACE_BOUND('',#4326,.T.);
#4326 = EDGE_LOOP('',(#4327,#4328,#4337,#4344,#4345,#4354,#4361,#4362));
#4327 = ORIENTED_EDGE('',*,*,#3967,.F.);
#4328 = ORIENTED_EDGE('',*,*,#4329,.F.);
#4329 = EDGE_CURVE('',#4330,#3968,#4332,.T.);
#4330 = VERTEX_POINT('',#4331);
#4331 = CARTESIAN_POINT('',(34.9,0.,59.));
#4332 = CIRCLE('',#4333,4.95);
#4333 = AXIS2_PLACEMENT_3D('',#4334,#4335,#4336);
#4334 = CARTESIAN_POINT('',(29.95,0.,59.));
#4335 = DIRECTION('',(0.,0.,-1.));
#4336 = DIRECTION('',(1.,0.,0.));
#4337 = ORIENTED_EDGE('',*,*,#4338,.F.);
#4338 = EDGE_CURVE('',#2629,#4330,#4339,.T.);
#4339 = CIRCLE('',#4340,4.95);
#4340 = AXIS2_PLACEMENT_3D('',#4341,#4342,#4343);
#4341 = CARTESIAN_POINT('',(29.95,0.,59.));
#4342 = DIRECTION('',(0.,0.,-1.));
#4343 = DIRECTION('',(1.,0.,0.));
#4344 = ORIENTED_EDGE('',*,*,#2636,.T.);
#4345 = ORIENTED_EDGE('',*,*,#4346,.T.);
#4346 = EDGE_CURVE('',#2579,#4347,#4349,.T.);
#4347 = VERTEX_POINT('',#4348);
#4348 = CARTESIAN_POINT('',(23.45,0.,70.45));
#4349 = CIRCLE('',#4350,4.95);
#4350 = AXIS2_PLACEMENT_3D('',#4351,#4352,#4353);
#4351 = CARTESIAN_POINT('',(23.45,0.,65.5));
#4352 = DIRECTION('',(1.,0.,-0.));
#4353 = DIRECTION('',(0.,0.,1.));
#4354 = ORIENTED_EDGE('',*,*,#4355,.T.);
#4355 = EDGE_CURVE('',#4347,#2379,#4356,.T.);
#4356 = CIRCLE('',#4357,4.95);
#4357 = AXIS2_PLACEMENT_3D('',#4358,#4359,#4360);
#4358 = CARTESIAN_POINT('',(23.45,0.,65.5));
#4359 = DIRECTION('',(1.,0.,-0.));
#4360 = DIRECTION('',(0.,0.,1.));
#4361 = ORIENTED_EDGE('',*,*,#2386,.F.);
#4362 = ORIENTED_EDGE('',*,*,#4363,.F.);
#4363 = EDGE_CURVE('',#3960,#2387,#4364,.T.);
#4364 = CIRCLE('',#4365,6.5);
#4365 = AXIS2_PLACEMENT_3D('',#4366,#4367,#4368);
#4366 = CARTESIAN_POINT('',(23.45,-4.95,59.));
#4367 = DIRECTION('',(0.,-1.,0.));
#4368 = DIRECTION('',(1.,0.,6.41E-15));
#4369 = TOROIDAL_SURFACE('',#4370,6.5,4.95);
#4370 = AXIS2_PLACEMENT_3D('',#4371,#4372,#4373);
#4371 = CARTESIAN_POINT('',(23.45,0.,59.));
#4372 = DIRECTION('',(-0.,-1.,-0.));
#4373 = DIRECTION('',(0.,0.,-1.));
#4374 = ADVANCED_FACE('',(#4375),#4397,.T.);
#4375 = FACE_BOUND('',#4376,.T.);
#4376 = EDGE_LOOP('',(#4377,#4386,#4393,#4394,#4395,#4396));
#4377 = ORIENTED_EDGE('',*,*,#4378,.T.);
#4378 = EDGE_CURVE('',#2556,#4379,#4381,.T.);
#4379 = VERTEX_POINT('',#4380);
#4380 = CARTESIAN_POINT('',(-23.45,0.,70.45));
#4381 = CIRCLE('',#4382,4.95);
#4382 = AXIS2_PLACEMENT_3D('',#4383,#4384,#4385);
#4383 = CARTESIAN_POINT('',(-23.45,0.,65.5));
#4384 = DIRECTION('',(1.,0.,-0.));
#4385 = DIRECTION('',(0.,0.,1.));
#4386 = ORIENTED_EDGE('',*,*,#4387,.T.);
#4387 = EDGE_CURVE('',#4379,#2370,#4388,.T.);
#4388 = CIRCLE('',#4389,4.95);
#4389 = AXIS2_PLACEMENT_3D('',#4390,#4391,#4392);
#4390 = CARTESIAN_POINT('',(-23.45,0.,65.5));
#4391 = DIRECTION('',(1.,0.,-0.));
#4392 = DIRECTION('',(0.,0.,1.));
#4393 = ORIENTED_EDGE('',*,*,#2378,.F.);
#4394 = ORIENTED_EDGE('',*,*,#4355,.F.);
#4395 = ORIENTED_EDGE('',*,*,#4346,.F.);
#4396 = ORIENTED_EDGE('',*,*,#2578,.T.);
#4397 = CYLINDRICAL_SURFACE('',#4398,4.95);
#4398 = AXIS2_PLACEMENT_3D('',#4399,#4400,#4401);
#4399 = CARTESIAN_POINT('',(23.45,0.,65.5));
#4400 = DIRECTION('',(-1.,-0.,-0.));
#4401 = DIRECTION('',(0.,0.,1.));
#4402 = ADVANCED_FACE('',(#4403),#4411,.T.);
#4403 = FACE_BOUND('',#4404,.T.);
#4404 = EDGE_LOOP('',(#4405,#4406,#4407,#4408,#4409,#4410));
#4405 = ORIENTED_EDGE('',*,*,#2369,.F.);
#4406 = ORIENTED_EDGE('',*,*,#4387,.F.);
#4407 = ORIENTED_EDGE('',*,*,#4378,.F.);
#4408 = ORIENTED_EDGE('',*,*,#2563,.T.);
#4409 = ORIENTED_EDGE('',*,*,#4175,.T.);
#4410 = ORIENTED_EDGE('',*,*,#4166,.T.);
#4411 = TOROIDAL_SURFACE('',#4412,6.5,4.95);
#4412 = AXIS2_PLACEMENT_3D('',#4413,#4414,#4415);
#4413 = CARTESIAN_POINT('',(-23.45,0.,59.));
#4414 = DIRECTION('',(0.,-1.,0.));
#4415 = DIRECTION('',(0.,0.,-1.));
#4416 = ADVANCED_FACE('',(#4417),#4450,.F.);
#4417 = FACE_BOUND('',#4418,.F.);
#4418 = EDGE_LOOP('',(#4419,#4429,#4435,#4436,#4444));
#4419 = ORIENTED_EDGE('',*,*,#4420,.T.);
#4420 = EDGE_CURVE('',#4421,#4423,#4425,.T.);
#4421 = VERTEX_POINT('',#4422);
#4422 = CARTESIAN_POINT('',(29.966141,-4.95,-59.240852));
#4423 = VERTEX_POINT('',#4424);
#4424 = CARTESIAN_POINT('',(29.966141,-7.95,-59.240852));
#4425 = LINE('',#4426,#4427);
#4426 = CARTESIAN_POINT('',(29.966141,-4.95,-59.240852));
#4427 = VECTOR('',#4428,1.);
#4428 = DIRECTION('',(0.,-1.,2.2E-16));
#4429 = ORIENTED_EDGE('',*,*,#4430,.T.);
#4430 = EDGE_CURVE('',#4423,#2438,#4431,.T.);
#4431 = LINE('',#4432,#4433);
#4432 = CARTESIAN_POINT('',(29.966141,-7.95,-59.240852));
#4433 = VECTOR('',#4434,1.);
#4434 = DIRECTION('',(0.,2.2E-16,1.));
#4435 = ORIENTED_EDGE('',*,*,#2435,.F.);
#4436 = ORIENTED_EDGE('',*,*,#4437,.F.);
#4437 = EDGE_CURVE('',#4438,#2436,#4440,.T.);
#4438 = VERTEX_POINT('',#4439);
#4439 = CARTESIAN_POINT('',(29.966140957132,-4.949986841929,-59.));
#4440 = LINE('',#4441,#4442);
#4441 = CARTESIAN_POINT('',(29.966141,-4.95,-59.240852));
#4442 = VECTOR('',#4443,1.);
#4443 = DIRECTION('',(0.,0.,1.));
#4444 = ORIENTED_EDGE('',*,*,#4445,.F.);
#4445 = EDGE_CURVE('',#4421,#4438,#4446,.T.);
#4446 = LINE('',#4447,#4448);
#4447 = CARTESIAN_POINT('',(29.966141,-4.95,-59.240852));
#4448 = VECTOR('',#4449,1.);
#4449 = DIRECTION('',(0.,0.,1.));
#4450 = PLANE('',#4451);
#4451 = AXIS2_PLACEMENT_3D('',#4452,#4453,#4454);
#4452 = CARTESIAN_POINT('',(29.966141,-4.95,-59.240852));
#4453 = DIRECTION('',(-1.,0.,0.));
#4454 = DIRECTION('',(0.,2.2E-16,1.));
#4455 = ADVANCED_FACE('',(#4456,#4480,#4578),#4586,.T.);
#4456 = FACE_BOUND('',#4457,.T.);
#4457 = EDGE_LOOP('',(#4458,#4459,#4460,#4461,#4462,#4463,#4464,#4473));
#4458 = ORIENTED_EDGE('',*,*,#2752,.T.);
#4459 = ORIENTED_EDGE('',*,*,#4338,.T.);
#4460 = ORIENTED_EDGE('',*,*,#4329,.T.);
#4461 = ORIENTED_EDGE('',*,*,#3976,.F.);
#4462 = ORIENTED_EDGE('',*,*,#2484,.F.);
#4463 = ORIENTED_EDGE('',*,*,#4437,.F.);
#4464 = ORIENTED_EDGE('',*,*,#4465,.F.);
#4465 = EDGE_CURVE('',#4466,#4438,#4468,.T.);
#4466 = VERTEX_POINT('',#4467);
#4467 = CARTESIAN_POINT('',(34.9,0.,-59.));
#4468 = CIRCLE('',#4469,4.95);
#4469 = AXIS2_PLACEMENT_3D('',#4470,#4471,#4472);
#4470 = CARTESIAN_POINT('',(29.95,0.,-59.));
#4471 = DIRECTION('',(4.27E-15,0.,-1.));
#4472 = DIRECTION('',(1.,0.,4.27E-15));
#4473 = ORIENTED_EDGE('',*,*,#4474,.F.);
#4474 = EDGE_CURVE('',#2753,#4466,#4475,.T.);
#4475 = CIRCLE('',#4476,4.95);
#4476 = AXIS2_PLACEMENT_3D('',#4477,#4478,#4479);
#4477 = CARTESIAN_POINT('',(29.95,0.,-59.));
#4478 = DIRECTION('',(4.27E-15,0.,-1.));
#4479 = DIRECTION('',(1.,0.,4.27E-15));
#4480 = FACE_BOUND('',#4481,.T.);
#4481 = EDGE_LOOP('',(#4482,#4505,#4524,#4532,#4553,#4572));
#4482 = ORIENTED_EDGE('',*,*,#4483,.T.);
#4483 = EDGE_CURVE('',#4484,#4486,#4488,.T.);
#4484 = VERTEX_POINT('',#4485);
#4485 = CARTESIAN_POINT('',(34.667255558055,1.5,18.121752815091));
#4486 = VERTEX_POINT('',#4487);
#4487 = CARTESIAN_POINT('',(34.9,0.,16.621752815091));
#4488 = B_SPLINE_CURVE_WITH_KNOTS('',3,(#4489,#4490,#4491,#4492,#4493,
    #4494,#4495,#4496,#4497,#4498,#4499,#4500,#4501,#4502,#4503,#4504),
  .UNSPECIFIED.,.F.,.F.,(4,2,2,2,2,2,2,4),(7.075827273035E-03,
    7.370585669986E-03,7.665344066937E-03,8.25486086084E-03,
    8.549619257791E-03,8.844377654742E-03,9.139136051693E-03,
    9.433894448644E-03),.UNSPECIFIED.);
#4489 = CARTESIAN_POINT('',(34.667255558055,1.5,18.121752815091));
#4490 = CARTESIAN_POINT('',(34.667255558055,1.5,18.022894759781));
#4491 = CARTESIAN_POINT('',(34.670365226564,1.490321907104,
    17.925145919443));
#4492 = CARTESIAN_POINT('',(34.682359900164,1.451784086658,
    17.731834074919));
#4493 = CARTESIAN_POINT('',(34.691331122062,1.422606637945,
    17.636200859898));
#4494 = CARTESIAN_POINT('',(34.724170225591,1.309931478564,
    17.365207435394));
#4495 = CARTESIAN_POINT('',(34.754784129856,1.19847850687,
    17.199007586541));
#4496 = CARTESIAN_POINT('',(34.800028142477,0.992309091799,
    16.992693455095));
#4497 = CARTESIAN_POINT('',(34.81524191059,0.91581772622,16.929759665448
    ));
#4498 = CARTESIAN_POINT('',(34.843048766026,0.753242809134,
    16.820908840226));
#4499 = CARTESIAN_POINT('',(34.855645211215,0.66741446824,
    16.774844040205));
#4500 = CARTESIAN_POINT('',(34.876878722794,0.486480278754,
    16.699451068392));
#4501 = CARTESIAN_POINT('',(34.885502443726,0.390708152928,
    16.670193740915));
#4502 = CARTESIAN_POINT('',(34.896990587926,0.197791192311,
    16.631600054186));
#4503 = CARTESIAN_POINT('',(34.9,9.971007485166E-02,16.621752815091));
#4504 = CARTESIAN_POINT('',(34.9,0.,16.621752815091));
#4505 = ORIENTED_EDGE('',*,*,#4506,.T.);
#4506 = EDGE_CURVE('',#4486,#4507,#4509,.T.);
#4507 = VERTEX_POINT('',#4508);
#4508 = CARTESIAN_POINT('',(34.667255558055,-1.5,18.121752815091));
#4509 = B_SPLINE_CURVE_WITH_KNOTS('',3,(#4510,#4511,#4512,#4513,#4514,
    #4515,#4516,#4517,#4518,#4519,#4520,#4521,#4522,#4523),
  .UNSPECIFIED.,.F.,.F.,(4,2,2,2,2,2,4),(0.,2.949352183548E-04,
    5.898704367096E-04,8.848056550643E-04,1.179740873419E-03,
    1.769611310129E-03,2.359481746838E-03),.UNSPECIFIED.);
#4510 = CARTESIAN_POINT('',(34.9,0.,16.621752815091));
#4511 = CARTESIAN_POINT('',(34.9,-9.976988951875E-02,16.621752815091));
#4512 = CARTESIAN_POINT('',(34.896988738815,-0.197758651167,
    16.631606728078));
#4513 = CARTESIAN_POINT('',(34.88552732328,-0.390353823137,
    16.670109698649));
#4514 = CARTESIAN_POINT('',(34.876932430907,-0.48598567595,
    16.699262795074));
#4515 = CARTESIAN_POINT('',(34.85564581801,-0.667446150784,
    16.774839465955));
#4516 = CARTESIAN_POINT('',(34.843023661063,-0.753410647619,
    16.821001370502));
#4517 = CARTESIAN_POINT('',(34.815195091003,-0.916070345631,
    16.929948700985));
#4518 = CARTESIAN_POINT('',(34.799972232935,-0.992582651264,
    16.992931291319));
#4519 = CARTESIAN_POINT('',(34.754713363815,-1.198763283938,
    17.199364611801));
#4520 = CARTESIAN_POINT('',(34.724089265113,-1.310215454896,
    17.365797257821));
#4521 = CARTESIAN_POINT('',(34.680404197155,-1.460092113896,
    17.726449941645));
#4522 = CARTESIAN_POINT('',(34.667255558055,-1.5,17.924699199373));
#4523 = CARTESIAN_POINT('',(34.667255558055,-1.5,18.121752815091));
#4524 = ORIENTED_EDGE('',*,*,#4525,.T.);
#4525 = EDGE_CURVE('',#4507,#4526,#4528,.T.);
#4526 = VERTEX_POINT('',#4527);
#4527 = CARTESIAN_POINT('',(34.667255558055,-1.5,38.598554630823));
#4528 = LINE('',#4529,#4530);
#4529 = CARTESIAN_POINT('',(34.667255558055,-1.5,-59.));
#4530 = VECTOR('',#4531,1.);
#4531 = DIRECTION('',(0.,0.,1.));
#4532 = ORIENTED_EDGE('',*,*,#4533,.T.);
#4533 = EDGE_CURVE('',#4526,#4534,#4536,.T.);
#4534 = VERTEX_POINT('',#4535);
#4535 = CARTESIAN_POINT('',(34.9,0.,40.098554630823));
#4536 = B_SPLINE_CURVE_WITH_KNOTS('',3,(#4537,#4538,#4539,#4540,#4541,
    #4542,#4543,#4544,#4545,#4546,#4547,#4548,#4549,#4550,#4551,#4552),
  .UNSPECIFIED.,.F.,.F.,(4,2,2,2,2,2,2,4),(2.359481746838E-03,
    2.654244098465E-03,2.949006450091E-03,3.538531153344E-03,
    3.833293504971E-03,4.128055856597E-03,4.422818208224E-03,
    4.71758055985E-03),.UNSPECIFIED.);
#4537 = CARTESIAN_POINT('',(34.667255558055,-1.5,38.598554630823));
#4538 = CARTESIAN_POINT('',(34.667255558055,-1.5,38.697023690384));
#4539 = CARTESIAN_POINT('',(34.670449884462,-1.490054607893,
    38.797059856374));
#4540 = CARTESIAN_POINT('',(34.682479908434,-1.451393731035,
    38.989864350334));
#4541 = CARTESIAN_POINT('',(34.691267209654,-1.422830023441,
    39.083630842459));
#4542 = CARTESIAN_POINT('',(34.724418771206,-1.309070476688,
    39.357047421733));
#4543 = CARTESIAN_POINT('',(34.754806992336,-1.198506403127,
    39.521523984865));
#4544 = CARTESIAN_POINT('',(34.800335591437,-0.990841363904,
    39.728955399704));
#4545 = CARTESIAN_POINT('',(34.815253870394,-0.915731122662,
    39.790590048899));
#4546 = CARTESIAN_POINT('',(34.842979768706,-0.753662852629,
    39.899133052728));
#4547 = CARTESIAN_POINT('',(34.855859688214,-0.665824143143,
    39.946240458497));
#4548 = CARTESIAN_POINT('',(34.877017397148,-0.485057355606,
    40.021332983722));
#4549 = CARTESIAN_POINT('',(34.885448268329,-0.391494429168,
    40.049930806628));
#4550 = CARTESIAN_POINT('',(34.897000309642,-0.197750938872,
    40.088740947342));
#4551 = CARTESIAN_POINT('',(34.9,-9.824896034164E-02,40.098554630823));
#4552 = CARTESIAN_POINT('',(34.9,0.,40.098554630823));
#4553 = ORIENTED_EDGE('',*,*,#4554,.T.);
#4554 = EDGE_CURVE('',#4534,#4555,#4557,.T.);
#4555 = VERTEX_POINT('',#4556);
#4556 = CARTESIAN_POINT('',(34.667255558055,1.5,38.598554630823));
#4557 = B_SPLINE_CURVE_WITH_KNOTS('',3,(#4558,#4559,#4560,#4561,#4562,
    #4563,#4564,#4565,#4566,#4567,#4568,#4569,#4570,#4571),
  .UNSPECIFIED.,.F.,.F.,(4,2,2,2,2,2,4),(4.71758055985E-03,
    5.307142238146E-03,5.601923077294E-03,5.896703916443E-03,
    6.486265594739E-03,6.781046433887E-03,7.075827273035E-03),
  .UNSPECIFIED.);
#4558 = CARTESIAN_POINT('',(34.9,0.,40.098554630823));
#4559 = CARTESIAN_POINT('',(34.9,0.196510245051,40.098554630823));
#4560 = CARTESIAN_POINT('',(34.887578783993,0.394931356912,
    40.058824299186));
#4561 = CARTESIAN_POINT('',(34.855808746276,0.666205149457,
    39.946056122136));
#4562 = CARTESIAN_POINT('',(34.842930985786,0.753989680618,
    39.89895345629));
#4563 = CARTESIAN_POINT('',(34.815159715872,0.916239602505,
    39.790210006573));
#4564 = CARTESIAN_POINT('',(34.800225032389,0.991381861409,
    39.728484513583));
#4565 = CARTESIAN_POINT('',(34.754678596274,1.199019193458,
    39.520872967437));
#4566 = CARTESIAN_POINT('',(34.724444610373,1.308987002907,
    39.357326053535));
#4567 = CARTESIAN_POINT('',(34.691216143131,1.42300265704,
    39.083176854295));
#4568 = CARTESIAN_POINT('',(34.682447217878,1.45149934308,38.98940293799
    ));
#4569 = CARTESIAN_POINT('',(34.670458532676,1.490026259586,
    38.797135818049));
#4570 = CARTESIAN_POINT('',(34.667255558055,1.5,38.697420212948));
#4571 = CARTESIAN_POINT('',(34.667255558055,1.5,38.598554630823));
#4572 = ORIENTED_EDGE('',*,*,#4573,.T.);
#4573 = EDGE_CURVE('',#4555,#4484,#4574,.T.);
#4574 = LINE('',#4575,#4576);
#4575 = CARTESIAN_POINT('',(34.667255558055,1.5,-59.));
#4576 = VECTOR('',#4577,1.);
#4577 = DIRECTION('',(0.,0.,-1.));
#4578 = FACE_BOUND('',#4579,.T.);
#4579 = EDGE_LOOP('',(#4580,#4581,#4582,#4583,#4584,#4585));
#4580 = ORIENTED_EDGE('',*,*,#2942,.T.);
#4581 = ORIENTED_EDGE('',*,*,#2963,.T.);
#4582 = ORIENTED_EDGE('',*,*,#3006,.T.);
#4583 = ORIENTED_EDGE('',*,*,#3025,.T.);
#4584 = ORIENTED_EDGE('',*,*,#3046,.T.);
#4585 = ORIENTED_EDGE('',*,*,#3080,.T.);
#4586 = CYLINDRICAL_SURFACE('',#4587,4.95);
#4587 = AXIS2_PLACEMENT_3D('',#4588,#4589,#4590);
#4588 = CARTESIAN_POINT('',(29.95,0.,-59.));
#4589 = DIRECTION('',(0.,0.,1.));
#4590 = DIRECTION('',(1.,0.,0.));
#4591 = ADVANCED_FACE('',(#4592),#4627,.F.);
#4592 = FACE_BOUND('',#4593,.F.);
#4593 = EDGE_LOOP('',(#4594,#4595,#4601,#4602,#4603,#4604,#4612,#4620,
    #4626));
#4594 = ORIENTED_EDGE('',*,*,#2453,.T.);
#4595 = ORIENTED_EDGE('',*,*,#4596,.T.);
#4596 = EDGE_CURVE('',#2446,#3698,#4597,.T.);
#4597 = LINE('',#4598,#4599);
#4598 = CARTESIAN_POINT('',(-29.957122,-7.95,37.742447));
#4599 = VECTOR('',#4600,1.);
#4600 = DIRECTION('',(0.,-2.2E-16,-1.));
#4601 = ORIENTED_EDGE('',*,*,#3749,.T.);
#4602 = ORIENTED_EDGE('',*,*,#3764,.T.);
#4603 = ORIENTED_EDGE('',*,*,#3788,.T.);
#4604 = ORIENTED_EDGE('',*,*,#4605,.T.);
#4605 = EDGE_CURVE('',#3789,#4606,#4608,.T.);
#4606 = VERTEX_POINT('',#4607);
#4607 = CARTESIAN_POINT('',(-29.957122,-7.95,-59.240852));
#4608 = LINE('',#4609,#4610);
#4609 = CARTESIAN_POINT('',(-29.957122,-7.95,37.742447));
#4610 = VECTOR('',#4611,1.);
#4611 = DIRECTION('',(0.,-2.2E-16,-1.));
#4612 = ORIENTED_EDGE('',*,*,#4613,.F.);
#4613 = EDGE_CURVE('',#4614,#4606,#4616,.T.);
#4614 = VERTEX_POINT('',#4615);
#4615 = CARTESIAN_POINT('',(-29.957122,-4.95,-59.240852));
#4616 = LINE('',#4617,#4618);
#4617 = CARTESIAN_POINT('',(-29.957122,-4.95,-59.240852));
#4618 = VECTOR('',#4619,1.);
#4619 = DIRECTION('',(0.,-1.,2.2E-16));
#4620 = ORIENTED_EDGE('',*,*,#4621,.F.);
#4621 = EDGE_CURVE('',#4193,#4614,#4622,.T.);
#4622 = LINE('',#4623,#4624);
#4623 = CARTESIAN_POINT('',(-29.957122,-4.95,37.742447));
#4624 = VECTOR('',#4625,1.);
#4625 = DIRECTION('',(0.,0.,-1.));
#4626 = ORIENTED_EDGE('',*,*,#4201,.F.);
#4627 = PLANE('',#4628);
#4628 = AXIS2_PLACEMENT_3D('',#4629,#4630,#4631);
#4629 = CARTESIAN_POINT('',(-29.957122,-4.95,37.742447));
#4630 = DIRECTION('',(1.,0.,0.));
#4631 = DIRECTION('',(0.,-2.2E-16,-1.));
#4632 = ADVANCED_FACE('',(#4633),#4660,.T.);
#4633 = FACE_BOUND('',#4634,.T.);
#4634 = EDGE_LOOP('',(#4635,#4644,#4645,#4654));
#4635 = ORIENTED_EDGE('',*,*,#4636,.F.);
#4636 = EDGE_CURVE('',#2438,#4637,#4639,.T.);
#4637 = VERTEX_POINT('',#4638);
#4638 = CARTESIAN_POINT('',(28.966141,-8.95,36.742447));
#4639 = ELLIPSE('',#4640,1.414213562373,1.);
#4640 = AXIS2_PLACEMENT_3D('',#4641,#4642,#4643);
#4641 = CARTESIAN_POINT('',(28.966141,-7.95,36.742447));
#4642 = DIRECTION('',(0.707106781187,-1.6E-16,-0.707106781187));
#4643 = DIRECTION('',(0.707106781187,1.6E-16,0.707106781187));
#4644 = ORIENTED_EDGE('',*,*,#2445,.T.);
#4645 = ORIENTED_EDGE('',*,*,#4646,.T.);
#4646 = EDGE_CURVE('',#2446,#4647,#4649,.T.);
#4647 = VERTEX_POINT('',#4648);
#4648 = CARTESIAN_POINT('',(-28.957122,-8.95,36.742447));
#4649 = ELLIPSE('',#4650,1.414213562373,1.);
#4650 = AXIS2_PLACEMENT_3D('',#4651,#4652,#4653);
#4651 = CARTESIAN_POINT('',(-28.957122,-7.95,36.742447));
#4652 = DIRECTION('',(0.707106781187,1.6E-16,0.707106781187));
#4653 = DIRECTION('',(0.707106781187,-1.6E-16,-0.707106781187));
#4654 = ORIENTED_EDGE('',*,*,#4655,.F.);
#4655 = EDGE_CURVE('',#4637,#4647,#4656,.T.);
#4656 = LINE('',#4657,#4658);
#4657 = CARTESIAN_POINT('',(29.966141,-8.95,36.742447));
#4658 = VECTOR('',#4659,1.);
#4659 = DIRECTION('',(-1.,0.,0.));
#4660 = CYLINDRICAL_SURFACE('',#4661,1.);
#4661 = AXIS2_PLACEMENT_3D('',#4662,#4663,#4664);
#4662 = CARTESIAN_POINT('',(29.966141,-7.95,36.742447));
#4663 = DIRECTION('',(-1.,0.,0.));
#4664 = DIRECTION('',(-0.,-1.,-0.));
#4665 = ADVANCED_FACE('',(#4666),#4691,.F.);
#4666 = FACE_BOUND('',#4667,.F.);
#4667 = EDGE_LOOP('',(#4668,#4678,#4684,#4685));
#4668 = ORIENTED_EDGE('',*,*,#4669,.F.);
#4669 = EDGE_CURVE('',#4670,#4672,#4674,.T.);
#4670 = VERTEX_POINT('',#4671);
#4671 = CARTESIAN_POINT('',(-18.489908,-6.938768,32.916506));
#4672 = VERTEX_POINT('',#4673);
#4673 = CARTESIAN_POINT('',(-18.489908,-5.261497,32.916506));
#4674 = LINE('',#4675,#4676);
#4675 = CARTESIAN_POINT('',(-18.489908,-6.938768,32.916506));
#4676 = VECTOR('',#4677,1.);
#4677 = DIRECTION('',(0.,1.,0.));
#4678 = ORIENTED_EDGE('',*,*,#4679,.T.);
#4679 = EDGE_CURVE('',#4670,#2493,#4680,.T.);
#4680 = LINE('',#4681,#4682);
#4681 = CARTESIAN_POINT('',(-18.489908,-6.938768,32.916506));
#4682 = VECTOR('',#4683,1.);
#4683 = DIRECTION('',(0.,0.,1.));
#4684 = ORIENTED_EDGE('',*,*,#2492,.T.);
#4685 = ORIENTED_EDGE('',*,*,#4686,.F.);
#4686 = EDGE_CURVE('',#4672,#2495,#4687,.T.);
#4687 = LINE('',#4688,#4689);
#4688 = CARTESIAN_POINT('',(-18.489908,-5.261497,32.916506));
#4689 = VECTOR('',#4690,1.);
#4690 = DIRECTION('',(0.,0.,1.));
#4691 = PLANE('',#4692);
#4692 = AXIS2_PLACEMENT_3D('',#4693,#4694,#4695);
#4693 = CARTESIAN_POINT('',(-18.489908,-6.938768,32.916506));
#4694 = DIRECTION('',(-1.,0.,0.));
#4695 = DIRECTION('',(0.,1.,0.));
#4696 = ADVANCED_FACE('',(#4697),#4715,.F.);
#4697 = FACE_BOUND('',#4698,.F.);
#4698 = EDGE_LOOP('',(#4699,#4707,#4713,#4714));
#4699 = ORIENTED_EDGE('',*,*,#4700,.F.);
#4700 = EDGE_CURVE('',#4701,#4670,#4703,.T.);
#4701 = VERTEX_POINT('',#4702);
#4702 = CARTESIAN_POINT('',(-14.91048,-6.938768,32.916506));
#4703 = LINE('',#4704,#4705);
#4704 = CARTESIAN_POINT('',(-14.91048,-6.938768,32.916506));
#4705 = VECTOR('',#4706,1.);
#4706 = DIRECTION('',(-1.,0.,0.));
#4707 = ORIENTED_EDGE('',*,*,#4708,.T.);
#4708 = EDGE_CURVE('',#4701,#2503,#4709,.T.);
#4709 = LINE('',#4710,#4711);
#4710 = CARTESIAN_POINT('',(-14.91048,-6.938768,32.916506));
#4711 = VECTOR('',#4712,1.);
#4712 = DIRECTION('',(0.,0.,1.));
#4713 = ORIENTED_EDGE('',*,*,#2502,.T.);
#4714 = ORIENTED_EDGE('',*,*,#4679,.F.);
#4715 = PLANE('',#4716);
#4716 = AXIS2_PLACEMENT_3D('',#4717,#4718,#4719);
#4717 = CARTESIAN_POINT('',(-14.91048,-6.938768,32.916506));
#4718 = DIRECTION('',(0.,-1.,0.));
#4719 = DIRECTION('',(-1.,0.,0.));
#4720 = ADVANCED_FACE('',(#4721),#4739,.F.);
#4721 = FACE_BOUND('',#4722,.F.);
#4722 = EDGE_LOOP('',(#4723,#4731,#4732,#4733));
#4723 = ORIENTED_EDGE('',*,*,#4724,.F.);
#4724 = EDGE_CURVE('',#4672,#4725,#4727,.T.);
#4725 = VERTEX_POINT('',#4726);
#4726 = CARTESIAN_POINT('',(-14.91048,-5.261497,32.916506));
#4727 = LINE('',#4728,#4729);
#4728 = CARTESIAN_POINT('',(-18.489908,-5.261497,32.916506));
#4729 = VECTOR('',#4730,1.);
#4730 = DIRECTION('',(1.,0.,0.));
#4731 = ORIENTED_EDGE('',*,*,#4686,.T.);
#4732 = ORIENTED_EDGE('',*,*,#2518,.T.);
#4733 = ORIENTED_EDGE('',*,*,#4734,.F.);
#4734 = EDGE_CURVE('',#4725,#2511,#4735,.T.);
#4735 = LINE('',#4736,#4737);
#4736 = CARTESIAN_POINT('',(-14.91048,-5.261497,32.916506));
#4737 = VECTOR('',#4738,1.);
#4738 = DIRECTION('',(0.,0.,1.));
#4739 = PLANE('',#4740);
#4740 = AXIS2_PLACEMENT_3D('',#4741,#4742,#4743);
#4741 = CARTESIAN_POINT('',(-18.489908,-5.261497,32.916506));
#4742 = DIRECTION('',(0.,1.,0.));
#4743 = DIRECTION('',(1.,0.,0.));
#4744 = ADVANCED_FACE('',(#4745),#4756,.F.);
#4745 = FACE_BOUND('',#4746,.F.);
#4746 = EDGE_LOOP('',(#4747,#4753,#4754,#4755));
#4747 = ORIENTED_EDGE('',*,*,#4748,.F.);
#4748 = EDGE_CURVE('',#4725,#4701,#4749,.T.);
#4749 = LINE('',#4750,#4751);
#4750 = CARTESIAN_POINT('',(-14.91048,-5.261497,32.916506));
#4751 = VECTOR('',#4752,1.);
#4752 = DIRECTION('',(0.,-1.,0.));
#4753 = ORIENTED_EDGE('',*,*,#4734,.T.);
#4754 = ORIENTED_EDGE('',*,*,#2510,.T.);
#4755 = ORIENTED_EDGE('',*,*,#4708,.F.);
#4756 = PLANE('',#4757);
#4757 = AXIS2_PLACEMENT_3D('',#4758,#4759,#4760);
#4758 = CARTESIAN_POINT('',(-14.91048,-5.261497,32.916506));
#4759 = DIRECTION('',(1.,0.,0.));
#4760 = DIRECTION('',(0.,-1.,0.));
#4761 = ADVANCED_FACE('',(#4762),#4801,.T.);
#4762 = FACE_BOUND('',#4763,.T.);
#4763 = EDGE_LOOP('',(#4764,#4765,#4772,#4773,#4774,#4783,#4792,#4798,
    #4799,#4800));
#4764 = ORIENTED_EDGE('',*,*,#2661,.T.);
#4765 = ORIENTED_EDGE('',*,*,#4766,.T.);
#4766 = EDGE_CURVE('',#2652,#2687,#4767,.T.);
#4767 = CIRCLE('',#4768,4.95);
#4768 = AXIS2_PLACEMENT_3D('',#4769,#4770,#4771);
#4769 = CARTESIAN_POINT('',(-23.45,0.,-65.5));
#4770 = DIRECTION('',(-1.,0.,0.));
#4771 = DIRECTION('',(0.,0.,-1.));
#4772 = ORIENTED_EDGE('',*,*,#2696,.T.);
#4773 = ORIENTED_EDGE('',*,*,#2711,.T.);
#4774 = ORIENTED_EDGE('',*,*,#4775,.T.);
#4775 = EDGE_CURVE('',#2712,#4776,#4778,.T.);
#4776 = VERTEX_POINT('',#4777);
#4777 = CARTESIAN_POINT('',(-23.45,-4.95,-65.5));
#4778 = CIRCLE('',#4779,4.95);
#4779 = AXIS2_PLACEMENT_3D('',#4780,#4781,#4782);
#4780 = CARTESIAN_POINT('',(-23.45,0.,-65.5));
#4781 = DIRECTION('',(-1.,0.,0.));
#4782 = DIRECTION('',(0.,0.,-1.));
#4783 = ORIENTED_EDGE('',*,*,#4784,.F.);
#4784 = EDGE_CURVE('',#4785,#4776,#4787,.T.);
#4785 = VERTEX_POINT('',#4786);
#4786 = CARTESIAN_POINT('',(-29.94553618372,-4.95,-59.240852));
#4787 = CIRCLE('',#4788,6.5);
#4788 = AXIS2_PLACEMENT_3D('',#4789,#4790,#4791);
#4789 = CARTESIAN_POINT('',(-23.45,-4.95,-59.));
#4790 = DIRECTION('',(0.,-1.,-0.));
#4791 = DIRECTION('',(-1.,0.,-2.135E-14));
#4792 = ORIENTED_EDGE('',*,*,#4793,.F.);
#4793 = EDGE_CURVE('',#4614,#4785,#4794,.T.);
#4794 = LINE('',#4795,#4796);
#4795 = CARTESIAN_POINT('',(-29.957122,-4.95,-59.240852));
#4796 = VECTOR('',#4797,1.);
#4797 = DIRECTION('',(1.,0.,0.));
#4798 = ORIENTED_EDGE('',*,*,#4621,.F.);
#4799 = ORIENTED_EDGE('',*,*,#4192,.F.);
#4800 = ORIENTED_EDGE('',*,*,#4183,.F.);
#4801 = TOROIDAL_SURFACE('',#4802,6.5,4.95);
#4802 = AXIS2_PLACEMENT_3D('',#4803,#4804,#4805);
#4803 = CARTESIAN_POINT('',(-23.45,0.,-59.));
#4804 = DIRECTION('',(0.,-1.,0.));
#4805 = DIRECTION('',(0.,0.,-1.));
#4806 = ADVANCED_FACE('',(#4807,#4846),#4854,.T.);
#4807 = FACE_BOUND('',#4808,.T.);
#4808 = EDGE_LOOP('',(#4809,#4810,#4811,#4812,#4813,#4822,#4828,#4829,
    #4830,#4831,#4832,#4833,#4834,#4835,#4836,#4837,#4844,#4845));
#4809 = ORIENTED_EDGE('',*,*,#3292,.F.);
#4810 = ORIENTED_EDGE('',*,*,#3311,.F.);
#4811 = ORIENTED_EDGE('',*,*,#3350,.F.);
#4812 = ORIENTED_EDGE('',*,*,#3211,.F.);
#4813 = ORIENTED_EDGE('',*,*,#4814,.T.);
#4814 = EDGE_CURVE('',#3212,#4815,#4817,.T.);
#4815 = VERTEX_POINT('',#4816);
#4816 = CARTESIAN_POINT('',(23.45,-4.95,-65.5));
#4817 = CIRCLE('',#4818,4.95);
#4818 = AXIS2_PLACEMENT_3D('',#4819,#4820,#4821);
#4819 = CARTESIAN_POINT('',(23.45,0.,-65.5));
#4820 = DIRECTION('',(-1.,0.,0.));
#4821 = DIRECTION('',(0.,0.,-1.));
#4822 = ORIENTED_EDGE('',*,*,#4823,.F.);
#4823 = EDGE_CURVE('',#4776,#4815,#4824,.T.);
#4824 = LINE('',#4825,#4826);
#4825 = CARTESIAN_POINT('',(-23.45,-4.95,-65.5));
#4826 = VECTOR('',#4827,1.);
#4827 = DIRECTION('',(1.,0.,0.));
#4828 = ORIENTED_EDGE('',*,*,#4775,.F.);
#4829 = ORIENTED_EDGE('',*,*,#2726,.T.);
#4830 = ORIENTED_EDGE('',*,*,#3366,.T.);
#4831 = ORIENTED_EDGE('',*,*,#3106,.T.);
#4832 = ORIENTED_EDGE('',*,*,#3127,.T.);
#4833 = ORIENTED_EDGE('',*,*,#3161,.T.);
#4834 = ORIENTED_EDGE('',*,*,#2686,.T.);
#4835 = ORIENTED_EDGE('',*,*,#4766,.F.);
#4836 = ORIENTED_EDGE('',*,*,#3177,.T.);
#4837 = ORIENTED_EDGE('',*,*,#4838,.T.);
#4838 = EDGE_CURVE('',#3178,#3221,#4839,.T.);
#4839 = CIRCLE('',#4840,4.95);
#4840 = AXIS2_PLACEMENT_3D('',#4841,#4842,#4843);
#4841 = CARTESIAN_POINT('',(23.45,0.,-65.5));
#4842 = DIRECTION('',(-1.,0.,0.));
#4843 = DIRECTION('',(0.,0.,-1.));
#4844 = ORIENTED_EDGE('',*,*,#3243,.F.);
#4845 = ORIENTED_EDGE('',*,*,#3276,.F.);
#4846 = FACE_BOUND('',#4847,.T.);
#4847 = EDGE_LOOP('',(#4848,#4849,#4850,#4851,#4852,#4853));
#4848 = ORIENTED_EDGE('',*,*,#3475,.F.);
#4849 = ORIENTED_EDGE('',*,*,#3496,.F.);
#4850 = ORIENTED_EDGE('',*,*,#3535,.F.);
#4851 = ORIENTED_EDGE('',*,*,#3390,.F.);
#4852 = ORIENTED_EDGE('',*,*,#3413,.F.);
#4853 = ORIENTED_EDGE('',*,*,#3459,.F.);
#4854 = CYLINDRICAL_SURFACE('',#4855,4.95);
#4855 = AXIS2_PLACEMENT_3D('',#4856,#4857,#4858);
#4856 = CARTESIAN_POINT('',(-23.45,0.,-65.5));
#4857 = DIRECTION('',(1.,0.,0.));
#4858 = DIRECTION('',(0.,0.,-1.));
#4859 = ADVANCED_FACE('',(#4860),#4868,.F.);
#4860 = FACE_BOUND('',#4861,.F.);
#4861 = EDGE_LOOP('',(#4862,#4863,#4864,#4865,#4866,#4867));
#4862 = ORIENTED_EDGE('',*,*,#2917,.F.);
#4863 = ORIENTED_EDGE('',*,*,#2862,.F.);
#4864 = ORIENTED_EDGE('',*,*,#2892,.F.);
#4865 = ORIENTED_EDGE('',*,*,#2838,.F.);
#4866 = ORIENTED_EDGE('',*,*,#2803,.F.);
#4867 = ORIENTED_EDGE('',*,*,#2784,.F.);
#4868 = CYLINDRICAL_SURFACE('',#4869,4.15);
#4869 = AXIS2_PLACEMENT_3D('',#4870,#4871,#4872);
#4870 = CARTESIAN_POINT('',(29.95,0.,-59.));
#4871 = DIRECTION('',(0.,0.,1.));
#4872 = DIRECTION('',(1.,0.,0.));
#4873 = ADVANCED_FACE('',(#4874),#4898,.T.);
#4874 = FACE_BOUND('',#4875,.T.);
#4875 = EDGE_LOOP('',(#4876,#4877,#4878,#4879,#4880,#4881,#4882,#4890,
    #4897));
#4876 = ORIENTED_EDGE('',*,*,#3220,.F.);
#4877 = ORIENTED_EDGE('',*,*,#4838,.F.);
#4878 = ORIENTED_EDGE('',*,*,#3553,.T.);
#4879 = ORIENTED_EDGE('',*,*,#4474,.T.);
#4880 = ORIENTED_EDGE('',*,*,#4465,.T.);
#4881 = ORIENTED_EDGE('',*,*,#4445,.F.);
#4882 = ORIENTED_EDGE('',*,*,#4883,.F.);
#4883 = EDGE_CURVE('',#4884,#4421,#4886,.T.);
#4884 = VERTEX_POINT('',#4885);
#4885 = CARTESIAN_POINT('',(29.945536183726,-4.95,-59.240852));
#4886 = LINE('',#4887,#4888);
#4887 = CARTESIAN_POINT('',(-29.957122,-4.95,-59.240852));
#4888 = VECTOR('',#4889,1.);
#4889 = DIRECTION('',(1.,0.,0.));
#4890 = ORIENTED_EDGE('',*,*,#4891,.F.);
#4891 = EDGE_CURVE('',#4815,#4884,#4892,.T.);
#4892 = CIRCLE('',#4893,6.5);
#4893 = AXIS2_PLACEMENT_3D('',#4894,#4895,#4896);
#4894 = CARTESIAN_POINT('',(23.45,-4.95,-59.));
#4895 = DIRECTION('',(0.,-1.,0.));
#4896 = DIRECTION('',(6.41E-15,0.,-1.));
#4897 = ORIENTED_EDGE('',*,*,#4814,.F.);
#4898 = TOROIDAL_SURFACE('',#4899,6.5,4.95);
#4899 = AXIS2_PLACEMENT_3D('',#4900,#4901,#4902);
#4900 = CARTESIAN_POINT('',(23.45,0.,-59.));
#4901 = DIRECTION('',(0.,-1.,0.));
#4902 = DIRECTION('',(0.,0.,-1.));
#4903 = ADVANCED_FACE('',(#4904),#4915,.F.);
#4904 = FACE_BOUND('',#4905,.F.);
#4905 = EDGE_LOOP('',(#4906,#4907,#4913,#4914));
#4906 = ORIENTED_EDGE('',*,*,#3732,.F.);
#4907 = ORIENTED_EDGE('',*,*,#4908,.T.);
#4908 = EDGE_CURVE('',#3725,#3801,#4909,.T.);
#4909 = LINE('',#4910,#4911);
#4910 = CARTESIAN_POINT('',(-24.957122,-8.579556474266,-6.902062633033)
  );
#4911 = VECTOR('',#4912,1.);
#4912 = DIRECTION('',(0.,-9.506517070341E-04,-0.999999548131));
#4913 = ORIENTED_EDGE('',*,*,#3800,.F.);
#4914 = ORIENTED_EDGE('',*,*,#3616,.F.);
#4915 = PLANE('',#4916);
#4916 = AXIS2_PLACEMENT_3D('',#4917,#4918,#4919);
#4917 = CARTESIAN_POINT('',(-24.957122,-6.922787561516,-9.790541126473)
  );
#4918 = DIRECTION('',(1.,0.,0.));
#4919 = DIRECTION('',(0.,0.,1.));
#4920 = ADVANCED_FACE('',(#4921),#4927,.F.);
#4921 = FACE_BOUND('',#4922,.F.);
#4922 = EDGE_LOOP('',(#4923,#4924,#4925,#4926));
#4923 = ORIENTED_EDGE('',*,*,#3640,.T.);
#4924 = ORIENTED_EDGE('',*,*,#3664,.T.);
#4925 = ORIENTED_EDGE('',*,*,#3679,.F.);
#4926 = ORIENTED_EDGE('',*,*,#3587,.F.);
#4927 = PLANE('',#4928);
#4928 = AXIS2_PLACEMENT_3D('',#4929,#4930,#4931);
#4929 = CARTESIAN_POINT('',(-6.275224,-8.25,17.885489));
#4930 = DIRECTION('',(1.,0.,0.));
#4931 = DIRECTION('',(0.,2.2E-16,1.));
#4932 = ADVANCED_FACE('',(#4933),#4963,.T.);
#4933 = FACE_BOUND('',#4934,.F.);
#4934 = EDGE_LOOP('',(#4935,#4936,#4937,#4945,#4952,#4953,#4954,#4955,
    #4962));
#4935 = ORIENTED_EDGE('',*,*,#4596,.F.);
#4936 = ORIENTED_EDGE('',*,*,#4646,.T.);
#4937 = ORIENTED_EDGE('',*,*,#4938,.T.);
#4938 = EDGE_CURVE('',#4647,#4939,#4941,.T.);
#4939 = VERTEX_POINT('',#4940);
#4940 = CARTESIAN_POINT('',(-28.957122,-8.95,-58.240852));
#4941 = LINE('',#4942,#4943);
#4942 = CARTESIAN_POINT('',(-28.957122,-8.95,37.742447));
#4943 = VECTOR('',#4944,1.);
#4944 = DIRECTION('',(0.,-2.2E-16,-1.));
#4945 = ORIENTED_EDGE('',*,*,#4946,.F.);
#4946 = EDGE_CURVE('',#4606,#4939,#4947,.T.);
#4947 = ELLIPSE('',#4948,1.414213562373,1.);
#4948 = AXIS2_PLACEMENT_3D('',#4949,#4950,#4951);
#4949 = CARTESIAN_POINT('',(-28.957122,-7.95,-58.240852));
#4950 = DIRECTION('',(-0.707106781187,1.6E-16,0.707106781187));
#4951 = DIRECTION('',(-0.707106781187,-1.6E-16,-0.707106781187));
#4952 = ORIENTED_EDGE('',*,*,#4605,.F.);
#4953 = ORIENTED_EDGE('',*,*,#3827,.T.);
#4954 = ORIENTED_EDGE('',*,*,#3817,.T.);
#4955 = ORIENTED_EDGE('',*,*,#4956,.T.);
#4956 = EDGE_CURVE('',#3810,#3696,#4957,.T.);
#4957 = ELLIPSE('',#4958,1.051909960926E+03,1.);
#4958 = AXIS2_PLACEMENT_3D('',#4959,#4960,#4961);
#4959 = CARTESIAN_POINT('',(-28.957122,-7.95,655.33436436837));
#4960 = DIRECTION('',(0.,0.999999548131,-9.506517070341E-04));
#4961 = DIRECTION('',(0.,-9.506517070341E-04,-0.999999548131));
#4962 = ORIENTED_EDGE('',*,*,#3695,.T.);
#4963 = CYLINDRICAL_SURFACE('',#4964,1.);
#4964 = AXIS2_PLACEMENT_3D('',#4965,#4966,#4967);
#4965 = CARTESIAN_POINT('',(-28.957122,-7.95,37.742447));
#4966 = DIRECTION('',(0.,-2.2E-16,-1.));
#4967 = DIRECTION('',(-1.,0.,0.));
#4968 = ADVANCED_FACE('',(#4969),#4975,.T.);
#4969 = FACE_BOUND('',#4970,.T.);
#4970 = EDGE_LOOP('',(#4971,#4972,#4973,#4974));
#4971 = ORIENTED_EDGE('',*,*,#4956,.T.);
#4972 = ORIENTED_EDGE('',*,*,#3724,.T.);
#4973 = ORIENTED_EDGE('',*,*,#4908,.T.);
#4974 = ORIENTED_EDGE('',*,*,#3809,.F.);
#4975 = PLANE('',#4976);
#4976 = AXIS2_PLACEMENT_3D('',#4977,#4978,#4979);
#4977 = CARTESIAN_POINT('',(-29.957122,-8.579556474266,-6.902062633033)
  );
#4978 = DIRECTION('',(0.,0.999999548131,-9.506517070341E-04));
#4979 = DIRECTION('',(0.,-9.506517070341E-04,-0.999999548131));
#4980 = ADVANCED_FACE('',(#4981,#4987),#4993,.F.);
#4981 = FACE_BOUND('',#4982,.F.);
#4982 = EDGE_LOOP('',(#4983,#4984,#4985,#4986));
#4983 = ORIENTED_EDGE('',*,*,#3916,.F.);
#4984 = ORIENTED_EDGE('',*,*,#3868,.F.);
#4985 = ORIENTED_EDGE('',*,*,#3899,.F.);
#4986 = ORIENTED_EDGE('',*,*,#3940,.F.);
#4987 = FACE_BOUND('',#4988,.F.);
#4988 = EDGE_LOOP('',(#4989,#4990,#4991,#4992));
#4989 = ORIENTED_EDGE('',*,*,#4700,.T.);
#4990 = ORIENTED_EDGE('',*,*,#4669,.T.);
#4991 = ORIENTED_EDGE('',*,*,#4724,.T.);
#4992 = ORIENTED_EDGE('',*,*,#4748,.T.);
#4993 = PLANE('',#4994);
#4994 = AXIS2_PLACEMENT_3D('',#4995,#4996,#4997);
#4995 = CARTESIAN_POINT('',(-16.705059,-6.106792,32.916506));
#4996 = DIRECTION('',(0.,0.,1.));
#4997 = DIRECTION('',(1.,0.,0.));
#4998 = ADVANCED_FACE('',(#4999),#5004,.T.);
#4999 = FACE_BOUND('',#5000,.T.);
#5000 = EDGE_LOOP('',(#5001,#5002,#5003));
#5001 = ORIENTED_EDGE('',*,*,#4363,.T.);
#5002 = ORIENTED_EDGE('',*,*,#4314,.F.);
#5003 = ORIENTED_EDGE('',*,*,#4103,.F.);
#5004 = PLANE('',#5005);
#5005 = AXIS2_PLACEMENT_3D('',#5006,#5007,#5008);
#5006 = CARTESIAN_POINT('',(11.055212,-4.95,50.50606963334));
#5007 = DIRECTION('',(0.,1.,0.));
#5008 = DIRECTION('',(0.,0.,1.));
#5009 = ADVANCED_FACE('',(#5010),#5037,.T.);
#5010 = FACE_BOUND('',#5011,.T.);
#5011 = EDGE_LOOP('',(#5012,#5013,#5014,#5022,#5031));
#5012 = ORIENTED_EDGE('',*,*,#4231,.T.);
#5013 = ORIENTED_EDGE('',*,*,#4210,.T.);
#5014 = ORIENTED_EDGE('',*,*,#5015,.F.);
#5015 = EDGE_CURVE('',#5016,#4213,#5018,.T.);
#5016 = VERTEX_POINT('',#5017);
#5017 = CARTESIAN_POINT('',(-35.3,1.5,40.55));
#5018 = LINE('',#5019,#5020);
#5019 = CARTESIAN_POINT('',(-35.3,1.5,40.55));
#5020 = VECTOR('',#5021,1.);
#5021 = DIRECTION('',(1.,0.,0.));
#5022 = ORIENTED_EDGE('',*,*,#5023,.T.);
#5023 = EDGE_CURVE('',#5016,#5024,#5026,.T.);
#5024 = VERTEX_POINT('',#5025);
#5025 = CARTESIAN_POINT('',(-35.3,-1.5,40.55));
#5026 = CIRCLE('',#5027,1.5);
#5027 = AXIS2_PLACEMENT_3D('',#5028,#5029,#5030);
#5028 = CARTESIAN_POINT('',(-35.3,-1.4E-15,40.55));
#5029 = DIRECTION('',(1.,-0.,0.));
#5030 = DIRECTION('',(0.,0.,-1.));
#5031 = ORIENTED_EDGE('',*,*,#5032,.T.);
#5032 = EDGE_CURVE('',#5024,#4232,#5033,.T.);
#5033 = LINE('',#5034,#5035);
#5034 = CARTESIAN_POINT('',(-35.3,-1.5,40.55));
#5035 = VECTOR('',#5036,1.);
#5036 = DIRECTION('',(1.,0.,0.));
#5037 = CYLINDRICAL_SURFACE('',#5038,1.5);
#5038 = AXIS2_PLACEMENT_3D('',#5039,#5040,#5041);
#5039 = CARTESIAN_POINT('',(-35.3,-1.4E-15,40.55));
#5040 = DIRECTION('',(1.,0.,0.));
#5041 = DIRECTION('',(0.,0.,-1.));
#5042 = ADVANCED_FACE('',(#5043),#5061,.T.);
#5043 = FACE_BOUND('',#5044,.T.);
#5044 = EDGE_LOOP('',(#5045,#5046,#5054,#5060));
#5045 = ORIENTED_EDGE('',*,*,#4296,.T.);
#5046 = ORIENTED_EDGE('',*,*,#5047,.F.);
#5047 = EDGE_CURVE('',#5048,#4278,#5050,.T.);
#5048 = VERTEX_POINT('',#5049);
#5049 = CARTESIAN_POINT('',(-35.3,1.5,29.35));
#5050 = LINE('',#5051,#5052);
#5051 = CARTESIAN_POINT('',(-35.3,1.5,29.35));
#5052 = VECTOR('',#5053,1.);
#5053 = DIRECTION('',(1.,0.,0.));
#5054 = ORIENTED_EDGE('',*,*,#5055,.T.);
#5055 = EDGE_CURVE('',#5048,#5016,#5056,.T.);
#5056 = LINE('',#5057,#5058);
#5057 = CARTESIAN_POINT('',(-35.3,1.5,40.55));
#5058 = VECTOR('',#5059,1.);
#5059 = DIRECTION('',(0.,-1.2E-16,1.));
#5060 = ORIENTED_EDGE('',*,*,#5015,.T.);
#5061 = PLANE('',#5062);
#5062 = AXIS2_PLACEMENT_3D('',#5063,#5064,#5065);
#5063 = CARTESIAN_POINT('',(-35.3,1.5,40.55));
#5064 = DIRECTION('',(0.,1.,1.2E-16));
#5065 = DIRECTION('',(0.,-1.2E-16,1.));
#5066 = ADVANCED_FACE('',(#5067),#5085,.T.);
#5067 = FACE_BOUND('',#5068,.T.);
#5068 = EDGE_LOOP('',(#5069,#5070,#5071,#5079));
#5069 = ORIENTED_EDGE('',*,*,#4250,.T.);
#5070 = ORIENTED_EDGE('',*,*,#5032,.F.);
#5071 = ORIENTED_EDGE('',*,*,#5072,.T.);
#5072 = EDGE_CURVE('',#5024,#5073,#5075,.T.);
#5073 = VERTEX_POINT('',#5074);
#5074 = CARTESIAN_POINT('',(-35.3,-1.5,29.35));
#5075 = LINE('',#5076,#5077);
#5076 = CARTESIAN_POINT('',(-35.3,-1.5,29.35));
#5077 = VECTOR('',#5078,1.);
#5078 = DIRECTION('',(0.,1.2E-16,-1.));
#5079 = ORIENTED_EDGE('',*,*,#5080,.T.);
#5080 = EDGE_CURVE('',#5073,#4251,#5081,.T.);
#5081 = LINE('',#5082,#5083);
#5082 = CARTESIAN_POINT('',(-35.3,-1.5,29.35));
#5083 = VECTOR('',#5084,1.);
#5084 = DIRECTION('',(1.,0.,0.));
#5085 = PLANE('',#5086);
#5086 = AXIS2_PLACEMENT_3D('',#5087,#5088,#5089);
#5087 = CARTESIAN_POINT('',(-35.3,-1.5,29.35));
#5088 = DIRECTION('',(0.,-1.,-1.2E-16));
#5089 = DIRECTION('',(0.,1.2E-16,-1.));
#5090 = ADVANCED_FACE('',(#5091),#5113,.T.);
#5091 = FACE_BOUND('',#5092,.T.);
#5092 = EDGE_LOOP('',(#5093,#5094,#5095,#5096,#5105,#5112));
#5093 = ORIENTED_EDGE('',*,*,#4277,.T.);
#5094 = ORIENTED_EDGE('',*,*,#4258,.T.);
#5095 = ORIENTED_EDGE('',*,*,#5080,.F.);
#5096 = ORIENTED_EDGE('',*,*,#5097,.T.);
#5097 = EDGE_CURVE('',#5073,#5098,#5100,.T.);
#5098 = VERTEX_POINT('',#5099);
#5099 = CARTESIAN_POINT('',(-35.3,0.,27.85));
#5100 = CIRCLE('',#5101,1.5);
#5101 = AXIS2_PLACEMENT_3D('',#5102,#5103,#5104);
#5102 = CARTESIAN_POINT('',(-35.3,-2.E-17,29.35));
#5103 = DIRECTION('',(1.,-0.,0.));
#5104 = DIRECTION('',(0.,0.,-1.));
#5105 = ORIENTED_EDGE('',*,*,#5106,.T.);
#5106 = EDGE_CURVE('',#5098,#5048,#5107,.T.);
#5107 = CIRCLE('',#5108,1.5);
#5108 = AXIS2_PLACEMENT_3D('',#5109,#5110,#5111);
#5109 = CARTESIAN_POINT('',(-35.3,-2.E-17,29.35));
#5110 = DIRECTION('',(1.,-0.,0.));
#5111 = DIRECTION('',(0.,0.,-1.));
#5112 = ORIENTED_EDGE('',*,*,#5047,.T.);
#5113 = CYLINDRICAL_SURFACE('',#5114,1.5);
#5114 = AXIS2_PLACEMENT_3D('',#5115,#5116,#5117);
#5115 = CARTESIAN_POINT('',(-35.3,-2.E-17,29.35));
#5116 = DIRECTION('',(1.,0.,0.));
#5117 = DIRECTION('',(0.,0.,-1.));
#5118 = ADVANCED_FACE('',(#5119),#5137,.F.);
#5119 = FACE_BOUND('',#5120,.F.);
#5120 = EDGE_LOOP('',(#5121,#5122,#5128,#5129,#5130,#5136));
#5121 = ORIENTED_EDGE('',*,*,#4613,.T.);
#5122 = ORIENTED_EDGE('',*,*,#5123,.T.);
#5123 = EDGE_CURVE('',#4606,#4423,#5124,.T.);
#5124 = LINE('',#5125,#5126);
#5125 = CARTESIAN_POINT('',(-29.957122,-7.95,-59.240852));
#5126 = VECTOR('',#5127,1.);
#5127 = DIRECTION('',(1.,0.,0.));
#5128 = ORIENTED_EDGE('',*,*,#4420,.F.);
#5129 = ORIENTED_EDGE('',*,*,#4883,.F.);
#5130 = ORIENTED_EDGE('',*,*,#5131,.F.);
#5131 = EDGE_CURVE('',#4785,#4884,#5132,.T.);
#5132 = LINE('',#5133,#5134);
#5133 = CARTESIAN_POINT('',(-29.957122,-4.95,-59.240852));
#5134 = VECTOR('',#5135,1.);
#5135 = DIRECTION('',(1.,0.,0.));
#5136 = ORIENTED_EDGE('',*,*,#4793,.F.);
#5137 = PLANE('',#5138);
#5138 = AXIS2_PLACEMENT_3D('',#5139,#5140,#5141);
#5139 = CARTESIAN_POINT('',(-29.957122,-4.95,-59.240852));
#5140 = DIRECTION('',(0.,2.2E-16,1.));
#5141 = DIRECTION('',(1.,0.,0.));
#5142 = ADVANCED_FACE('',(#5143),#5162,.T.);
#5143 = FACE_BOUND('',#5144,.F.);
#5144 = EDGE_LOOP('',(#5145,#5154,#5160,#5161));
#5145 = ORIENTED_EDGE('',*,*,#5146,.T.);
#5146 = EDGE_CURVE('',#4423,#5147,#5149,.T.);
#5147 = VERTEX_POINT('',#5148);
#5148 = CARTESIAN_POINT('',(28.966141,-8.95,-58.240852));
#5149 = ELLIPSE('',#5150,1.414213562373,1.);
#5150 = AXIS2_PLACEMENT_3D('',#5151,#5152,#5153);
#5151 = CARTESIAN_POINT('',(28.966141,-7.95,-58.240852));
#5152 = DIRECTION('',(-0.707106781187,-1.6E-16,-0.707106781187));
#5153 = DIRECTION('',(0.707106781187,-1.6E-16,-0.707106781187));
#5154 = ORIENTED_EDGE('',*,*,#5155,.T.);
#5155 = EDGE_CURVE('',#5147,#4637,#5156,.T.);
#5156 = LINE('',#5157,#5158);
#5157 = CARTESIAN_POINT('',(28.966141,-8.95,-59.240852));
#5158 = VECTOR('',#5159,1.);
#5159 = DIRECTION('',(0.,2.2E-16,1.));
#5160 = ORIENTED_EDGE('',*,*,#4636,.F.);
#5161 = ORIENTED_EDGE('',*,*,#4430,.F.);
#5162 = CYLINDRICAL_SURFACE('',#5163,1.);
#5163 = AXIS2_PLACEMENT_3D('',#5164,#5165,#5166);
#5164 = CARTESIAN_POINT('',(28.966141,-7.95,-59.240852));
#5165 = DIRECTION('',(0.,2.2E-16,1.));
#5166 = DIRECTION('',(1.,0.,0.));
#5167 = ADVANCED_FACE('',(#5168),#5204,.T.);
#5168 = FACE_BOUND('',#5169,.T.);
#5169 = EDGE_LOOP('',(#5170,#5181,#5190,#5196,#5197,#5198));
#5170 = ORIENTED_EDGE('',*,*,#5171,.F.);
#5171 = EDGE_CURVE('',#5172,#5174,#5176,.T.);
#5172 = VERTEX_POINT('',#5173);
#5173 = CARTESIAN_POINT('',(35.3,0.,16.621752815091));
#5174 = VERTEX_POINT('',#5175);
#5175 = CARTESIAN_POINT('',(35.3,1.5,18.121752815091));
#5176 = CIRCLE('',#5177,1.5);
#5177 = AXIS2_PLACEMENT_3D('',#5178,#5179,#5180);
#5178 = CARTESIAN_POINT('',(35.3,0.,18.121752815091));
#5179 = DIRECTION('',(1.,-0.,0.));
#5180 = DIRECTION('',(0.,0.,-1.));
#5181 = ORIENTED_EDGE('',*,*,#5182,.F.);
#5182 = EDGE_CURVE('',#5183,#5172,#5185,.T.);
#5183 = VERTEX_POINT('',#5184);
#5184 = CARTESIAN_POINT('',(35.3,-1.5,18.121752815091));
#5185 = CIRCLE('',#5186,1.5);
#5186 = AXIS2_PLACEMENT_3D('',#5187,#5188,#5189);
#5187 = CARTESIAN_POINT('',(35.3,0.,18.121752815091));
#5188 = DIRECTION('',(1.,-0.,0.));
#5189 = DIRECTION('',(0.,0.,-1.));
#5190 = ORIENTED_EDGE('',*,*,#5191,.F.);
#5191 = EDGE_CURVE('',#4507,#5183,#5192,.T.);
#5192 = LINE('',#5193,#5194);
#5193 = CARTESIAN_POINT('',(-35.701,-1.5,18.121752815091));
#5194 = VECTOR('',#5195,1.);
#5195 = DIRECTION('',(1.,0.,0.));
#5196 = ORIENTED_EDGE('',*,*,#4506,.F.);
#5197 = ORIENTED_EDGE('',*,*,#4483,.F.);
#5198 = ORIENTED_EDGE('',*,*,#5199,.T.);
#5199 = EDGE_CURVE('',#4484,#5174,#5200,.T.);
#5200 = LINE('',#5201,#5202);
#5201 = CARTESIAN_POINT('',(-35.701,1.5,18.121752815091));
#5202 = VECTOR('',#5203,1.);
#5203 = DIRECTION('',(1.,0.,0.));
#5204 = CYLINDRICAL_SURFACE('',#5205,1.5);
#5205 = AXIS2_PLACEMENT_3D('',#5206,#5207,#5208);
#5206 = CARTESIAN_POINT('',(-35.701,0.,18.121752815091));
#5207 = DIRECTION('',(1.,0.,0.));
#5208 = DIRECTION('',(0.,0.,-1.));
#5209 = ADVANCED_FACE('',(#5210),#5260,.T.);
#5210 = FACE_BOUND('',#5211,.T.);
#5211 = EDGE_LOOP('',(#5212,#5222,#5228,#5229,#5230,#5238,#5246,#5254));
#5212 = ORIENTED_EDGE('',*,*,#5213,.T.);
#5213 = EDGE_CURVE('',#5214,#5216,#5218,.T.);
#5214 = VERTEX_POINT('',#5215);
#5215 = CARTESIAN_POINT('',(34.7,1.5,27.881983177814));
#5216 = VERTEX_POINT('',#5217);
#5217 = CARTESIAN_POINT('',(35.3,1.5,27.881983177814));
#5218 = LINE('',#5219,#5220);
#5219 = CARTESIAN_POINT('',(34.7,1.5,27.881983177814));
#5220 = VECTOR('',#5221,1.);
#5221 = DIRECTION('',(1.,0.,0.));
#5222 = ORIENTED_EDGE('',*,*,#5223,.F.);
#5223 = EDGE_CURVE('',#5174,#5216,#5224,.T.);
#5224 = LINE('',#5225,#5226);
#5225 = CARTESIAN_POINT('',(35.3,1.5,38.598554630823));
#5226 = VECTOR('',#5227,1.);
#5227 = DIRECTION('',(0.,0.,1.));
#5228 = ORIENTED_EDGE('',*,*,#5199,.F.);
#5229 = ORIENTED_EDGE('',*,*,#4573,.F.);
#5230 = ORIENTED_EDGE('',*,*,#5231,.T.);
#5231 = EDGE_CURVE('',#4555,#5232,#5234,.T.);
#5232 = VERTEX_POINT('',#5233);
#5233 = CARTESIAN_POINT('',(35.3,1.5,38.598554630823));
#5234 = LINE('',#5235,#5236);
#5235 = CARTESIAN_POINT('',(-35.701,1.5,38.598554630823));
#5236 = VECTOR('',#5237,1.);
#5237 = DIRECTION('',(1.,0.,0.));
#5238 = ORIENTED_EDGE('',*,*,#5239,.F.);
#5239 = EDGE_CURVE('',#5240,#5232,#5242,.T.);
#5240 = VERTEX_POINT('',#5241);
#5241 = CARTESIAN_POINT('',(35.3,1.5,28.624332676202));
#5242 = LINE('',#5243,#5244);
#5243 = CARTESIAN_POINT('',(35.3,1.5,38.598554630823));
#5244 = VECTOR('',#5245,1.);
#5245 = DIRECTION('',(0.,0.,1.));
#5246 = ORIENTED_EDGE('',*,*,#5247,.F.);
#5247 = EDGE_CURVE('',#5248,#5240,#5250,.T.);
#5248 = VERTEX_POINT('',#5249);
#5249 = CARTESIAN_POINT('',(34.7,1.5,28.624332676202));
#5250 = LINE('',#5251,#5252);
#5251 = CARTESIAN_POINT('',(34.7,1.5,28.624332676202));
#5252 = VECTOR('',#5253,1.);
#5253 = DIRECTION('',(1.,0.,0.));
#5254 = ORIENTED_EDGE('',*,*,#5255,.F.);
#5255 = EDGE_CURVE('',#5214,#5248,#5256,.T.);
#5256 = LINE('',#5257,#5258);
#5257 = CARTESIAN_POINT('',(34.7,1.5,28.624332676202));
#5258 = VECTOR('',#5259,1.);
#5259 = DIRECTION('',(0.,0.,1.));
#5260 = PLANE('',#5261);
#5261 = AXIS2_PLACEMENT_3D('',#5262,#5263,#5264);
#5262 = CARTESIAN_POINT('',(-35.701,1.5,38.598554630823));
#5263 = DIRECTION('',(0.,1.,0.));
#5264 = DIRECTION('',(0.,0.,1.));
#5265 = ADVANCED_FACE('',(#5266),#5286,.T.);
#5266 = FACE_BOUND('',#5267,.T.);
#5267 = EDGE_LOOP('',(#5268,#5269,#5277,#5284,#5285));
#5268 = ORIENTED_EDGE('',*,*,#4533,.F.);
#5269 = ORIENTED_EDGE('',*,*,#5270,.T.);
#5270 = EDGE_CURVE('',#4526,#5271,#5273,.T.);
#5271 = VERTEX_POINT('',#5272);
#5272 = CARTESIAN_POINT('',(35.3,-1.5,38.598554630823));
#5273 = LINE('',#5274,#5275);
#5274 = CARTESIAN_POINT('',(-35.701,-1.5,38.598554630823));
#5275 = VECTOR('',#5276,1.);
#5276 = DIRECTION('',(1.,0.,0.));
#5277 = ORIENTED_EDGE('',*,*,#5278,.F.);
#5278 = EDGE_CURVE('',#5232,#5271,#5279,.T.);
#5279 = CIRCLE('',#5280,1.5);
#5280 = AXIS2_PLACEMENT_3D('',#5281,#5282,#5283);
#5281 = CARTESIAN_POINT('',(35.3,0.,38.598554630823));
#5282 = DIRECTION('',(1.,-0.,0.));
#5283 = DIRECTION('',(0.,0.,-1.));
#5284 = ORIENTED_EDGE('',*,*,#5231,.F.);
#5285 = ORIENTED_EDGE('',*,*,#4554,.F.);
#5286 = CYLINDRICAL_SURFACE('',#5287,1.5);
#5287 = AXIS2_PLACEMENT_3D('',#5288,#5289,#5290);
#5288 = CARTESIAN_POINT('',(-35.701,0.,38.598554630823));
#5289 = DIRECTION('',(1.,0.,0.));
#5290 = DIRECTION('',(0.,0.,-1.));
#5291 = ADVANCED_FACE('',(#5292),#5335,.T.);
#5292 = FACE_BOUND('',#5293,.T.);
#5293 = EDGE_LOOP('',(#5294,#5304,#5312,#5320,#5326,#5327,#5328,#5329));
#5294 = ORIENTED_EDGE('',*,*,#5295,.F.);
#5295 = EDGE_CURVE('',#5296,#5298,#5300,.T.);
#5296 = VERTEX_POINT('',#5297);
#5297 = CARTESIAN_POINT('',(34.7,-1.5,27.881983177814));
#5298 = VERTEX_POINT('',#5299);
#5299 = CARTESIAN_POINT('',(35.3,-1.5,27.881983177814));
#5300 = LINE('',#5301,#5302);
#5301 = CARTESIAN_POINT('',(34.7,-1.5,27.881983177814));
#5302 = VECTOR('',#5303,1.);
#5303 = DIRECTION('',(1.,0.,0.));
#5304 = ORIENTED_EDGE('',*,*,#5305,.F.);
#5305 = EDGE_CURVE('',#5306,#5296,#5308,.T.);
#5306 = VERTEX_POINT('',#5307);
#5307 = CARTESIAN_POINT('',(34.7,-1.5,28.624332676202));
#5308 = LINE('',#5309,#5310);
#5309 = CARTESIAN_POINT('',(34.7,-1.5,28.624332676202));
#5310 = VECTOR('',#5311,1.);
#5311 = DIRECTION('',(0.,0.,-1.));
#5312 = ORIENTED_EDGE('',*,*,#5313,.T.);
#5313 = EDGE_CURVE('',#5306,#5314,#5316,.T.);
#5314 = VERTEX_POINT('',#5315);
#5315 = CARTESIAN_POINT('',(35.3,-1.5,28.624332676202));
#5316 = LINE('',#5317,#5318);
#5317 = CARTESIAN_POINT('',(34.7,-1.5,28.624332676202));
#5318 = VECTOR('',#5319,1.);
#5319 = DIRECTION('',(1.,0.,0.));
#5320 = ORIENTED_EDGE('',*,*,#5321,.F.);
#5321 = EDGE_CURVE('',#5271,#5314,#5322,.T.);
#5322 = LINE('',#5323,#5324);
#5323 = CARTESIAN_POINT('',(35.3,-1.5,18.121752815091));
#5324 = VECTOR('',#5325,1.);
#5325 = DIRECTION('',(-0.,-0.,-1.));
#5326 = ORIENTED_EDGE('',*,*,#5270,.F.);
#5327 = ORIENTED_EDGE('',*,*,#4525,.F.);
#5328 = ORIENTED_EDGE('',*,*,#5191,.T.);
#5329 = ORIENTED_EDGE('',*,*,#5330,.F.);
#5330 = EDGE_CURVE('',#5298,#5183,#5331,.T.);
#5331 = LINE('',#5332,#5333);
#5332 = CARTESIAN_POINT('',(35.3,-1.5,18.121752815091));
#5333 = VECTOR('',#5334,1.);
#5334 = DIRECTION('',(-0.,-0.,-1.));
#5335 = PLANE('',#5336);
#5336 = AXIS2_PLACEMENT_3D('',#5337,#5338,#5339);
#5337 = CARTESIAN_POINT('',(-35.701,-1.5,18.121752815091));
#5338 = DIRECTION('',(0.,-1.,0.));
#5339 = DIRECTION('',(0.,0.,-1.));
#5340 = ADVANCED_FACE('',(#5341),#5352,.F.);
#5341 = FACE_BOUND('',#5342,.F.);
#5342 = EDGE_LOOP('',(#5343,#5344,#5345,#5346));
#5343 = ORIENTED_EDGE('',*,*,#4938,.F.);
#5344 = ORIENTED_EDGE('',*,*,#4655,.F.);
#5345 = ORIENTED_EDGE('',*,*,#5155,.F.);
#5346 = ORIENTED_EDGE('',*,*,#5347,.F.);
#5347 = EDGE_CURVE('',#4939,#5147,#5348,.T.);
#5348 = LINE('',#5349,#5350);
#5349 = CARTESIAN_POINT('',(-29.957122,-8.95,-58.240852));
#5350 = VECTOR('',#5351,1.);
#5351 = DIRECTION('',(1.,0.,0.));
#5352 = PLANE('',#5353);
#5353 = AXIS2_PLACEMENT_3D('',#5354,#5355,#5356);
#5354 = CARTESIAN_POINT('',(4.509500000003E-03,-8.95,-10.7492025));
#5355 = DIRECTION('',(0.,1.,0.));
#5356 = DIRECTION('',(0.,0.,1.));
#5357 = ADVANCED_FACE('',(#5358),#5364,.F.);
#5358 = FACE_BOUND('',#5359,.F.);
#5359 = EDGE_LOOP('',(#5360,#5361,#5362,#5363));
#5360 = ORIENTED_EDGE('',*,*,#4784,.F.);
#5361 = ORIENTED_EDGE('',*,*,#5131,.T.);
#5362 = ORIENTED_EDGE('',*,*,#4891,.F.);
#5363 = ORIENTED_EDGE('',*,*,#4823,.F.);
#5364 = PLANE('',#5365);
#5365 = AXIS2_PLACEMENT_3D('',#5366,#5367,#5368);
#5366 = CARTESIAN_POINT('',(0.,-4.95,0.));
#5367 = DIRECTION('',(0.,1.,0.));
#5368 = DIRECTION('',(0.,0.,1.));
#5369 = ADVANCED_FACE('',(#5370),#5376,.T.);
#5370 = FACE_BOUND('',#5371,.F.);
#5371 = EDGE_LOOP('',(#5372,#5373,#5374,#5375));
#5372 = ORIENTED_EDGE('',*,*,#4946,.T.);
#5373 = ORIENTED_EDGE('',*,*,#5347,.T.);
#5374 = ORIENTED_EDGE('',*,*,#5146,.F.);
#5375 = ORIENTED_EDGE('',*,*,#5123,.F.);
#5376 = CYLINDRICAL_SURFACE('',#5377,1.);
#5377 = AXIS2_PLACEMENT_3D('',#5378,#5379,#5380);
#5378 = CARTESIAN_POINT('',(-29.957122,-7.95,-58.240852));
#5379 = DIRECTION('',(1.,0.,0.));
#5380 = DIRECTION('',(0.,-2.2E-16,-1.));
#5381 = ADVANCED_FACE('',(#5382),#5389,.F.);
#5382 = FACE_BOUND('',#5383,.T.);
#5383 = EDGE_LOOP('',(#5384,#5385,#5386,#5387,#5388));
#5384 = ORIENTED_EDGE('',*,*,#5097,.F.);
#5385 = ORIENTED_EDGE('',*,*,#5072,.F.);
#5386 = ORIENTED_EDGE('',*,*,#5023,.F.);
#5387 = ORIENTED_EDGE('',*,*,#5055,.F.);
#5388 = ORIENTED_EDGE('',*,*,#5106,.F.);
#5389 = PLANE('',#5390);
#5390 = AXIS2_PLACEMENT_3D('',#5391,#5392,#5393);
#5391 = CARTESIAN_POINT('',(-35.3,-2.E-17,29.35));
#5392 = DIRECTION('',(1.,0.,0.));
#5393 = DIRECTION('',(0.,0.,-1.));
#5394 = ADVANCED_FACE('',(#5395),#5407,.T.);
#5395 = FACE_BOUND('',#5396,.T.);
#5396 = EDGE_LOOP('',(#5397,#5403,#5404,#5405,#5406));
#5397 = ORIENTED_EDGE('',*,*,#5398,.F.);
#5398 = EDGE_CURVE('',#5298,#5216,#5399,.T.);
#5399 = LINE('',#5400,#5401);
#5400 = CARTESIAN_POINT('',(35.3,-1.5,27.881983177814));
#5401 = VECTOR('',#5402,1.);
#5402 = DIRECTION('',(0.,1.,0.));
#5403 = ORIENTED_EDGE('',*,*,#5330,.T.);
#5404 = ORIENTED_EDGE('',*,*,#5182,.T.);
#5405 = ORIENTED_EDGE('',*,*,#5171,.T.);
#5406 = ORIENTED_EDGE('',*,*,#5223,.T.);
#5407 = PLANE('',#5408);
#5408 = AXIS2_PLACEMENT_3D('',#5409,#5410,#5411);
#5409 = CARTESIAN_POINT('',(35.3,0.,18.121752815091));
#5410 = DIRECTION('',(1.,0.,0.));
#5411 = DIRECTION('',(0.,0.,-1.));
#5412 = ADVANCED_FACE('',(#5413),#5424,.F.);
#5413 = FACE_BOUND('',#5414,.T.);
#5414 = EDGE_LOOP('',(#5415,#5416,#5417,#5423));
#5415 = ORIENTED_EDGE('',*,*,#5398,.T.);
#5416 = ORIENTED_EDGE('',*,*,#5213,.F.);
#5417 = ORIENTED_EDGE('',*,*,#5418,.F.);
#5418 = EDGE_CURVE('',#5296,#5214,#5419,.T.);
#5419 = LINE('',#5420,#5421);
#5420 = CARTESIAN_POINT('',(34.7,-1.5,27.881983177814));
#5421 = VECTOR('',#5422,1.);
#5422 = DIRECTION('',(0.,1.,0.));
#5423 = ORIENTED_EDGE('',*,*,#5295,.T.);
#5424 = PLANE('',#5425);
#5425 = AXIS2_PLACEMENT_3D('',#5426,#5427,#5428);
#5426 = CARTESIAN_POINT('',(34.7,-1.5,27.881983177814));
#5427 = DIRECTION('',(0.,0.,-1.));
#5428 = DIRECTION('',(-1.,0.,0.));
#5429 = ADVANCED_FACE('',(#5430),#5441,.T.);
#5430 = FACE_BOUND('',#5431,.T.);
#5431 = EDGE_LOOP('',(#5432,#5438,#5439,#5440));
#5432 = ORIENTED_EDGE('',*,*,#5433,.F.);
#5433 = EDGE_CURVE('',#5240,#5314,#5434,.T.);
#5434 = LINE('',#5435,#5436);
#5435 = CARTESIAN_POINT('',(35.3,-1.5,28.624332676202));
#5436 = VECTOR('',#5437,1.);
#5437 = DIRECTION('',(-0.,-1.,-0.));
#5438 = ORIENTED_EDGE('',*,*,#5239,.T.);
#5439 = ORIENTED_EDGE('',*,*,#5278,.T.);
#5440 = ORIENTED_EDGE('',*,*,#5321,.T.);
#5441 = PLANE('',#5442);
#5442 = AXIS2_PLACEMENT_3D('',#5443,#5444,#5445);
#5443 = CARTESIAN_POINT('',(35.3,0.,18.121752815091));
#5444 = DIRECTION('',(1.,0.,0.));
#5445 = DIRECTION('',(0.,0.,-1.));
#5446 = ADVANCED_FACE('',(#5447),#5458,.F.);
#5447 = FACE_BOUND('',#5448,.T.);
#5448 = EDGE_LOOP('',(#5449,#5450,#5451,#5457));
#5449 = ORIENTED_EDGE('',*,*,#5433,.T.);
#5450 = ORIENTED_EDGE('',*,*,#5313,.F.);
#5451 = ORIENTED_EDGE('',*,*,#5452,.F.);
#5452 = EDGE_CURVE('',#5248,#5306,#5453,.T.);
#5453 = LINE('',#5454,#5455);
#5454 = CARTESIAN_POINT('',(34.7,-1.5,28.624332676202));
#5455 = VECTOR('',#5456,1.);
#5456 = DIRECTION('',(-0.,-1.,-0.));
#5457 = ORIENTED_EDGE('',*,*,#5247,.T.);
#5458 = PLANE('',#5459);
#5459 = AXIS2_PLACEMENT_3D('',#5460,#5461,#5462);
#5460 = CARTESIAN_POINT('',(34.7,-1.5,28.624332676202));
#5461 = DIRECTION('',(0.,0.,1.));
#5462 = DIRECTION('',(1.,0.,0.));
#5463 = ADVANCED_FACE('',(#5464),#5470,.F.);
#5464 = FACE_BOUND('',#5465,.T.);
#5465 = EDGE_LOOP('',(#5466,#5467,#5468,#5469));
#5466 = ORIENTED_EDGE('',*,*,#5418,.T.);
#5467 = ORIENTED_EDGE('',*,*,#5255,.T.);
#5468 = ORIENTED_EDGE('',*,*,#5452,.T.);
#5469 = ORIENTED_EDGE('',*,*,#5305,.T.);
#5470 = PLANE('',#5471);
#5471 = AXIS2_PLACEMENT_3D('',#5472,#5473,#5474);
#5472 = CARTESIAN_POINT('',(34.7,0.,0.));
#5473 = DIRECTION('',(-1.,0.,0.));
#5474 = DIRECTION('',(0.,0.,1.));
#5475 = ( GEOMETRIC_REPRESENTATION_CONTEXT(3) 
GLOBAL_UNCERTAINTY_ASSIGNED_CONTEXT((#5479)) 
GLOBAL_UNIT_ASSIGNED_CONTEXT((#5476,#5477,#5478)) REPRESENTATION_CONTEXT
('Context #1','3D Context with UNIT and UNCERTAINTY') );
#5476 = ( LENGTH_UNIT() NAMED_UNIT(*) SI_UNIT(.MILLI.,.METRE.) );
#5477 = ( NAMED_UNIT(*) PLANE_ANGLE_UNIT() SI_UNIT($,.RADIAN.) );
#5478 = ( NAMED_UNIT(*) SI_UNIT($,.STERADIAN.) SOLID_ANGLE_UNIT() );
#5479 = UNCERTAINTY_MEASURE_WITH_UNIT(LENGTH_MEASURE(5.E-05),#5476,
  'distance_accuracy_value','confusion accuracy');
#5480 = PRODUCT_RELATED_PRODUCT_CATEGORY('part',$,(#7));
#5481 = MECHANICAL_DESIGN_GEOMETRIC_PRESENTATION_REPRESENTATION('',(
    #5482),#5475);
#5482 = STYLED_ITEM('color',(#5483),#15);
#5483 = PRESENTATION_STYLE_ASSIGNMENT((#5484,#5490));
#5484 = SURFACE_STYLE_USAGE(.BOTH.,#5485);
#5485 = SURFACE_SIDE_STYLE('',(#5486));
#5486 = SURFACE_STYLE_FILL_AREA(#5487);
#5487 = FILL_AREA_STYLE('',(#5488));
#5488 = FILL_AREA_STYLE_COLOUR('',#5489);
#5489 = COLOUR_RGB('',0.800000010877,0.800000010877,0.901960800373);
#5490 = CURVE_STYLE('',#5491,POSITIVE_LENGTH_MEASURE(0.1),#5492);
#5491 = DRAUGHTING_PRE_DEFINED_CURVE_FONT('continuous');
#5492 = COLOUR_RGB('',9.803921802644E-02,9.803921802644E-02,
  9.803921802644E-02);
ENDSEC;
END-ISO-10303-21;
